id,kode_provinsi,nama_provinsi,bps_kode_kabupaten_kota,bps_nama_kabupaten_kota,bps_kode_kecamatan,bps_nama_kecamatan,kemendagri_kode_kecamatan,kemendagri_nama_kecamatan,nama_komplek_perumahan,jumlah_unit,satuan,tahun
1,32,JAWA BARAT,3273,KOTA BANDUNG,3273180,ANDIR,32.73.05,ANDIR,ANDIR SWADAYA,38,UNIT,2023
2,32,JAWA BARAT,3273,KOTA BANDUNG,3273180,ANDIR,32.73.05,ANDIR,BURUNG TUNGKU,8,UNIT,2023
3,32,JAWA BARAT,3273,KOTA BANDUNG,3273180,ANDIR,32.73.05,ANDIR,CEMPAKA HIJAU,77,UNIT,2023
4,32,JAWA BARAT,3273,KOTA BANDUNG,3273180,ANDIR,32.73.05,ANDIR,KERTA LAKSANA,63,UNIT,2023
5,32,JAWA BARAT,3273,KOTA BANDUNG,3273180,ANDIR,32.73.05,ANDIR,KOMPLEK CENDRAWASIH,63,UNIT,2023
6,32,JAWA BARAT,3273,KOTA BANDUNG,3273180,ANDIR,32.73.05,ANDIR,KOMPLEK DADALI,476,UNIT,2023
7,32,JAWA BARAT,3273,KOTA BANDUNG,3273180,ANDIR,32.73.05,ANDIR,KOMPLEK ELANG,44,UNIT,2023
8,32,JAWA BARAT,3273,KOTA BANDUNG,3273180,ANDIR,32.73.05,ANDIR,KOMPLEK GARUDA,76,UNIT,2023
9,32,JAWA BARAT,3273,KOTA BANDUNG,3273180,ANDIR,32.73.05,ANDIR,KOMPLEK PJKA,402,UNIT,2023
10,32,JAWA BARAT,3273,KOTA BANDUNG,3273180,ANDIR,32.73.05,ANDIR,KOMPLEK SAPTAMARGA,172,UNIT,2023
11,32,JAWA BARAT,3273,KOTA BANDUNG,3273180,ANDIR,32.73.05,ANDIR,MALTRA RESIDEN,79,UNIT,2023
12,32,JAWA BARAT,3273,KOTA BANDUNG,3273180,ANDIR,32.73.05,ANDIR,MY HOME GUNUNG BATU,33,UNIT,2023
13,32,JAWA BARAT,3273,KOTA BANDUNG,3273180,ANDIR,32.73.05,ANDIR,RAJAWALI SAKTI I,142,UNIT,2023
14,32,JAWA BARAT,3273,KOTA BANDUNG,3273180,ANDIR,32.73.05,ANDIR,RAJAWALI SAKTI PERMAI,36,UNIT,2023
15,32,JAWA BARAT,3273,KOTA BANDUNG,3273180,ANDIR,32.73.05,ANDIR,SUDIRMAN SUITES APARTMENT (APARTEMEN),0,UNIT,2023
16,32,JAWA BARAT,3273,KOTA BANDUNG,3273180,ANDIR,32.73.05,ANDIR,SUDIRMAN TOWN HOUSE,78,UNIT,2023
17,32,JAWA BARAT,3273,KOTA BANDUNG,3273180,ANDIR,32.73.05,ANDIR,TAMAN PESONA MEDITERAN,66,UNIT,2023
18,32,JAWA BARAT,3273,KOTA BANDUNG,3273141,ANTAPANI,32.73.20,ANTAPANI,ANTAPANI CITY,130,UNIT,2023
19,32,JAWA BARAT,3273,KOTA BANDUNG,3273141,ANTAPANI,32.73.20,ANTAPANI,ANTAPANI CITY RESIDENCE,130,UNIT,2023
20,32,JAWA BARAT,3273,KOTA BANDUNG,3273141,ANTAPANI,32.73.20,ANTAPANI,ANTAPANI REGENCY,103,UNIT,2023
21,32,JAWA BARAT,3273,KOTA BANDUNG,3273141,ANTAPANI,32.73.20,ANTAPANI,ANTAPANI RESIDENCE,30,UNIT,2023
22,32,JAWA BARAT,3273,KOTA BANDUNG,3273141,ANTAPANI,32.73.20,ANTAPANI,ANTAPANI TOWNHOUSE,80,UNIT,2023
23,32,JAWA BARAT,3273,KOTA BANDUNG,3273141,ANTAPANI,32.73.20,ANTAPANI,APARTEMEN MENARA ANTAPANI (APARTEMEN),0,UNIT,2023
24,32,JAWA BARAT,3273,KOTA BANDUNG,3273141,ANTAPANI,32.73.20,ANTAPANI,BUMI MAS KENCANA,105,UNIT,2023
25,32,JAWA BARAT,3273,KOTA BANDUNG,3273141,ANTAPANI,32.73.20,ANTAPANI,BUNI SARI ASRI,27,UNIT,2023
26,32,JAWA BARAT,3273,KOTA BANDUNG,3273141,ANTAPANI,32.73.20,ANTAPANI,CASA DE ESTA,34,UNIT,2023
27,32,JAWA BARAT,3273,KOTA BANDUNG,3273141,ANTAPANI,32.73.20,ANTAPANI,CLUSTER ANTAPANI MAKMUR,21,UNIT,2023
28,32,JAWA BARAT,3273,KOTA BANDUNG,3273141,ANTAPANI,32.73.20,ANTAPANI,DE LAVENDER,102,UNIT,2023
29,32,JAWA BARAT,3273,KOTA BANDUNG,3273141,ANTAPANI,32.73.20,ANTAPANI,FLORENCE RESIDENCE,26,UNIT,2023
30,32,JAWA BARAT,3273,KOTA BANDUNG,3273141,ANTAPANI,32.73.20,ANTAPANI,GRAND ANTAPANI TOWN HOUSE,204,UNIT,2023
31,32,JAWA BARAT,3273,KOTA BANDUNG,3273141,ANTAPANI,32.73.20,ANTAPANI,GRIYA BUMI ANTAPANI,5952,UNIT,2023
32,32,JAWA BARAT,3273,KOTA BANDUNG,3273141,ANTAPANI,32.73.20,ANTAPANI,KOMPLEK BELLEZA,90,UNIT,2023
33,32,JAWA BARAT,3273,KOTA BANDUNG,3273141,ANTAPANI,32.73.20,ANTAPANI,KOMPLEK BOUGENVILLE,158,UNIT,2023
34,32,JAWA BARAT,3273,KOTA BANDUNG,3273141,ANTAPANI,32.73.20,ANTAPANI,KOMPLEK HARMONI,15,UNIT,2023
35,32,JAWA BARAT,3273,KOTA BANDUNG,3273141,ANTAPANI,32.73.20,ANTAPANI,KOMPLEK KALIJATI,0,UNIT,2023
36,32,JAWA BARAT,3273,KOTA BANDUNG,3273141,ANTAPANI,32.73.20,ANTAPANI,KOMPLEK TANJUNGSARI,228,UNIT,2023
37,32,JAWA BARAT,3273,KOTA BANDUNG,3273141,ANTAPANI,32.73.20,ANTAPANI,MITRA DAGO PARAHYANGAN,230,UNIT,2023
38,32,JAWA BARAT,3273,KOTA BANDUNG,3273141,ANTAPANI,32.73.20,ANTAPANI,MITRA RESIDENCE ANTAPANI,54,UNIT,2023
39,32,JAWA BARAT,3273,KOTA BANDUNG,3273141,ANTAPANI,32.73.20,ANTAPANI,MUTIARA ANTAPANI,48,UNIT,2023
40,32,JAWA BARAT,3273,KOTA BANDUNG,3273141,ANTAPANI,32.73.20,ANTAPANI,PARADISE REGENCY,100,UNIT,2023
41,32,JAWA BARAT,3273,KOTA BANDUNG,3273141,ANTAPANI,32.73.20,ANTAPANI,PARAKAN MAS,342,UNIT,2023
42,32,JAWA BARAT,3273,KOTA BANDUNG,3273141,ANTAPANI,32.73.20,ANTAPANI,PELANGI ANTAPANI,500,UNIT,2023
43,32,JAWA BARAT,3273,KOTA BANDUNG,3273141,ANTAPANI,32.73.20,ANTAPANI,PRATISTA ANTAPANI,150,UNIT,2023
44,32,JAWA BARAT,3273,KOTA BANDUNG,3273141,ANTAPANI,32.73.20,ANTAPANI,PRATISTA II,408,UNIT,2023
45,32,JAWA BARAT,3273,KOTA BANDUNG,3273141,ANTAPANI,32.73.20,ANTAPANI,PURI DAGO ASRI,429,UNIT,2023
46,32,JAWA BARAT,3273,KOTA BANDUNG,3273141,ANTAPANI,32.73.20,ANTAPANI,PURI DAGO MAS,729,UNIT,2023
47,32,JAWA BARAT,3273,KOTA BANDUNG,3273141,ANTAPANI,32.73.20,ANTAPANI,PURI PERMATA,85,UNIT,2023
48,32,JAWA BARAT,3273,KOTA BANDUNG,3273141,ANTAPANI,32.73.20,ANTAPANI,SETRA DAGO,549,UNIT,2023
49,32,JAWA BARAT,3273,KOTA BANDUNG,3273141,ANTAPANI,32.73.20,ANTAPANI,SETRA MAKMUR,17,UNIT,2023
50,32,JAWA BARAT,3273,KOTA BANDUNG,3273141,ANTAPANI,32.73.20,ANTAPANI,SINDANG SARI ASRI,64,UNIT,2023
51,32,JAWA BARAT,3273,KOTA BANDUNG,3273141,ANTAPANI,32.73.20,ANTAPANI,SINDANG SARI ASRI II,48,UNIT,2023
52,32,JAWA BARAT,3273,KOTA BANDUNG,3273141,ANTAPANI,32.73.20,ANTAPANI,SWEET ANTAPANI RESIDENCE,117,UNIT,2023
53,32,JAWA BARAT,3273,KOTA BANDUNG,3273141,ANTAPANI,32.73.20,ANTAPANI,TANJUNG SARI ASRI RESIDENCE,250,UNIT,2023
54,32,JAWA BARAT,3273,KOTA BANDUNG,3273141,ANTAPANI,32.73.20,ANTAPANI,THE MANSION,66,UNIT,2023
55,32,JAWA BARAT,3273,KOTA BANDUNG,3273130,ARCAMANIK,32.73.24,ARCAMANIK,ALFA GARDEN,12,UNIT,2023
56,32,JAWA BARAT,3273,KOTA BANDUNG,3273130,ARCAMANIK,32.73.24,ARCAMANIK,ANTA BARU II,155,UNIT,2023
57,32,JAWA BARAT,3273,KOTA BANDUNG,3273130,ARCAMANIK,32.73.24,ARCAMANIK,APARTEMEN PANORAMIC (APARTEMEN),0,UNIT,2023
58,32,JAWA BARAT,3273,KOTA BANDUNG,3273130,ARCAMANIK,32.73.24,ARCAMANIK,CISARANTEN LNDAH,82,UNIT,2023
59,32,JAWA BARAT,3273,KOTA BANDUNG,3273130,ARCAMANIK,32.73.24,ARCAMANIK,CLUSTER CISARANTEN,0,UNIT,2023
60,32,JAWA BARAT,3273,KOTA BANDUNG,3273130,ARCAMANIK,32.73.24,ARCAMANIK,CLUSTER KINARASTI,0,UNIT,2023
61,32,JAWA BARAT,3273,KOTA BANDUNG,3273130,ARCAMANIK,32.73.24,ARCAMANIK,CLUSTER PAWENANG,125,UNIT,2023
62,32,JAWA BARAT,3273,KOTA BANDUNG,3273130,ARCAMANIK,32.73.24,ARCAMANIK,D' CASA GRANDE,60,UNIT,2023
63,32,JAWA BARAT,3273,KOTA BANDUNG,3273130,ARCAMANIK,32.73.24,ARCAMANIK,DE LA ROSE,40,UNIT,2023
64,32,JAWA BARAT,3273,KOTA BANDUNG,3273130,ARCAMANIK,32.73.24,ARCAMANIK,EDELWEISS TOWNHOUSE,0,UNIT,2023
65,32,JAWA BARAT,3273,KOTA BANDUNG,3273130,ARCAMANIK,32.73.24,ARCAMANIK,EVERGREEN TOWNHOUSE,50,UNIT,2023
66,32,JAWA BARAT,3273,KOTA BANDUNG,3273130,ARCAMANIK,32.73.24,ARCAMANIK,GANDASARI RESIDENCE,6,UNIT,2023
67,32,JAWA BARAT,3273,KOTA BANDUNG,3273130,ARCAMANIK,32.73.24,ARCAMANIK,GRAND PINUS REGENCY,1749,UNIT,2023
68,32,JAWA BARAT,3273,KOTA BANDUNG,3273130,ARCAMANIK,32.73.24,ARCAMANIK,GREEN CARAKA,167,UNIT,2023
69,32,JAWA BARAT,3273,KOTA BANDUNG,3273130,ARCAMANIK,32.73.24,ARCAMANIK,GREEN CISARANTEN,0,UNIT,2023
70,32,JAWA BARAT,3273,KOTA BANDUNG,3273130,ARCAMANIK,32.73.24,ARCAMANIK,GRIYA ASRI,70,UNIT,2023
71,32,JAWA BARAT,3273,KOTA BANDUNG,3273130,ARCAMANIK,32.73.24,ARCAMANIK,GRIYA CARAKA,500,UNIT,2023
72,32,JAWA BARAT,3273,KOTA BANDUNG,3273130,ARCAMANIK,32.73.24,ARCAMANIK,INDAH MULIA,11,UNIT,2023
73,32,JAWA BARAT,3273,KOTA BANDUNG,3273130,ARCAMANIK,32.73.24,ARCAMANIK,KAMAYANGAN RESIDENCE,215,UNIT,2023
74,32,JAWA BARAT,3273,KOTA BANDUNG,3273130,ARCAMANIK,32.73.24,ARCAMANIK,KAWALI ESTATE,6,UNIT,2023
75,32,JAWA BARAT,3273,KOTA BANDUNG,3273130,ARCAMANIK,32.73.24,ARCAMANIK,KOMPLEK AMARILIS,11,UNIT,2023
76,32,JAWA BARAT,3273,KOTA BANDUNG,3273130,ARCAMANIK,32.73.24,ARCAMANIK,KOMPLEK CISARANTEN,0,UNIT,2023
77,32,JAWA BARAT,3273,KOTA BANDUNG,3273130,ARCAMANIK,32.73.24,ARCAMANIK,KOMPLEK GURUMINDA,250,UNIT,2023
78,32,JAWA BARAT,3273,KOTA BANDUNG,3273130,ARCAMANIK,32.73.24,ARCAMANIK,KOMPLEK NIRWANA,60,UNIT,2023
79,32,JAWA BARAT,3273,KOTA BANDUNG,3273130,ARCAMANIK,32.73.24,ARCAMANIK,KOMPLEK PRANAYA,50,UNIT,2023
80,32,JAWA BARAT,3273,KOTA BANDUNG,3273130,ARCAMANIK,32.73.24,ARCAMANIK,MEDINA ANTAPANI MAKMUR,38,UNIT,2023
81,32,JAWA BARAT,3273,KOTA BANDUNG,3273130,ARCAMANIK,32.73.24,ARCAMANIK,MITRA MANUNGGAL,16,UNIT,2023
82,32,JAWA BARAT,3273,KOTA BANDUNG,3273130,ARCAMANIK,32.73.24,ARCAMANIK,MY HOME ARCAMANIK,95,UNIT,2023
83,32,JAWA BARAT,3273,KOTA BANDUNG,3273130,ARCAMANIK,32.73.24,ARCAMANIK,PANORAMA ALAM PARAHYANGAN,90,UNIT,2023
84,32,JAWA BARAT,3273,KOTA BANDUNG,3273130,ARCAMANIK,32.73.24,ARCAMANIK,PARAKAN ASRI,85,UNIT,2023
85,32,JAWA BARAT,3273,KOTA BANDUNG,3273130,ARCAMANIK,32.73.24,ARCAMANIK,PARAKAN AYU,315,UNIT,2023
86,32,JAWA BARAT,3273,KOTA BANDUNG,3273130,ARCAMANIK,32.73.24,ARCAMANIK,PERMATA ARCAMANIK,80,UNIT,2023
87,32,JAWA BARAT,3273,KOTA BANDUNG,3273130,ARCAMANIK,32.73.24,ARCAMANIK,PERMATA LNDAH ARCAMANIK,49,UNIT,2023
88,32,JAWA BARAT,3273,KOTA BANDUNG,3273130,ARCAMANIK,32.73.24,ARCAMANIK,PERMATA MULYA RESIDENCE,25,UNIT,2023
89,32,JAWA BARAT,3273,KOTA BANDUNG,3273130,ARCAMANIK,32.73.24,ARCAMANIK,PESONA ARCAMANIK PERMAI,125,UNIT,2023
90,32,JAWA BARAT,3273,KOTA BANDUNG,3273130,ARCAMANIK,32.73.24,ARCAMANIK,PESONA CISARANTEN INDAH,134,UNIT,2023
91,32,JAWA BARAT,3273,KOTA BANDUNG,3273130,ARCAMANIK,32.73.24,ARCAMANIK,PURI AYU PRATAMA,140,UNIT,2023
92,32,JAWA BARAT,3273,KOTA BANDUNG,3273130,ARCAMANIK,32.73.24,ARCAMANIK,PURI CISARANTEN,0,UNIT,2023
93,32,JAWA BARAT,3273,KOTA BANDUNG,3273130,ARCAMANIK,32.73.24,ARCAMANIK,PURI DAGO,390,UNIT,2023
94,32,JAWA BARAT,3273,KOTA BANDUNG,3273130,ARCAMANIK,32.73.24,ARCAMANIK,PUTERACO GADING REGENCY,320,UNIT,2023
95,32,JAWA BARAT,3273,KOTA BANDUNG,3273130,ARCAMANIK,32.73.24,ARCAMANIK,SARIMAS REGENCY,250,UNIT,2023
96,32,JAWA BARAT,3273,KOTA BANDUNG,3273130,ARCAMANIK,32.73.24,ARCAMANIK,TAMAN GOLF ARCAMANIK ENDAH,2381,UNIT,2023
97,32,JAWA BARAT,3273,KOTA BANDUNG,3273050,ASTANAANYAR,32.73.10,ASTANA ANYAR,JATI PERMAI,95,UNIT,2023
98,32,JAWA BARAT,3273,KOTA BANDUNG,3273050,ASTANAANYAR,32.73.10,ASTANA ANYAR,KARASAK BARU,80,UNIT,2023
99,32,JAWA BARAT,3273,KOTA BANDUNG,3273050,ASTANAANYAR,32.73.10,ASTANA ANYAR,KOMPLEK MUARA,465,UNIT,2023
100,32,JAWA BARAT,3273,KOTA BANDUNG,3273050,ASTANAANYAR,32.73.10,ASTANA ANYAR,"KURDI TIMUR, BARAT & SELATAN",178,UNIT,2023
101,32,JAWA BARAT,3273,KOTA BANDUNG,3273020,BABAKAN CIPARAY,32.73.03,BABAKAN CIPARAY,CIBOLERANG INDAH,692,UNIT,2023
102,32,JAWA BARAT,3273,KOTA BANDUNG,3273020,BABAKAN CIPARAY,32.73.03,BABAKAN CIPARAY,DIAN PERMAI,285,UNIT,2023
103,32,JAWA BARAT,3273,KOTA BANDUNG,3273020,BABAKAN CIPARAY,32.73.03,BABAKAN CIPARAY,HOLIS REGENCY,250,UNIT,2023
104,32,JAWA BARAT,3273,KOTA BANDUNG,3273020,BABAKAN CIPARAY,32.73.03,BABAKAN CIPARAY,KOMPLEK PASADENA,432,UNIT,2023
105,32,JAWA BARAT,3273,KOTA BANDUNG,3273020,BABAKAN CIPARAY,32.73.03,BABAKAN CIPARAY,KOPO ELOK,223,UNIT,2023
106,32,JAWA BARAT,3273,KOTA BANDUNG,3273020,BABAKAN CIPARAY,32.73.03,BABAKAN CIPARAY,KOPO MAS,70,UNIT,2023
107,32,JAWA BARAT,3273,KOTA BANDUNG,3273020,BABAKAN CIPARAY,32.73.03,BABAKAN CIPARAY,KOPO SARI,32,UNIT,2023
108,32,JAWA BARAT,3273,KOTA BANDUNG,3273020,BABAKAN CIPARAY,32.73.03,BABAKAN CIPARAY,PASADENA TOWNHOUSE,16,UNIT,2023
109,32,JAWA BARAT,3273,KOTA BANDUNG,3273020,BABAKAN CIPARAY,32.73.03,BABAKAN CIPARAY,PRATISTA TAMAN SAKURA,300,UNIT,2023
110,32,JAWA BARAT,3273,KOTA BANDUNG,3273020,BABAKAN CIPARAY,32.73.03,BABAKAN CIPARAY,SITU INDAH,16,UNIT,2023
111,32,JAWA BARAT,3273,KOTA BANDUNG,3273020,BABAKAN CIPARAY,32.73.03,BABAKAN CIPARAY,SUMBER SARI INDAH,795,UNIT,2023
112,32,JAWA BARAT,3273,KOTA BANDUNG,3273020,BABAKAN CIPARAY,32.73.03,BABAKAN CIPARAY,TAMAN HIJAU,42,UNIT,2023
113,32,JAWA BARAT,3273,KOTA BANDUNG,3273020,BABAKAN CIPARAY,32.73.03,BABAKAN CIPARAY,TAMAN KOPO MELATI,55,UNIT,2023
114,32,JAWA BARAT,3273,KOTA BANDUNG,3273020,BABAKAN CIPARAY,32.73.03,BABAKAN CIPARAY,TAMAN SAKURA LNDAH,300,UNIT,2023
115,32,JAWA BARAT,3273,KOTA BANDUNG,3273020,BABAKAN CIPARAY,32.73.03,BABAKAN CIPARAY,TERRACE GARDEN,20,UNIT,2023
116,32,JAWA BARAT,3273,KOTA BANDUNG,3273080,BANDUNG KIDUL,32.73.21,BANDUNG KIDUL,AMAYA RESIDENCE,135,UNIT,2023
117,32,JAWA BARAT,3273,KOTA BANDUNG,3273080,BANDUNG KIDUL,32.73.21,BANDUNG KIDUL,BATUNUNGGAL LNDAH,1630,UNIT,2023
118,32,JAWA BARAT,3273,KOTA BANDUNG,3273080,BANDUNG KIDUL,32.73.21,BANDUNG KIDUL,BUAH BATU PRECIOUS (APARTMENT),0,UNIT,2023
119,32,JAWA BARAT,3273,KOTA BANDUNG,3273080,BANDUNG KIDUL,32.73.21,BANDUNG KIDUL,BUAH BATU REGENCY,145,UNIT,2023
120,32,JAWA BARAT,3273,KOTA BANDUNG,3273080,BANDUNG KIDUL,32.73.21,BANDUNG KIDUL,BUANA SARI,215,UNIT,2023
121,32,JAWA BARAT,3273,KOTA BANDUNG,3273080,BANDUNG KIDUL,32.73.21,BANDUNG KIDUL,BUNGA RESIDENCE,20,UNIT,2023
122,32,JAWA BARAT,3273,KOTA BANDUNG,3273080,BANDUNG KIDUL,32.73.21,BANDUNG KIDUL,JAKA PURWA,400,UNIT,2023
123,32,JAWA BARAT,3273,KOTA BANDUNG,3273080,BANDUNG KIDUL,32.73.21,BANDUNG KIDUL,KOMPLEK BARDAN,65,UNIT,2023
124,32,JAWA BARAT,3273,KOTA BANDUNG,3273080,BANDUNG KIDUL,32.73.21,BANDUNG KIDUL,NEWTON APARTEMENT RESIDENCE (APARTEMEN),0,UNIT,2023
125,32,JAWA BARAT,3273,KOTA BANDUNG,3273080,BANDUNG KIDUL,32.73.21,BANDUNG KIDUL,NUANSA LNDAH,27,UNIT,2023
126,32,JAWA BARAT,3273,KOTA BANDUNG,3273080,BANDUNG KIDUL,32.73.21,BANDUNG KIDUL,SAPTA TARUNA PU,76,UNIT,2023
127,32,JAWA BARAT,3273,KOTA BANDUNG,3273080,BANDUNG KIDUL,32.73.21,BANDUNG KIDUL,SUTERA GRAHA,86,UNIT,2023
128,32,JAWA BARAT,3273,KOTA BANDUNG,3273080,BANDUNG KIDUL,32.73.21,BANDUNG KIDUL,TOPINDO BUAH BATU RESIDENCE,104,UNIT,2023
129,32,JAWA BARAT,3273,KOTA BANDUNG,3273010,BANDUNG KULON,32.73.15,BANDUNG KULON,BUMI ASRI GEMPOL SARI,299,UNIT,2023
130,32,JAWA BARAT,3273,KOTA BANDUNG,3273010,BANDUNG KULON,32.73.15,BANDUNG KULON,BUMI ASRI REGENCY,70,UNIT,2023
131,32,JAWA BARAT,3273,KOTA BANDUNG,3273010,BANDUNG KULON,32.73.15,BANDUNG KULON,CIJERAH LNDAH II,80,UNIT,2023
132,32,JAWA BARAT,3273,KOTA BANDUNG,3273010,BANDUNG KULON,32.73.15,BANDUNG KULON,GEMPOL ASRI,600,UNIT,2023
133,32,JAWA BARAT,3273,KOTA BANDUNG,3273010,BANDUNG KULON,32.73.15,BANDUNG KULON,GEMPOL ELOK,135,UNIT,2023
134,32,JAWA BARAT,3273,KOTA BANDUNG,3273010,BANDUNG KULON,32.73.15,BANDUNG KULON,GEMPOL SARI LNDAH,585,UNIT,2023
135,32,JAWA BARAT,3273,KOTA BANDUNG,3273010,BANDUNG KULON,32.73.15,BANDUNG KULON,HOLIS PERMAI,141,UNIT,2023
136,32,JAWA BARAT,3273,KOTA BANDUNG,3273010,BANDUNG KULON,32.73.15,BANDUNG KULON,HOLIS PESONA TAMAN BURUNG,150,UNIT,2023
137,32,JAWA BARAT,3273,KOTA BANDUNG,3273010,BANDUNG KULON,32.73.15,BANDUNG KULON,ISTANA REGENCY SUDIRMAN,365,UNIT,2023
138,32,JAWA BARAT,3273,KOTA BANDUNG,3273010,BANDUNG KULON,32.73.15,BANDUNG KULON,KETAPANG KENCANA,27,UNIT,2023
139,32,JAWA BARAT,3273,KOTA BANDUNG,3273010,BANDUNG KULON,32.73.15,BANDUNG KULON,KOMPLEK BPKP,63,UNIT,2023
140,32,JAWA BARAT,3273,KOTA BANDUNG,3273010,BANDUNG KULON,32.73.15,BANDUNG KULON,KOMPLEK DIRGANTARA,207,UNIT,2023
141,32,JAWA BARAT,3273,KOTA BANDUNG,3273010,BANDUNG KULON,32.73.15,BANDUNG KULON,KOMPLEK KPAD,57,UNIT,2023
142,32,JAWA BARAT,3273,KOTA BANDUNG,3273010,BANDUNG KULON,32.73.15,BANDUNG KULON,KOMPLEK MARGAASIH,0,UNIT,2023
143,32,JAWA BARAT,3273,KOTA BANDUNG,3273010,BANDUNG KULON,32.73.15,BANDUNG KULON,KOMPLEK PERDATAM,100,UNIT,2023
144,32,JAWA BARAT,3273,KOTA BANDUNG,3273010,BANDUNG KULON,32.73.15,BANDUNG KULON,MEKAR INDAH,383,UNIT,2023
145,32,JAWA BARAT,3273,KOTA BANDUNG,3273010,BANDUNG KULON,32.73.15,BANDUNG KULON,MELONG ASIH REGENCY,73,UNIT,2023
146,32,JAWA BARAT,3273,KOTA BANDUNG,3273010,BANDUNG KULON,32.73.15,BANDUNG KULON,MELONG CIJERAH,120,UNIT,2023
147,32,JAWA BARAT,3273,KOTA BANDUNG,3273010,BANDUNG KULON,32.73.15,BANDUNG KULON,MELONG NIRWANA RESIDENCE,25,UNIT,2023
148,32,JAWA BARAT,3273,KOTA BANDUNG,3273010,BANDUNG KULON,32.73.15,BANDUNG KULON,PERMATA LNDAH,127,UNIT,2023
149,32,JAWA BARAT,3273,KOTA BANDUNG,3273010,BANDUNG KULON,32.73.15,BANDUNG KULON,PERUMNAS CIBUNTU,280,UNIT,2023
150,32,JAWA BARAT,3273,KOTA BANDUNG,3273010,BANDUNG KULON,32.73.15,BANDUNG KULON,PERUMNAS CIJERAH I,400,UNIT,2023
151,32,JAWA BARAT,3273,KOTA BANDUNG,3273010,BANDUNG KULON,32.73.15,BANDUNG KULON,PERUMNAS CIJERAH II,250,UNIT,2023
152,32,JAWA BARAT,3273,KOTA BANDUNG,3273010,BANDUNG KULON,32.73.15,BANDUNG KULON,PURI AYANA I,92,UNIT,2023
153,32,JAWA BARAT,3273,KOTA BANDUNG,3273010,BANDUNG KULON,32.73.15,BANDUNG KULON,PURI AYANA II,0,UNIT,2023
154,32,JAWA BARAT,3273,KOTA BANDUNG,3273010,BANDUNG KULON,32.73.15,BANDUNG KULON,SURYANI LNDAH,28,UNIT,2023
155,32,JAWA BARAT,3273,KOTA BANDUNG,3273010,BANDUNG KULON,32.73.15,BANDUNG KULON,TAMAN HOLIS LNDAH I,1002,UNIT,2023
156,32,JAWA BARAT,3273,KOTA BANDUNG,3273010,BANDUNG KULON,32.73.15,BANDUNG KULON,TAMAN HOLIS LNDAH II,151,UNIT,2023
157,32,JAWA BARAT,3273,KOTA BANDUNG,3273010,BANDUNG KULON,32.73.15,BANDUNG KULON,TAMAN SURYA LNDAH,90,UNIT,2023
158,32,JAWA BARAT,3273,KOTA BANDUNG,3273160,BATUNUNGGAL,32.73.12,BATUNUNGGAL,BENTANG ASRI,368,UNIT,2023
159,32,JAWA BARAT,3273,KOTA BANDUNG,3273160,BATUNUNGGAL,32.73.12,BATUNUNGGAL,JATI LNDAH,143,UNIT,2023
160,32,JAWA BARAT,3273,KOTA BANDUNG,3273160,BATUNUNGGAL,32.73.12,BATUNUNGGAL,JATI MULYA,38,UNIT,2023
161,32,JAWA BARAT,3273,KOTA BANDUNG,3273160,BATUNUNGGAL,32.73.12,BATUNUNGGAL,KOMPLEK PAJAK SEKELIMUS,14,UNIT,2023
162,32,JAWA BARAT,3273,KOTA BANDUNG,3273160,BATUNUNGGAL,32.73.12,BATUNUNGGAL,KOTA KEMBANG PERMAI,65,UNIT,2023
163,32,JAWA BARAT,3273,KOTA BANDUNG,3273160,BATUNUNGGAL,32.73.12,BATUNUNGGAL,MALEER INDAH LESTARI,13,UNIT,2023
164,32,JAWA BARAT,3273,KOTA BANDUNG,3273160,BATUNUNGGAL,32.73.12,BATUNUNGGAL,MEKAR INDAH,106,UNIT,2023
165,32,JAWA BARAT,3273,KOTA BANDUNG,3273160,BATUNUNGGAL,32.73.12,BATUNUNGGAL,RANCA MANYAR / BUMI DUTA MARTANEGARA,117,UNIT,2023
166,32,JAWA BARAT,3273,KOTA BANDUNG,3273160,BATUNUNGGAL,32.73.12,BATUNUNGGAL,SALENDRO TIMUR,212,UNIT,2023
167,32,JAWA BARAT,3273,KOTA BANDUNG,3273160,BATUNUNGGAL,32.73.12,BATUNUNGGAL,TULIP PERMAI RESIDENCE,90,UNIT,2023
168,32,JAWA BARAT,3273,KOTA BANDUNG,3273030,BOJONGLOA KALER,32.73.04,BOJONGLOA KALER,BUANA INDAH,100,UNIT,2023
169,32,JAWA BARAT,3273,KOTA BANDUNG,3273030,BOJONGLOA KALER,32.73.04,BOJONGLOA KALER,CITARIP BARAT,400,UNIT,2023
170,32,JAWA BARAT,3273,KOTA BANDUNG,3273030,BOJONGLOA KALER,32.73.04,BOJONGLOA KALER,KOPO KENCANA,330,UNIT,2023
171,32,JAWA BARAT,3273,KOTA BANDUNG,3273030,BOJONGLOA KALER,32.73.04,BOJONGLOA KALER,PAGAR KENCANA,30,UNIT,2023
172,32,JAWA BARAT,3273,KOTA BANDUNG,3273030,BOJONGLOA KALER,32.73.04,BOJONGLOA KALER,TAMAN ANGGREK,84,UNIT,2023
173,32,JAWA BARAT,3273,KOTA BANDUNG,3273030,BOJONGLOA KALER,32.73.04,BOJONGLOA KALER,TAMAN LINGKAR,100,UNIT,2023
174,32,JAWA BARAT,3273,KOTA BANDUNG,3273040,BOJONGLOA KIDUL,32.73.17,BOJONGLOA KIDUL,CIBADUYUT PERMAI,56,UNIT,2023
175,32,JAWA BARAT,3273,KOTA BANDUNG,3273040,BOJONGLOA KIDUL,32.73.17,BOJONGLOA KIDUL,ISTANA MEKAR WANGI,2870,UNIT,2023
176,32,JAWA BARAT,3273,KOTA BANDUNG,3273040,BOJONGLOA KIDUL,32.73.17,BOJONGLOA KIDUL,KOMPLEK SAUYUNAN,343,UNIT,2023
177,32,JAWA BARAT,3273,KOTA BANDUNG,3273040,BOJONGLOA KIDUL,32.73.17,BOJONGLOA KIDUL,LEUWI ANYAR,240,UNIT,2023
178,32,JAWA BARAT,3273,KOTA BANDUNG,3273040,BOJONGLOA KIDUL,32.73.17,BOJONGLOA KIDUL,LEUWI SARI,150,UNIT,2023
179,32,JAWA BARAT,3273,KOTA BANDUNG,3273040,BOJONGLOA KIDUL,32.73.17,BOJONGLOA KIDUL,MEKARWANGI SQUARE (APARTMENT),0,UNIT,2023
180,32,JAWA BARAT,3273,KOTA BANDUNG,3273040,BOJONGLOA KIDUL,32.73.17,BOJONGLOA KIDUL,SAUYUNAN MAS,352,UNIT,2023
181,32,JAWA BARAT,3273,KOTA BANDUNG,3273040,BOJONGLOA KIDUL,32.73.17,BOJONGLOA KIDUL,SINGGASANA PRADANA,1400,UNIT,2023
182,32,JAWA BARAT,3273,KOTA BANDUNG,3273090,BUAHBATU,32.73.22,BUAHBATU,ANDROMEDA ASRI,34,UNIT,2023
183,32,JAWA BARAT,3273,KOTA BANDUNG,3273090,BUAHBATU,32.73.22,BUAHBATU,ANTABARU ENDAH,221,UNIT,2023
184,32,JAWA BARAT,3273,KOTA BANDUNG,3273090,BUAHBATU,32.73.22,BUAHBATU,BAHAGIA PERMAI,260,UNIT,2023
185,32,JAWA BARAT,3273,KOTA BANDUNG,3273090,BUAHBATU,32.73.22,BUAHBATU,BAITUSSALAM,77,UNIT,2023
186,32,JAWA BARAT,3273,KOTA BANDUNG,3273090,BUAHBATU,32.73.22,BUAHBATU,BAKUNG ENDAH,43,UNIT,2023
187,32,JAWA BARAT,3273,KOTA BANDUNG,3273090,BUAHBATU,32.73.22,BUAHBATU,BANDUNG LNDAH RAYA,14,UNIT,2023
188,32,JAWA BARAT,3273,KOTA BANDUNG,3273090,BUAHBATU,32.73.22,BUAHBATU,BATU PERMATA,77,UNIT,2023
189,32,JAWA BARAT,3273,KOTA BANDUNG,3273090,BUAHBATU,32.73.22,BUAHBATU,BUAHBATU KENCANA TOWN HOUSE,16,UNIT,2023
190,32,JAWA BARAT,3273,KOTA BANDUNG,3273090,BUAHBATU,32.73.22,BUAHBATU,BUANA CIGI REGENCY,52,UNIT,2023
191,32,JAWA BARAT,3273,KOTA BANDUNG,3273090,BUAHBATU,32.73.22,BUAHBATU,BUANA CIWASTRA RESIDENCE,560,UNIT,2023
192,32,JAWA BARAT,3273,KOTA BANDUNG,3273090,BUAHBATU,32.73.22,BUAHBATU,BUMI KIRANA,38,UNIT,2023
193,32,JAWA BARAT,3273,KOTA BANDUNG,3273090,BUAHBATU,32.73.22,BUAHBATU,CASA DE LA TOPA,20,UNIT,2023
194,32,JAWA BARAT,3273,KOTA BANDUNG,3273090,BUAHBATU,32.73.22,BUAHBATU,CASA MUKTI RESIDENCE,9,UNIT,2023
195,32,JAWA BARAT,3273,KOTA BANDUNG,3273090,BUAHBATU,32.73.22,BUAHBATU,CIJAWURA GIRANG,298,UNIT,2023
196,32,JAWA BARAT,3273,KOTA BANDUNG,3273090,BUAHBATU,32.73.22,BUAHBATU,CIJAWURA LNDAH,62,UNIT,2023
197,32,JAWA BARAT,3273,KOTA BANDUNG,3273090,BUAHBATU,32.73.22,BUAHBATU,CIJAWURA REGENCY,52,UNIT,2023
198,32,JAWA BARAT,3273,KOTA BANDUNG,3273090,BUAHBATU,32.73.22,BUAHBATU,CIPAGANTI GRAHA,48,UNIT,2023
199,32,JAWA BARAT,3273,KOTA BANDUNG,3273090,BUAHBATU,32.73.22,BUAHBATU,CIWASTRA INDAH,195,UNIT,2023
200,32,JAWA BARAT,3273,KOTA BANDUNG,3273090,BUAHBATU,32.73.22,BUAHBATU,CLUSTER MARGA PURI,14,UNIT,2023
201,32,JAWA BARAT,3273,KOTA BANDUNG,3273090,BUAHBATU,32.73.22,BUAHBATU,CLUSTER VILLA MARGALUYU,42,UNIT,2023
202,32,JAWA BARAT,3273,KOTA BANDUNG,3273090,BUAHBATU,32.73.22,BUAHBATU,D ELGRAN,12,UNIT,2023
203,32,JAWA BARAT,3273,KOTA BANDUNG,3273090,BUAHBATU,32.73.22,BUAHBATU,DE GREEN GRANDE,128,UNIT,2023
204,32,JAWA BARAT,3273,KOTA BANDUNG,3273090,BUAHBATU,32.73.22,BUAHBATU,GALLERY KAWALUYAAN,28,UNIT,2023
205,32,JAWA BARAT,3273,KOTA BANDUNG,3273090,BUAHBATU,32.73.22,BUAHBATU,GRAHA ALAM RAYA,54,UNIT,2023
206,32,JAWA BARAT,3273,KOTA BANDUNG,3273090,BUAHBATU,32.73.22,BUAHBATU,GRAHA PELANGI ELOK,49,UNIT,2023
207,32,JAWA BARAT,3273,KOTA BANDUNG,3273090,BUAHBATU,32.73.22,BUAHBATU,GRAND NABILA RESIDENCE,12,UNIT,2023
208,32,JAWA BARAT,3273,KOTA BANDUNG,3273090,BUAHBATU,32.73.22,BUAHBATU,GRIYA KUNING ASRI,68,UNIT,2023
209,32,JAWA BARAT,3273,KOTA BANDUNG,3273090,BUAHBATU,32.73.22,BUAHBATU,GRIYA PERSADA,72,UNIT,2023
210,32,JAWA BARAT,3273,KOTA BANDUNG,3273090,BUAHBATU,32.73.22,BUAHBATU,HARMONY PARK,63,UNIT,2023
211,32,JAWA BARAT,3273,KOTA BANDUNG,3273090,BUAHBATU,32.73.22,BUAHBATU,IMPERIAL SOHO,12,UNIT,2023
212,32,JAWA BARAT,3273,KOTA BANDUNG,3273090,BUAHBATU,32.73.22,BUAHBATU,ISTANA KAWALUYAAN,84,UNIT,2023
213,32,JAWA BARAT,3273,KOTA BANDUNG,3273090,BUAHBATU,32.73.22,BUAHBATU,KAWALUYAAN REGENCY,35,UNIT,2023
214,32,JAWA BARAT,3273,KOTA BANDUNG,3273090,BUAHBATU,32.73.22,BUAHBATU,KEMBANG PARE RESIDENCE,143,UNIT,2023
215,32,JAWA BARAT,3273,KOTA BANDUNG,3273090,BUAHBATU,32.73.22,BUAHBATU,KENCANA WANGI,0,UNIT,2023
216,32,JAWA BARAT,3273,KOTA BANDUNG,3273090,BUAHBATU,32.73.22,BUAHBATU,KIARA MAS LNDAH REGENCY,58,UNIT,2023
217,32,JAWA BARAT,3273,KOTA BANDUNG,3273090,BUAHBATU,32.73.22,BUAHBATU,KIARA SARI,71,UNIT,2023
218,32,JAWA BARAT,3273,KOTA BANDUNG,3273090,BUAHBATU,32.73.22,BUAHBATU,KIWARI RESIDENCE,22,UNIT,2023
219,32,JAWA BARAT,3273,KOTA BANDUNG,3273090,BUAHBATU,32.73.22,BUAHBATU,KOMPLEK AL-ISLAM,51,UNIT,2023
220,32,JAWA BARAT,3273,KOTA BANDUNG,3273090,BUAHBATU,32.73.22,BUAHBATU,KOMPLEK BRIMOB,67,UNIT,2023
221,32,JAWA BARAT,3273,KOTA BANDUNG,3273090,BUAHBATU,32.73.22,BUAHBATU,KOMPLEK BULOG,59,UNIT,2023
222,32,JAWA BARAT,3273,KOTA BANDUNG,3273090,BUAHBATU,32.73.22,BUAHBATU,KOMPLEK LOGAM,185,UNIT,2023
223,32,JAWA BARAT,3273,KOTA BANDUNG,3273090,BUAHBATU,32.73.22,BUAHBATU,KOMPLEK PEMDA,77,UNIT,2023
224,32,JAWA BARAT,3273,KOTA BANDUNG,3273090,BUAHBATU,32.73.22,BUAHBATU,KOMPLEK PERKEBUNAN,90,UNIT,2023
225,32,JAWA BARAT,3273,KOTA BANDUNG,3273090,BUAHBATU,32.73.22,BUAHBATU,KOMPLEK PURAGABAYA,47,UNIT,2023
226,32,JAWA BARAT,3273,KOTA BANDUNG,3273090,BUAHBATU,32.73.22,BUAHBATU,KOMPLEK TURANGGA,0,UNIT,2023
227,32,JAWA BARAT,3273,KOTA BANDUNG,3273090,BUAHBATU,32.73.22,BUAHBATU,MARGA ASRI PERSADA,17,UNIT,2023
228,32,JAWA BARAT,3273,KOTA BANDUNG,3273090,BUAHBATU,32.73.22,BUAHBATU,MARGA BARU,96,UNIT,2023
229,32,JAWA BARAT,3273,KOTA BANDUNG,3273090,BUAHBATU,32.73.22,BUAHBATU,MARGA MAKMUR,75,UNIT,2023
230,32,JAWA BARAT,3273,KOTA BANDUNG,3273090,BUAHBATU,32.73.22,BUAHBATU,MARGAHAYU RAYA,5279,UNIT,2023
231,32,JAWA BARAT,3273,KOTA BANDUNG,3273090,BUAHBATU,32.73.22,BUAHBATU,MARGALUYU LNDAH RESIDENCE,26,UNIT,2023
232,32,JAWA BARAT,3273,KOTA BANDUNG,3273090,BUAHBATU,32.73.22,BUAHBATU,MARGAWANGI ESTATE,419,UNIT,2023
233,32,JAWA BARAT,3273,KOTA BANDUNG,3273090,BUAHBATU,32.73.22,BUAHBATU,MATAHARI MARGAWANGI,27,UNIT,2023
234,32,JAWA BARAT,3273,KOTA BANDUNG,3273090,BUAHBATU,32.73.22,BUAHBATU,MEGA BRATA,183,UNIT,2023
235,32,JAWA BARAT,3273,KOTA BANDUNG,3273090,BUAHBATU,32.73.22,BUAHBATU,MUSTIKA HEGAR REGENCY,173,UNIT,2023
236,32,JAWA BARAT,3273,KOTA BANDUNG,3273090,BUAHBATU,32.73.22,BUAHBATU,PALEM PERMAI,137,UNIT,2023
237,32,JAWA BARAT,3273,KOTA BANDUNG,3273090,BUAHBATU,32.73.22,BUAHBATU,PANDAN WANGI,690,UNIT,2023
238,32,JAWA BARAT,3273,KOTA BANDUNG,3273090,BUAHBATU,32.73.22,BUAHBATU,PARIS VAN JAVA RESIDENCE,34,UNIT,2023
239,32,JAWA BARAT,3273,KOTA BANDUNG,3273090,BUAHBATU,32.73.22,BUAHBATU,PATRAMAYA RESIDENCE,22,UNIT,2023
240,32,JAWA BARAT,3273,KOTA BANDUNG,3273090,BUAHBATU,32.73.22,BUAHBATU,PERMATA KAWALUYAAN,49,UNIT,2023
241,32,JAWA BARAT,3273,KOTA BANDUNG,3273090,BUAHBATU,32.73.22,BUAHBATU,PERMATA RANCASAWO,37,UNIT,2023
242,32,JAWA BARAT,3273,KOTA BANDUNG,3273090,BUAHBATU,32.73.22,BUAHBATU,PERSADA ASRI II,73,UNIT,2023
243,32,JAWA BARAT,3273,KOTA BANDUNG,3273090,BUAHBATU,32.73.22,BUAHBATU,PESONA CIWASTRA PERMAI,48,UNIT,2023
244,32,JAWA BARAT,3273,KOTA BANDUNG,3273090,BUAHBATU,32.73.22,BUAHBATU,SANGGAR HURIP APARTEMEN (APARTEMEN),0,UNIT,2023
245,32,JAWA BARAT,3273,KOTA BANDUNG,3273090,BUAHBATU,32.73.22,BUAHBATU,SANGGAR HURIP ESTATE,56,UNIT,2023
246,32,JAWA BARAT,3273,KOTA BANDUNG,3273090,BUAHBATU,32.73.22,BUAHBATU,SAPHIRE TOWN HOUSE,23,UNIT,2023
247,32,JAWA BARAT,3273,KOTA BANDUNG,3273090,BUAHBATU,32.73.22,BUAHBATU,SARIE BUNGA BAKUNG,116,UNIT,2023
248,32,JAWA BARAT,3273,KOTA BANDUNG,3273090,BUAHBATU,32.73.22,BUAHBATU,SAWO INDAH,44,UNIT,2023
249,32,JAWA BARAT,3273,KOTA BANDUNG,3273090,BUAHBATU,32.73.22,BUAHBATU,SINGGASANA RESIDENCE CIJAWURA POINT,55,UNIT,2023
250,32,JAWA BARAT,3273,KOTA BANDUNG,3273090,BUAHBATU,32.73.22,BUAHBATU,SSP RANCASAWO / MARGAHAYU,26,UNIT,2023
251,32,JAWA BARAT,3273,KOTA BANDUNG,3273090,BUAHBATU,32.73.22,BUAHBATU,TAMAN PERSADA ASRI RESIDENCE,56,UNIT,2023
252,32,JAWA BARAT,3273,KOTA BANDUNG,3273090,BUAHBATU,32.73.22,BUAHBATU,TAMAN PUSPA INDAH,64,UNIT,2023
253,32,JAWA BARAT,3273,KOTA BANDUNG,3273090,BUAHBATU,32.73.22,BUAHBATU,THE SUITES @ METRO APARTEMENT (APARTEMEN),0,UNIT,2023
254,32,JAWA BARAT,3273,KOTA BANDUNG,3273090,BUAHBATU,32.73.22,BUAHBATU,TIRTASARI RESIDENCE,450,UNIT,2023
255,32,JAWA BARAT,3273,KOTA BANDUNG,3273090,BUAHBATU,32.73.22,BUAHBATU,VILLA ILHAMI PERMATA,86,UNIT,2023
256,32,JAWA BARAT,3273,KOTA BANDUNG,3273220,CIBEUNYING KALER,32.73.18,CIBEUNYING KALER,BUKIT PINUS DAGO,9,UNIT,2023
257,32,JAWA BARAT,3273,KOTA BANDUNG,3273220,CIBEUNYING KALER,32.73.18,CIBEUNYING KALER,CALISTHA DAGO,21,UNIT,2023
258,32,JAWA BARAT,3273,KOTA BANDUNG,3273220,CIBEUNYING KALER,32.73.18,CIBEUNYING KALER,CIBEUNYING PERMAI,49,UNIT,2023
259,32,JAWA BARAT,3273,KOTA BANDUNG,3273220,CIBEUNYING KALER,32.73.18,CIBEUNYING KALER,CIGADUNG ASRI,30,UNIT,2023
260,32,JAWA BARAT,3273,KOTA BANDUNG,3273220,CIBEUNYING KALER,32.73.18,CIBEUNYING KALER,CIGADUNG GREEN LAND,116,UNIT,2023
261,32,JAWA BARAT,3273,KOTA BANDUNG,3273220,CIBEUNYING KALER,32.73.18,CIBEUNYING KALER,CIGADUNG HILLS,22,UNIT,2023
262,32,JAWA BARAT,3273,KOTA BANDUNG,3273220,CIBEUNYING KALER,32.73.18,CIBEUNYING KALER,CIGADUNG INDAH,53,UNIT,2023
263,32,JAWA BARAT,3273,KOTA BANDUNG,3273220,CIBEUNYING KALER,32.73.18,CIBEUNYING KALER,CIGADUNG MAKMUR,13,UNIT,2023
264,32,JAWA BARAT,3273,KOTA BANDUNG,3273220,CIBEUNYING KALER,32.73.18,CIBEUNYING KALER,CIGADUNG PERMAI,12,UNIT,2023
265,32,JAWA BARAT,3273,KOTA BANDUNG,3273220,CIBEUNYING KALER,32.73.18,CIBEUNYING KALER,CIGADUNG RAYA TIMUR,7,UNIT,2023
266,32,JAWA BARAT,3273,KOTA BANDUNG,3273220,CIBEUNYING KALER,32.73.18,CIBEUNYING KALER,CIGADUNG TEPIS WIRING,8,UNIT,2023
267,32,JAWA BARAT,3273,KOTA BANDUNG,3273220,CIBEUNYING KALER,32.73.18,CIBEUNYING KALER,CIGADUNG VALLEY RESIDENCE,36,UNIT,2023
268,32,JAWA BARAT,3273,KOTA BANDUNG,3273220,CIBEUNYING KALER,32.73.18,CIBEUNYING KALER,CIGADUNG VILLAGE,0,UNIT,2023
269,32,JAWA BARAT,3273,KOTA BANDUNG,3273220,CIBEUNYING KALER,32.73.18,CIBEUNYING KALER,CIKUTRA BARU,190,UNIT,2023
270,32,JAWA BARAT,3273,KOTA BANDUNG,3273220,CIBEUNYING KALER,32.73.18,CIBEUNYING KALER,CIKUTRA INDAH RESIDENCE,18,UNIT,2023
271,32,JAWA BARAT,3273,KOTA BANDUNG,3273220,CIBEUNYING KALER,32.73.18,CIBEUNYING KALER,CITRA GREEN GARDEN,22,UNIT,2023
272,32,JAWA BARAT,3273,KOTA BANDUNG,3273220,CIBEUNYING KALER,32.73.18,CIBEUNYING KALER,CUKANG KAWUNG,4,UNIT,2023
273,32,JAWA BARAT,3273,KOTA BANDUNG,3273220,CIBEUNYING KALER,32.73.18,CIBEUNYING KALER,CUKANG KAWUNG ASRI,13,UNIT,2023
274,32,JAWA BARAT,3273,KOTA BANDUNG,3273220,CIBEUNYING KALER,32.73.18,CIBEUNYING KALER,DE DANGAU CLUSTER,11,UNIT,2023
275,32,JAWA BARAT,3273,KOTA BANDUNG,3273220,CIBEUNYING KALER,32.73.18,CIBEUNYING KALER,D'PLATINUM,11,UNIT,2023
276,32,JAWA BARAT,3273,KOTA BANDUNG,3273220,CIBEUNYING KALER,32.73.18,CIBEUNYING KALER,GRAND PERMATA,10,UNIT,2023
277,32,JAWA BARAT,3273,KOTA BANDUNG,3273220,CIBEUNYING KALER,32.73.18,CIBEUNYING KALER,GRIYA CIGADUNG BARU,33,UNIT,2023
278,32,JAWA BARAT,3273,KOTA BANDUNG,3273220,CIBEUNYING KALER,32.73.18,CIBEUNYING KALER,KOMPLEK ARDINI,12,UNIT,2023
279,32,JAWA BARAT,3273,KOTA BANDUNG,3273220,CIBEUNYING KALER,32.73.18,CIBEUNYING KALER,KOMPLEK BTN,25,UNIT,2023
280,32,JAWA BARAT,3273,KOTA BANDUNG,3273220,CIBEUNYING KALER,32.73.18,CIBEUNYING KALER,KOMPLEK CIGADUNG 10E,23,UNIT,2023
281,32,JAWA BARAT,3273,KOTA BANDUNG,3273220,CIBEUNYING KALER,32.73.18,CIBEUNYING KALER,KOMPLEK LA CASTURI,23,UNIT,2023
282,32,JAWA BARAT,3273,KOTA BANDUNG,3273220,CIBEUNYING KALER,32.73.18,CIBEUNYING KALER,KOMPLEK PERMADANI,21,UNIT,2023
283,32,JAWA BARAT,3273,KOTA BANDUNG,3273220,CIBEUNYING KALER,32.73.18,CIBEUNYING KALER,KOMPLEK RANCAKENDAL,150,UNIT,2023
284,32,JAWA BARAT,3273,KOTA BANDUNG,3273220,CIBEUNYING KALER,32.73.18,CIBEUNYING KALER,MAHKOTA DEWA,9,UNIT,2023
285,32,JAWA BARAT,3273,KOTA BANDUNG,3273220,CIBEUNYING KALER,32.73.18,CIBEUNYING KALER,PARAS CIGADUNG,12,UNIT,2023
286,32,JAWA BARAT,3273,KOTA BANDUNG,3273220,CIBEUNYING KALER,32.73.18,CIBEUNYING KALER,PATIO PERDE 1,11,UNIT,2023
287,32,JAWA BARAT,3273,KOTA BANDUNG,3273220,CIBEUNYING KALER,32.73.18,CIBEUNYING KALER,PATIO PERDE 2,20,UNIT,2023
288,32,JAWA BARAT,3273,KOTA BANDUNG,3273220,CIBEUNYING KALER,32.73.18,CIBEUNYING KALER,PERUMNAS SUKALUYU,175,UNIT,2023
289,32,JAWA BARAT,3273,KOTA BANDUNG,3273220,CIBEUNYING KALER,32.73.18,CIBEUNYING KALER,PONDOK CIGADUNG LESTARI,29,UNIT,2023
290,32,JAWA BARAT,3273,KOTA BANDUNG,3273220,CIBEUNYING KALER,32.73.18,CIBEUNYING KALER,PROSPERA RESIDENCE,5,UNIT,2023
291,32,JAWA BARAT,3273,KOTA BANDUNG,3273220,CIBEUNYING KALER,32.73.18,CIBEUNYING KALER,QUARTA RESIDENCE,14,UNIT,2023
292,32,JAWA BARAT,3273,KOTA BANDUNG,3273220,CIBEUNYING KALER,32.73.18,CIBEUNYING KALER,RANTING BAMBU 1,6,UNIT,2023
293,32,JAWA BARAT,3273,KOTA BANDUNG,3273220,CIBEUNYING KALER,32.73.18,CIBEUNYING KALER,RANTING BAMBU 2,7,UNIT,2023
294,32,JAWA BARAT,3273,KOTA BANDUNG,3273220,CIBEUNYING KALER,32.73.18,CIBEUNYING KALER,RERENG WULUNG INDAH,18,UNIT,2023
295,32,JAWA BARAT,3273,KOTA BANDUNG,3273210,CIBEUNYING KIDUL,32.73.14,CIBEUNYING KIDUL,APARTEMEN ALLEGRIA (APARTEMEN),0,UNIT,2023
296,32,JAWA BARAT,3273,KOTA BANDUNG,3273210,CIBEUNYING KIDUL,32.73.14,CIBEUNYING KIDUL,BOJONG KONENG MAKMUR,100,UNIT,2023
297,32,JAWA BARAT,3273,KOTA BANDUNG,3273210,CIBEUNYING KIDUL,32.73.14,CIBEUNYING KIDUL,BUMI ASRI PADASUKA,281,UNIT,2023
298,32,JAWA BARAT,3273,KOTA BANDUNG,3273210,CIBEUNYING KIDUL,32.73.14,CIBEUNYING KIDUL,BUMI ASRI PASIRLEUTIK (TUGU ASRI),128,UNIT,2023
299,32,JAWA BARAT,3273,KOTA BANDUNG,3273210,CIBEUNYING KIDUL,32.73.14,CIBEUNYING KIDUL,D'BAMBOO REGENCY,25,UNIT,2023
300,32,JAWA BARAT,3273,KOTA BANDUNG,3273210,CIBEUNYING KIDUL,32.73.14,CIBEUNYING KIDUL,DELIMA CIKUTRA,25,UNIT,2023
301,32,JAWA BARAT,3273,KOTA BANDUNG,3273210,CIBEUNYING KIDUL,32.73.14,CIBEUNYING KIDUL,GATEWAY PADASUKA (APARTEMEN),0,UNIT,2023
302,32,JAWA BARAT,3273,KOTA BANDUNG,3273210,CIBEUNYING KIDUL,32.73.14,CIBEUNYING KIDUL,GRAHA PADASUKA,44,UNIT,2023
303,32,JAWA BARAT,3273,KOTA BANDUNG,3273210,CIBEUNYING KIDUL,32.73.14,CIBEUNYING KIDUL,GREEN VALLEY RESIDENCE,132,UNIT,2023
304,32,JAWA BARAT,3273,KOTA BANDUNG,3273210,CIBEUNYING KIDUL,32.73.14,CIBEUNYING KIDUL,KAWASAKI,22,UNIT,2023
305,32,JAWA BARAT,3273,KOTA BANDUNG,3273210,CIBEUNYING KIDUL,32.73.14,CIBEUNYING KIDUL,KOMPLEK PASIR LAYUNG ASRI,38,UNIT,2023
306,32,JAWA BARAT,3273,KOTA BANDUNG,3273210,CIBEUNYING KIDUL,32.73.14,CIBEUNYING KIDUL,PADASUKA ESTATE,36,UNIT,2023
307,32,JAWA BARAT,3273,KOTA BANDUNG,3273210,CIBEUNYING KIDUL,32.73.14,CIBEUNYING KIDUL,PADASUKA PARK,0,UNIT,2023
308,32,JAWA BARAT,3273,KOTA BANDUNG,3273210,CIBEUNYING KIDUL,32.73.14,CIBEUNYING KIDUL,PADASUKA ROYAL VIEW,10,UNIT,2023
309,32,JAWA BARAT,3273,KOTA BANDUNG,3273210,CIBEUNYING KIDUL,32.73.14,CIBEUNYING KIDUL,PERUM BUMI ASRI,0,UNIT,2023
310,32,JAWA BARAT,3273,KOTA BANDUNG,3273210,CIBEUNYING KIDUL,32.73.14,CIBEUNYING KIDUL,SAUNG BOJONG,15,UNIT,2023
311,32,JAWA BARAT,3273,KOTA BANDUNG,3273210,CIBEUNYING KIDUL,32.73.14,CIBEUNYING KIDUL,SUCI RESIDENCE,77,UNIT,2023
312,32,JAWA BARAT,3273,KOTA BANDUNG,3273210,CIBEUNYING KIDUL,32.73.14,CIBEUNYING KIDUL,SURAPATI CORE,77,UNIT,2023
313,32,JAWA BARAT,3273,KOTA BANDUNG,3273210,CIBEUNYING KIDUL,32.73.14,CIBEUNYING KIDUL,TERRACE HOUSE,33,UNIT,2023
314,32,JAWA BARAT,3273,KOTA BANDUNG,3273210,CIBEUNYING KIDUL,32.73.14,CIBEUNYING KIDUL,THE GREEN PADASUKA,0,UNIT,2023
315,32,JAWA BARAT,3273,KOTA BANDUNG,3273210,CIBEUNYING KIDUL,32.73.14,CIBEUNYING KIDUL,VILLA SUKA LNDAH,19,UNIT,2023
316,32,JAWA BARAT,3273,KOTA BANDUNG,3273110,CIBIRU,32.73.25,CIBIRU,ASTOM RESIDENCE,265,UNIT,2023
317,32,JAWA BARAT,3273,KOTA BANDUNG,3273110,CIBIRU,32.73.25,CIBIRU,BARA MANGLAYANGÂ  / MANGLAYANG SARI,48,UNIT,2023
318,32,JAWA BARAT,3273,KOTA BANDUNG,3273110,CIBIRU,32.73.25,CIBIRU,BUKIT CITRA ASRI,26,UNIT,2023
319,32,JAWA BARAT,3273,KOTA BANDUNG,3273110,CIBIRU,32.73.25,CIBIRU,BUKIT CITRA BIRU,60,UNIT,2023
320,32,JAWA BARAT,3273,KOTA BANDUNG,3273110,CIBIRU,32.73.25,CIBIRU,BUMI CILENGKRANG LNDAH,19,UNIT,2023
321,32,JAWA BARAT,3273,KOTA BANDUNG,3273110,CIBIRU,32.73.25,CIBIRU,CILENGKRANG CITY VIEW,132,UNIT,2023
322,32,JAWA BARAT,3273,KOTA BANDUNG,3273110,CIBIRU,32.73.25,CIBIRU,CIPADUNG PERMAI,154,UNIT,2023
323,32,JAWA BARAT,3273,KOTA BANDUNG,3273110,CIBIRU,32.73.25,CIBIRU,CITRA BIRU,101,UNIT,2023
324,32,JAWA BARAT,3273,KOTA BANDUNG,3273110,CIBIRU,32.73.25,CIBIRU,DE GREEN MANSION,75,UNIT,2023
325,32,JAWA BARAT,3273,KOTA BANDUNG,3273110,CIBIRU,32.73.25,CIBIRU,DWIPAPURI RESIDENCE,154,UNIT,2023
326,32,JAWA BARAT,3273,KOTA BANDUNG,3273110,CIBIRU,32.73.25,CIBIRU,EASTERN HILLS,392,UNIT,2023
327,32,JAWA BARAT,3273,KOTA BANDUNG,3273110,CIBIRU,32.73.25,CIBIRU,GRAHA CIPADUNG,35,UNIT,2023
328,32,JAWA BARAT,3273,KOTA BANDUNG,3273110,CIBIRU,32.73.25,CIBIRU,GRAHA MUTIARA,60,UNIT,2023
329,32,JAWA BARAT,3273,KOTA BANDUNG,3273110,CIBIRU,32.73.25,CIBIRU,GRIYA CIPADUNG ASRI (CIGAGAK ASRI),64,UNIT,2023
330,32,JAWA BARAT,3273,KOTA BANDUNG,3273110,CIBIRU,32.73.25,CIBIRU,GRIYA SAKINAH,16,UNIT,2023
331,32,JAWA BARAT,3273,KOTA BANDUNG,3273110,CIBIRU,32.73.25,CIBIRU,KHARISMA LAND,89,UNIT,2023
332,32,JAWA BARAT,3273,KOTA BANDUNG,3273110,CIBIRU,32.73.25,CIBIRU,KOMPLEK KOPEDI,120,UNIT,2023
333,32,JAWA BARAT,3273,KOTA BANDUNG,3273110,CIBIRU,32.73.25,CIBIRU,KOMPLEK KSB,110,UNIT,2023
334,32,JAWA BARAT,3273,KOTA BANDUNG,3273110,CIBIRU,32.73.25,CIBIRU,KOMPLEK PALASARI,150,UNIT,2023
335,32,JAWA BARAT,3273,KOTA BANDUNG,3273110,CIBIRU,32.73.25,CIBIRU,KOMPLEK PUSKOPAD,120,UNIT,2023
336,32,JAWA BARAT,3273,KOTA BANDUNG,3273110,CIBIRU,32.73.25,CIBIRU,KOMPLEK SAFIRA,46,UNIT,2023
337,32,JAWA BARAT,3273,KOTA BANDUNG,3273110,CIBIRU,32.73.25,CIBIRU,KOMPLEK TIRTA WENING,159,UNIT,2023
338,32,JAWA BARAT,3273,KOTA BANDUNG,3273110,CIBIRU,32.73.25,CIBIRU,KOMPLEK YAYASAN MARGASATWA (YKB),93,UNIT,2023
339,32,JAWA BARAT,3273,KOTA BANDUNG,3273110,CIBIRU,32.73.25,CIBIRU,MENTARI REGENCY,86,UNIT,2023
340,32,JAWA BARAT,3273,KOTA BANDUNG,3273110,CIBIRU,32.73.25,CIBIRU,MUTIARA RESIDENCE (CIPADUNG RESIDENCE),10,UNIT,2023
341,32,JAWA BARAT,3273,KOTA BANDUNG,3273110,CIBIRU,32.73.25,CIBIRU,PALASARI HILLS,0,UNIT,2023
342,32,JAWA BARAT,3273,KOTA BANDUNG,3273110,CIBIRU,32.73.25,CIBIRU,PURI DENKA,12,UNIT,2023
343,32,JAWA BARAT,3273,KOTA BANDUNG,3273110,CIBIRU,32.73.25,CIBIRU,RUMAH CEMARA,12,UNIT,2023
344,32,JAWA BARAT,3273,KOTA BANDUNG,3273110,CIBIRU,32.73.25,CIBIRU,VIJAYA KUSUMA - NUANSA PERMAI,422,UNIT,2023
345,32,JAWA BARAT,3273,KOTA BANDUNG,3273190,CICENDO,32.73.06,CICENDO,APARTEMEN LANDMARK (APARTEMEN),0,UNIT,2023
346,32,JAWA BARAT,3273,KOTA BANDUNG,3273190,CICENDO,32.73.06,CICENDO,BABAKAN RADIO,0,UNIT,2023
347,32,JAWA BARAT,3273,KOTA BANDUNG,3273190,CICENDO,32.73.06,CICENDO,BALADEWA ASRI,56,UNIT,2023
348,32,JAWA BARAT,3273,KOTA BANDUNG,3273190,CICENDO,32.73.06,CICENDO,BUMI SUKARAJA,25,UNIT,2023
349,32,JAWA BARAT,3273,KOTA BANDUNG,3273190,CICENDO,32.73.06,CICENDO,CIPTA GRAHA,123,UNIT,2023
350,32,JAWA BARAT,3273,KOTA BANDUNG,3273190,CICENDO,32.73.06,CICENDO,DAKOTA RAYA,50,UNIT,2023
351,32,JAWA BARAT,3273,KOTA BANDUNG,3273190,CICENDO,32.73.06,CICENDO,D'LAPAN RESIDENCE,8,UNIT,2023
352,32,JAWA BARAT,3273,KOTA BANDUNG,3273190,CICENDO,32.73.06,CICENDO,GARDENIA REGENCY,16,UNIT,2023
353,32,JAWA BARAT,3273,KOTA BANDUNG,3273190,CICENDO,32.73.06,CICENDO,GATEWAY PASTEUR APARTMENT (APARTEMEN),0,UNIT,2023
354,32,JAWA BARAT,3273,KOTA BANDUNG,3273190,CICENDO,32.73.06,CICENDO,GATEWAY PASTEUR RESIDENCE,76,UNIT,2023
355,32,JAWA BARAT,3273,KOTA BANDUNG,3273190,CICENDO,32.73.06,CICENDO,GRAHA INDAH,41,UNIT,2023
356,32,JAWA BARAT,3273,KOTA BANDUNG,3273190,CICENDO,32.73.06,CICENDO,GREEN PASTEUR CULDESAK,15,UNIT,2023
357,32,JAWA BARAT,3273,KOTA BANDUNG,3273190,CICENDO,32.73.06,CICENDO,ISTANA PASTEUR,92,UNIT,2023
358,32,JAWA BARAT,3273,KOTA BANDUNG,3273190,CICENDO,32.73.06,CICENDO,ISTANA REGENCY 1,93,UNIT,2023
359,32,JAWA BARAT,3273,KOTA BANDUNG,3273190,CICENDO,32.73.06,CICENDO,ISTANA REGENCY 2,67,UNIT,2023
360,32,JAWA BARAT,3273,KOTA BANDUNG,3273190,CICENDO,32.73.06,CICENDO,KOMPLEK AURI,139,UNIT,2023
361,32,JAWA BARAT,3273,KOTA BANDUNG,3273190,CICENDO,32.73.06,CICENDO,KOMPLEK LAPAN,10,UNIT,2023
362,32,JAWA BARAT,3273,KOTA BANDUNG,3273190,CICENDO,32.73.06,CICENDO,KOMPLEK PJKA,20,UNIT,2023
363,32,JAWA BARAT,3273,KOTA BANDUNG,3273190,CICENDO,32.73.06,CICENDO,KOMPLEK UNPAR,12,UNIT,2023
364,32,JAWA BARAT,3273,KOTA BANDUNG,3273190,CICENDO,32.73.06,CICENDO,KOMPLEK UNPAR,8,UNIT,2023
365,32,JAWA BARAT,3273,KOTA BANDUNG,3273190,CICENDO,32.73.06,CICENDO,MEGA ASRI 2,35,UNIT,2023
366,32,JAWA BARAT,3273,KOTA BANDUNG,3273190,CICENDO,32.73.06,CICENDO,MEGA MEKAR,15,UNIT,2023
367,32,JAWA BARAT,3273,KOTA BANDUNG,3273190,CICENDO,32.73.06,CICENDO,MEGA RAYA,30,UNIT,2023
368,32,JAWA BARAT,3273,KOTA BANDUNG,3273190,CICENDO,32.73.06,CICENDO,MEGA RAYA RESIDENCE,21,UNIT,2023
369,32,JAWA BARAT,3273,KOTA BANDUNG,3273190,CICENDO,32.73.06,CICENDO,MILLENIUM REGENCY,41,UNIT,2023
370,32,JAWA BARAT,3273,KOTA BANDUNG,3273190,CICENDO,32.73.06,CICENDO,PESONA PASTEUR RESIDENCE,138,UNIT,2023
371,32,JAWA BARAT,3273,KOTA BANDUNG,3273190,CICENDO,32.73.06,CICENDO,RUSUN LNDUSTRI,0,UNIT,2023
372,32,JAWA BARAT,3273,KOTA BANDUNG,3273190,CICENDO,32.73.06,CICENDO,TAMAN MILLENIUM,38,UNIT,2023
373,32,JAWA BARAT,3273,KOTA BANDUNG,3273190,CICENDO,32.73.06,CICENDO,THE RESIDENCE MEGA ASRI,21,UNIT,2023
374,32,JAWA BARAT,3273,KOTA BANDUNG,3273190,CICENDO,32.73.06,CICENDO,VILLA KENDARSI,4,UNIT,2023
375,32,JAWA BARAT,3273,KOTA BANDUNG,3273260,CIDADAP,32.73.08,CIDADAP,ALLEGRO ALTURA,0,UNIT,2023
376,32,JAWA BARAT,3273,KOTA BANDUNG,3273260,CIDADAP,32.73.08,CIDADAP,APARTEMEN PARAHYANGAN RESIDENCE (APARTEMEN),0,UNIT,2023
377,32,JAWA BARAT,3273,KOTA BANDUNG,3273260,CIDADAP,32.73.08,CIDADAP,AVIANTO RESIDENCE,4,UNIT,2023
378,32,JAWA BARAT,3273,KOTA BANDUNG,3273260,CIDADAP,32.73.08,CIDADAP,BUDI SARI,200,UNIT,2023
379,32,JAWA BARAT,3273,KOTA BANDUNG,3273260,CIDADAP,32.73.08,CIDADAP,CENDANA RESIDENCE / TJENDANA TOWNHOUSE,0,UNIT,2023
380,32,JAWA BARAT,3273,KOTA BANDUNG,3273260,CIDADAP,32.73.08,CIDADAP,CIDADAP GIRANG,0,UNIT,2023
381,32,JAWA BARAT,3273,KOTA BANDUNG,3273260,CIDADAP,32.73.08,CIDADAP,CIDADAP GIRANG BARU,26,UNIT,2023
382,32,JAWA BARAT,3273,KOTA BANDUNG,3273260,CIDADAP,32.73.08,CIDADAP,CIPAKU INDAH,126,UNIT,2023
383,32,JAWA BARAT,3273,KOTA BANDUNG,3273260,CIDADAP,32.73.08,CIDADAP,CIPAKU LNDAH BLOK KADU,0,UNIT,2023
384,32,JAWA BARAT,3273,KOTA BANDUNG,3273260,CIDADAP,32.73.08,CIDADAP,CIPAKU PERMAI,15,UNIT,2023
385,32,JAWA BARAT,3273,KOTA BANDUNG,3273260,CIDADAP,32.73.08,CIDADAP,CITRA GREEN,71,UNIT,2023
386,32,JAWA BARAT,3273,KOTA BANDUNG,3273260,CIDADAP,32.73.08,CIDADAP,CIUMBULEUIT REGENCY,28,UNIT,2023
387,32,JAWA BARAT,3273,KOTA BANDUNG,3273260,CIDADAP,32.73.08,CIDADAP,DAGO PANDAWA,5,UNIT,2023
388,32,JAWA BARAT,3273,KOTA BANDUNG,3273260,CIDADAP,32.73.08,CIDADAP,DAGO SMART VALLEY,0,UNIT,2023
389,32,JAWA BARAT,3273,KOTA BANDUNG,3273260,CIDADAP,32.73.08,CIDADAP,DE BALE PAKUAN,42,UNIT,2023
390,32,JAWA BARAT,3273,KOTA BANDUNG,3273260,CIDADAP,32.73.08,CIDADAP,GALLERY CIUMBULEUIT APARTMENT (APARTEMEN),0,UNIT,2023
391,32,JAWA BARAT,3273,KOTA BANDUNG,3273260,CIDADAP,32.73.08,CIDADAP,GALLERY CIUMBULEUIT APARTMENT 2 (APARTEMEN),0,UNIT,2023
392,32,JAWA BARAT,3273,KOTA BANDUNG,3273260,CIDADAP,32.73.08,CIDADAP,GRAND SETIABUDI APARTMENT (APARTEMEN),0,UNIT,2023
393,32,JAWA BARAT,3273,KOTA BANDUNG,3273260,CIDADAP,32.73.08,CIDADAP,GREEN HILL,70,UNIT,2023
394,32,JAWA BARAT,3273,KOTA BANDUNG,3273260,CIDADAP,32.73.08,CIDADAP,KOMPLEK CIDADAP,22,UNIT,2023
395,32,JAWA BARAT,3273,KOTA BANDUNG,3273260,CIDADAP,32.73.08,CIDADAP,KOMPLEK LIPI,62,UNIT,2023
396,32,JAWA BARAT,3273,KOTA BANDUNG,3273260,CIDADAP,32.73.08,CIDADAP,KOMPLEK PALECIO,12,UNIT,2023
397,32,JAWA BARAT,3273,KOTA BANDUNG,3273260,CIDADAP,32.73.08,CIDADAP,RANCABENTANG TOWNHOUSE,8,UNIT,2023
398,32,JAWA BARAT,3273,KOTA BANDUNG,3273260,CIDADAP,32.73.08,CIDADAP,SURYA CIUMBULEUIT RESIDENCE,5,UNIT,2023
399,32,JAWA BARAT,3273,KOTA BANDUNG,3273260,CIDADAP,32.73.08,CIDADAP,TAMAN CIKENDI,12,UNIT,2023
400,32,JAWA BARAT,3273,KOTA BANDUNG,3273260,CIDADAP,32.73.08,CIDADAP,THE GREEN CIUMBULEUIT,14,UNIT,2023
401,32,JAWA BARAT,3273,KOTA BANDUNG,3273260,CIDADAP,32.73.08,CIDADAP,THE SETIABUDHI TERRACE,80,UNIT,2023
402,32,JAWA BARAT,3273,KOTA BANDUNG,3273121,CINAMBO,32.73.29,CINAMBO,ANDARU RESIDENCE,120,UNIT,2023
403,32,JAWA BARAT,3273,KOTA BANDUNG,3273121,CINAMBO,32.73.29,CINAMBO,ANGGREK RESIDENCE,106,UNIT,2023
404,32,JAWA BARAT,3273,KOTA BANDUNG,3273121,CINAMBO,32.73.29,CINAMBO,BANDUNG TIMUR REGENCY,152,UNIT,2023
405,32,JAWA BARAT,3273,KOTA BANDUNG,3273121,CINAMBO,32.73.29,CINAMBO,BUMI GOLF LESTARI,95,UNIT,2023
406,32,JAWA BARAT,3273,KOTA BANDUNG,3273121,CINAMBO,32.73.29,CINAMBO,CINAMBO LNDAH,297,UNIT,2023
407,32,JAWA BARAT,3273,KOTA BANDUNG,3273121,CINAMBO,32.73.29,CINAMBO,GRAHA PESONA,136,UNIT,2023
408,32,JAWA BARAT,3273,KOTA BANDUNG,3273121,CINAMBO,32.73.29,CINAMBO,KOMPLEK ASIFA/PADMA,46,UNIT,2023
409,32,JAWA BARAT,3273,KOTA BANDUNG,3273121,CINAMBO,32.73.29,CINAMBO,KOMPLEK CIPADUNG,1876,UNIT,2023
410,32,JAWA BARAT,3273,KOTA BANDUNG,3273121,CINAMBO,32.73.29,CINAMBO,KOMPLEK LARISA,70,UNIT,2023
411,32,JAWA BARAT,3273,KOTA BANDUNG,3273121,CINAMBO,32.73.29,CINAMBO,KOMPLEK SANDANG,34,UNIT,2023
412,32,JAWA BARAT,3273,KOTA BANDUNG,3273121,CINAMBO,32.73.29,CINAMBO,MY HOME CINAMBO,0,UNIT,2023
413,32,JAWA BARAT,3273,KOTA BANDUNG,3273230,COBLONG,32.73.02,COBLONG,ALAMANDA DAGO PERMAI,135,UNIT,2023
414,32,JAWA BARAT,3273,KOTA BANDUNG,3273230,COBLONG,32.73.02,COBLONG,APARTEMEN LIVERA (APARTEMEN),0,UNIT,2023
415,32,JAWA BARAT,3273,KOTA BANDUNG,3273230,COBLONG,32.73.02,COBLONG,BUKIT DAGO SELATAN TOWN HOUSE,38,UNIT,2023
416,32,JAWA BARAT,3273,KOTA BANDUNG,3273230,COBLONG,32.73.02,COBLONG,CAPITOL DAGO VALLEY,0,UNIT,2023
417,32,JAWA BARAT,3273,KOTA BANDUNG,3273230,COBLONG,32.73.02,COBLONG,CIPAGANTI PERMAI,29,UNIT,2023
418,32,JAWA BARAT,3273,KOTA BANDUNG,3273230,COBLONG,32.73.02,COBLONG,CISITU TOWNHOUSE,11,UNIT,2023
419,32,JAWA BARAT,3273,KOTA BANDUNG,3273230,COBLONG,32.73.02,COBLONG,DAGO ASRI,49,UNIT,2023
420,32,JAWA BARAT,3273,KOTA BANDUNG,3273230,COBLONG,32.73.02,COBLONG,DAGO SUITES APARTMENT (APARTEMEN),0,UNIT,2023
421,32,JAWA BARAT,3273,KOTA BANDUNG,3273230,COBLONG,32.73.02,COBLONG,GRAND ROYAL PANGHEGAR (KONDOTEL),0,UNIT,2023
422,32,JAWA BARAT,3273,KOTA BANDUNG,3273230,COBLONG,32.73.02,COBLONG,GRIYA TUBAGUS ISMAIL,15,UNIT,2023
423,32,JAWA BARAT,3273,KOTA BANDUNG,3273230,COBLONG,32.73.02,COBLONG,HQUARTERS BUSSINESS RESIDENCE (KANTOR SEWA),0,UNIT,2023
424,32,JAWA BARAT,3273,KOTA BANDUNG,3273230,COBLONG,32.73.02,COBLONG,KAMPOENG DAGO 1,17,UNIT,2023
425,32,JAWA BARAT,3273,KOTA BANDUNG,3273230,COBLONG,32.73.02,COBLONG,KAMPOENG DAGO 2,22,UNIT,2023
426,32,JAWA BARAT,3273,KOTA BANDUNG,3273230,COBLONG,32.73.02,COBLONG,KAMPUNG PADI,100,UNIT,2023
427,32,JAWA BARAT,3273,KOTA BANDUNG,3273230,COBLONG,32.73.02,COBLONG,KOMPLEK BATAN,50,UNIT,2023
428,32,JAWA BARAT,3273,KOTA BANDUNG,3273230,COBLONG,32.73.02,COBLONG,KOMPLEK DDK,19,UNIT,2023
429,32,JAWA BARAT,3273,KOTA BANDUNG,3273230,COBLONG,32.73.02,COBLONG,KOMPLEK DOSEN LTB KANAYAKAN,63,UNIT,2023
430,32,JAWA BARAT,3273,KOTA BANDUNG,3273230,COBLONG,32.73.02,COBLONG,KOMPLEK DOSEN UNPAD,18,UNIT,2023
431,32,JAWA BARAT,3273,KOTA BANDUNG,3273230,COBLONG,32.73.02,COBLONG,KOMPLEK PPTM,5,UNIT,2023
432,32,JAWA BARAT,3273,KOTA BANDUNG,3273230,COBLONG,32.73.02,COBLONG,KOMPLEK PUSLITBANG PENGAIRAN,7,UNIT,2023
433,32,JAWA BARAT,3273,KOTA BANDUNG,3273230,COBLONG,32.73.02,COBLONG,LEMBAH CISITU,5,UNIT,2023
434,32,JAWA BARAT,3273,KOTA BANDUNG,3273230,COBLONG,32.73.02,COBLONG,LEMBAH TUBAGUS ISMAIL,47,UNIT,2023
435,32,JAWA BARAT,3273,KOTA BANDUNG,3273230,COBLONG,32.73.02,COBLONG,PERUMNAS SADANG SERANG,0,UNIT,2023
436,32,JAWA BARAT,3273,KOTA BANDUNG,3273101,GEDEBAGE,32.73.27,GEDEBAGE,BUANA SOETTA,419,UNIT,2023
437,32,JAWA BARAT,3273,KOTA BANDUNG,3273101,GEDEBAGE,32.73.27,GEDEBAGE,BUMI ADIPURA,259,UNIT,2023
438,32,JAWA BARAT,3273,KOTA BANDUNG,3273101,GEDEBAGE,32.73.27,GEDEBAGE,BUMI PITALOKA,120,UNIT,2023
439,32,JAWA BARAT,3273,KOTA BANDUNG,3273101,GEDEBAGE,32.73.27,GEDEBAGE,GRIYA CEMPAKA ARUM,539,UNIT,2023
440,32,JAWA BARAT,3273,KOTA BANDUNG,3273101,GEDEBAGE,32.73.27,GEDEBAGE,RIUNG GEDE,244,UNIT,2023
441,32,JAWA BARAT,3273,KOTA BANDUNG,3273101,GEDEBAGE,32.73.27,GEDEBAGE,SUMMARECON,0,UNIT,2023
442,32,JAWA BARAT,3273,KOTA BANDUNG,3273150,KIARACONDONG,32.73.16,KIARACONDONG,BUMI ASRI SUKAPURA,336,UNIT,2023
443,32,JAWA BARAT,3273,KOTA BANDUNG,3273150,KIARACONDONG,32.73.16,KIARACONDONG,CLUSTER BALI 1,43,UNIT,2023
444,32,JAWA BARAT,3273,KOTA BANDUNG,3273150,KIARACONDONG,32.73.16,KIARACONDONG,CLUSTER BALI 2,130,UNIT,2023
445,32,JAWA BARAT,3273,KOTA BANDUNG,3273150,KIARACONDONG,32.73.16,KIARACONDONG,DAI-LCHI ANTAPANI,69,UNIT,2023
446,32,JAWA BARAT,3273,KOTA BANDUNG,3273150,KIARACONDONG,32.73.16,KIARACONDONG,KOMPLEK WISMA TELADAN,11,UNIT,2023
447,32,JAWA BARAT,3273,KOTA BANDUNG,3273150,KIARACONDONG,32.73.16,KIARACONDONG,KPAD PINDAD UTARA,250,UNIT,2023
448,32,JAWA BARAT,3273,KOTA BANDUNG,3273150,KIARACONDONG,32.73.16,KIARACONDONG,SARI LNDAH RESIDENCE,11,UNIT,2023
449,32,JAWA BARAT,3273,KOTA BANDUNG,3273150,KIARACONDONG,32.73.16,KIARACONDONG,SULAKSANA MAKMUR,56,UNIT,2023
450,32,JAWA BARAT,3273,KOTA BANDUNG,3273150,KIARACONDONG,32.73.16,KIARACONDONG,TAMAN RAFFLESIA,163,UNIT,2023
451,32,JAWA BARAT,3273,KOTA BANDUNG,3273150,KIARACONDONG,32.73.16,KIARACONDONG,VILLA ANTAPANI INDAH,35,UNIT,2023
452,32,JAWA BARAT,3273,KOTA BANDUNG,3273070,LENGKONG,32.73.13,LENGKONG,KOMPLEK B.I,62,UNIT,2023
453,32,JAWA BARAT,3273,KOTA BANDUNG,3273070,LENGKONG,32.73.13,LENGKONG,KOMPLEK BINAMARGA,49,UNIT,2023
454,32,JAWA BARAT,3273,KOTA BANDUNG,3273070,LENGKONG,32.73.13,LENGKONG,KOMPLEK P & K,155,UNIT,2023
455,32,JAWA BARAT,3273,KOTA BANDUNG,3273070,LENGKONG,32.73.13,LENGKONG,KOMPLEK PENGAIRAN & METROLOGI,55,UNIT,2023
456,32,JAWA BARAT,3273,KOTA BANDUNG,3273070,LENGKONG,32.73.13,LENGKONG,KOMPLEK PIN,18,UNIT,2023
457,32,JAWA BARAT,3273,KOTA BANDUNG,3273070,LENGKONG,32.73.13,LENGKONG,KOMPLEK POSTEL,64,UNIT,2023
458,32,JAWA BARAT,3273,KOTA BANDUNG,3273070,LENGKONG,32.73.13,LENGKONG,KOMPLEK WARTAWAN,97,UNIT,2023
459,32,JAWA BARAT,3273,KOTA BANDUNG,3273070,LENGKONG,32.73.13,LENGKONG,PUTERAKO INDAH,453,UNIT,2023
460,32,JAWA BARAT,3273,KOTA BANDUNG,3273070,LENGKONG,32.73.13,LENGKONG,THE GREEN KOSAMBI (APARTEMENT),0,UNIT,2023
461,32,JAWA BARAT,3273,KOTA BANDUNG,3273142,MANDALAJATI,32.73.30,MANDALAJATI,BANDUNG CITY VIEW 1,274,UNIT,2023
462,32,JAWA BARAT,3273,KOTA BANDUNG,3273142,MANDALAJATI,32.73.30,MANDALAJATI,BANDUNG CITY VIEW 2,74,UNIT,2023
463,32,JAWA BARAT,3273,KOTA BANDUNG,3273142,MANDALAJATI,32.73.30,MANDALAJATI,BUKIT PAJAJARAN,541,UNIT,2023
464,32,JAWA BARAT,3273,KOTA BANDUNG,3273142,MANDALAJATI,32.73.30,MANDALAJATI,BUMI PASUNDAN,143,UNIT,2023
465,32,JAWA BARAT,3273,KOTA BANDUNG,3273142,MANDALAJATI,32.73.30,MANDALAJATI,BUMI SINDANG JAYA,55,UNIT,2023
466,32,JAWA BARAT,3273,KOTA BANDUNG,3273142,MANDALAJATI,32.73.30,MANDALAJATI,CITRA WANAGARI RESIDENCE,35,UNIT,2023
467,32,JAWA BARAT,3273,KOTA BANDUNG,3273142,MANDALAJATI,32.73.30,MANDALAJATI,CITY GARDEN RESIDENCE,142,UNIT,2023
468,32,JAWA BARAT,3273,KOTA BANDUNG,3273142,MANDALAJATI,32.73.30,MANDALAJATI,GIRI MANDE,306,UNIT,2023
469,32,JAWA BARAT,3273,KOTA BANDUNG,3273142,MANDALAJATI,32.73.30,MANDALAJATI,GRAND PANORAMIC RESIDENCE,126,UNIT,2023
470,32,JAWA BARAT,3273,KOTA BANDUNG,3273142,MANDALAJATI,32.73.30,MANDALAJATI,GRAND PARAHYANGAN,0,UNIT,2023
471,32,JAWA BARAT,3273,KOTA BANDUNG,3273142,MANDALAJATI,32.73.30,MANDALAJATI,GREEN CITYÂ  VIEW,308,UNIT,2023
472,32,JAWA BARAT,3273,KOTA BANDUNG,3273142,MANDALAJATI,32.73.30,MANDALAJATI,GREEN GARDEN VIEW,126,UNIT,2023
473,32,JAWA BARAT,3273,KOTA BANDUNG,3273142,MANDALAJATI,32.73.30,MANDALAJATI,GREEN HILLS,77,UNIT,2023
474,32,JAWA BARAT,3273,KOTA BANDUNG,3273142,MANDALAJATI,32.73.30,MANDALAJATI,GREEN VALLEY RESIDENCE,55,UNIT,2023
475,32,JAWA BARAT,3273,KOTA BANDUNG,3273142,MANDALAJATI,32.73.30,MANDALAJATI,HARMONI SINDANGLAYA,60,UNIT,2023
476,32,JAWA BARAT,3273,KOTA BANDUNG,3273142,MANDALAJATI,32.73.30,MANDALAJATI,KOMPLEK ATPUT,16,UNIT,2023
477,32,JAWA BARAT,3273,KOTA BANDUNG,3273142,MANDALAJATI,32.73.30,MANDALAJATI,KOMPLEK HARMONI,95,UNIT,2023
478,32,JAWA BARAT,3273,KOTA BANDUNG,3273142,MANDALAJATI,32.73.30,MANDALAJATI,KOMPLEK KEJAKSAAN TINGGI NEGERI,45,UNIT,2023
479,32,JAWA BARAT,3273,KOTA BANDUNG,3273142,MANDALAJATI,32.73.30,MANDALAJATI,KOMPLEK MANDALA,118,UNIT,2023
480,32,JAWA BARAT,3273,KOTA BANDUNG,3273142,MANDALAJATI,32.73.30,MANDALAJATI,KOMPLEK SUKAASIH,398,UNIT,2023
481,32,JAWA BARAT,3273,KOTA BANDUNG,3273142,MANDALAJATI,32.73.30,MANDALAJATI,KOMPLEK VALLEY,70,UNIT,2023
482,32,JAWA BARAT,3273,KOTA BANDUNG,3273142,MANDALAJATI,32.73.30,MANDALAJATI,LEMAH ENDAH,91,UNIT,2023
483,32,JAWA BARAT,3273,KOTA BANDUNG,3273142,MANDALAJATI,32.73.30,MANDALAJATI,MANDE ASRI,10,UNIT,2023
484,32,JAWA BARAT,3273,KOTA BANDUNG,3273142,MANDALAJATI,32.73.30,MANDALAJATI,MEGA REGENCY,173,UNIT,2023
485,32,JAWA BARAT,3273,KOTA BANDUNG,3273142,MANDALAJATI,32.73.30,MANDALAJATI,PARK HILLS,7,UNIT,2023
486,32,JAWA BARAT,3273,KOTA BANDUNG,3273142,MANDALAJATI,32.73.30,MANDALAJATI,PASIR LMPUN VALLEY,44,UNIT,2023
487,32,JAWA BARAT,3273,KOTA BANDUNG,3273142,MANDALAJATI,32.73.30,MANDALAJATI,PONDOK ALAM HARMONI,25,UNIT,2023
488,32,JAWA BARAT,3273,KOTA BANDUNG,3273142,MANDALAJATI,32.73.30,MANDALAJATI,PONDOK ALAM RESIK,60,UNIT,2023
489,32,JAWA BARAT,3273,KOTA BANDUNG,3273142,MANDALAJATI,32.73.30,MANDALAJATI,PONDOK GIRI MANDE,51,UNIT,2023
490,32,JAWA BARAT,3273,KOTA BANDUNG,3273142,MANDALAJATI,32.73.30,MANDALAJATI,PURI JATIHANDAP RESIDENCE,58,UNIT,2023
491,32,JAWA BARAT,3273,KOTA BANDUNG,3273142,MANDALAJATI,32.73.30,MANDALAJATI,SAKURA ESTATE,27,UNIT,2023
492,32,JAWA BARAT,3273,KOTA BANDUNG,3273142,MANDALAJATI,32.73.30,MANDALAJATI,SAYANA D'VILLAGE,66,UNIT,2023
493,32,JAWA BARAT,3273,KOTA BANDUNG,3273142,MANDALAJATI,32.73.30,MANDALAJATI,SEKEBIRU TOWNHOUSE,0,UNIT,2023
494,32,JAWA BARAT,3273,KOTA BANDUNG,3273142,MANDALAJATI,32.73.30,MANDALAJATI,SUNRISE HILL RESIDENCE,69,UNIT,2023
495,32,JAWA BARAT,3273,KOTA BANDUNG,3273142,MANDALAJATI,32.73.30,MANDALAJATI,TAMAN SARI BUKIT BANDUNG,600,UNIT,2023
496,32,JAWA BARAT,3273,KOTA BANDUNG,3273111,PANYILEUKAN,32.73.28,PANYILEUKAN,BUMI ASRI UJUNG BERUNG,84,UNIT,2023
497,32,JAWA BARAT,3273,KOTA BANDUNG,3273111,PANYILEUKAN,32.73.28,PANYILEUKAN,BUMI PANYILEUKAN,1150,UNIT,2023
498,32,JAWA BARAT,3273,KOTA BANDUNG,3273111,PANYILEUKAN,32.73.28,PANYILEUKAN,CLUSTER MUTIARA,39,UNIT,2023
499,32,JAWA BARAT,3273,KOTA BANDUNG,3273111,PANYILEUKAN,32.73.28,PANYILEUKAN,CLUSTER PANGHEGAR,31,UNIT,2023
500,32,JAWA BARAT,3273,KOTA BANDUNG,3273111,PANYILEUKAN,32.73.28,PANYILEUKAN,GONDANGDIA RESIDENCE 1&2,47,UNIT,2023
501,32,JAWA BARAT,3273,KOTA BANDUNG,3273111,PANYILEUKAN,32.73.28,PANYILEUKAN,GRAHA PANYILEUKAN ASRI,76,UNIT,2023
502,32,JAWA BARAT,3273,KOTA BANDUNG,3273111,PANYILEUKAN,32.73.28,PANYILEUKAN,GRAND UJUNG BERUNG,0,UNIT,2023
503,32,JAWA BARAT,3273,KOTA BANDUNG,3273111,PANYILEUKAN,32.73.28,PANYILEUKAN,MY HOME UJUNG BERUNG,141,UNIT,2023
504,32,JAWA BARAT,3273,KOTA BANDUNG,3273111,PANYILEUKAN,32.73.28,PANYILEUKAN,PANGHEGAR PERMAI,738,UNIT,2023
505,32,JAWA BARAT,3273,KOTA BANDUNG,3273111,PANYILEUKAN,32.73.28,PANYILEUKAN,PANYILEUKAN ASRI RESIDENCE,29,UNIT,2023
506,32,JAWA BARAT,3273,KOTA BANDUNG,3273111,PANYILEUKAN,32.73.28,PANYILEUKAN,PANYILEUKAN REGENCY,50,UNIT,2023
507,32,JAWA BARAT,3273,KOTA BANDUNG,3273111,PANYILEUKAN,32.73.28,PANYILEUKAN,PATRA ASIH (PERTAMINA),81,UNIT,2023
508,32,JAWA BARAT,3273,KOTA BANDUNG,3273111,PANYILEUKAN,32.73.28,PANYILEUKAN,PERMATA MEKAR MULYA,46,UNIT,2023
509,32,JAWA BARAT,3273,KOTA BANDUNG,3273111,PANYILEUKAN,32.73.28,PANYILEUKAN,SUKAMAJU RESIDENCE,36,UNIT,2023
510,32,JAWA BARAT,3273,KOTA BANDUNG,3273111,PANYILEUKAN,32.73.28,PANYILEUKAN,TAMAN CIPADUNG LNDAH,250,UNIT,2023
511,32,JAWA BARAT,3273,KOTA BANDUNG,3273100,RANCASARI,32.73.23,RANCASARI,ARYA GRAHA,350,UNIT,2023
512,32,JAWA BARAT,3273,KOTA BANDUNG,3273100,RANCASARI,32.73.23,RANCASARI,BANDUNG INTEN LNDAH,350,UNIT,2023
513,32,JAWA BARAT,3273,KOTA BANDUNG,3273100,RANCASARI,32.73.23,RANCASARI,BANYU BIRU,212,UNIT,2023
514,32,JAWA BARAT,3273,KOTA BANDUNG,3273100,RANCASARI,32.73.23,RANCASARI,BANYU BIRU INDAH,21,UNIT,2023
515,32,JAWA BARAT,3273,KOTA BANDUNG,3273100,RANCASARI,32.73.23,RANCASARI,BANYU BIRU REGENCY,25,UNIT,2023
516,32,JAWA BARAT,3273,KOTA BANDUNG,3273100,RANCASARI,32.73.23,RANCASARI,BATU KARANG RESIDENCE,48,UNIT,2023
517,32,JAWA BARAT,3273,KOTA BANDUNG,3273100,RANCASARI,32.73.23,RANCASARI,BATU RADEN ASRI,11,UNIT,2023
518,32,JAWA BARAT,3273,KOTA BANDUNG,3273100,RANCASARI,32.73.23,RANCASARI,BATU RADEN INDAH RESIDENCE,21,UNIT,2023
519,32,JAWA BARAT,3273,KOTA BANDUNG,3273100,RANCASARI,32.73.23,RANCASARI,CIPAGANTI RAHAYU,150,UNIT,2023
520,32,JAWA BARAT,3273,KOTA BANDUNG,3273100,RANCASARI,32.73.23,RANCASARI,CIPTA KARYA,22,UNIT,2023
521,32,JAWA BARAT,3273,KOTA BANDUNG,3273100,RANCASARI,32.73.23,RANCASARI,CIPTA PESONA,10,UNIT,2023
522,32,JAWA BARAT,3273,KOTA BANDUNG,3273100,RANCASARI,32.73.23,RANCASARI,CLUSTER BATU KARANG,47,UNIT,2023
523,32,JAWA BARAT,3273,KOTA BANDUNG,3273100,RANCASARI,32.73.23,RANCASARI,CLUSTER GRAHA MARS,40,UNIT,2023
524,32,JAWA BARAT,3273,KOTA BANDUNG,3273100,RANCASARI,32.73.23,RANCASARI,DE MARAKESH,37,UNIT,2023
525,32,JAWA BARAT,3273,KOTA BANDUNG,3273100,RANCASARI,32.73.23,RANCASARI,DERWATI MAS,319,UNIT,2023
526,32,JAWA BARAT,3273,KOTA BANDUNG,3273100,RANCASARI,32.73.23,RANCASARI,D'JARDENA TOWNHOUSE,21,UNIT,2023
527,32,JAWA BARAT,3273,KOTA BANDUNG,3273100,RANCASARI,32.73.23,RANCASARI,GRAHA ASIH,47,UNIT,2023
528,32,JAWA BARAT,3273,KOTA BANDUNG,3273100,RANCASARI,32.73.23,RANCASARI,GRAHA BATU KARANG,250,UNIT,2023
529,32,JAWA BARAT,3273,KOTA BANDUNG,3273100,RANCASARI,32.73.23,RANCASARI,GRAHA MARS RAYA,13,UNIT,2023
530,32,JAWA BARAT,3273,KOTA BANDUNG,3273100,RANCASARI,32.73.23,RANCASARI,GRAND SHARON RESIDENCE,39,UNIT,2023
531,32,JAWA BARAT,3273,KOTA BANDUNG,3273100,RANCASARI,32.73.23,RANCASARI,GRIYA SALUYU,146,UNIT,2023
532,32,JAWA BARAT,3273,KOTA BANDUNG,3273100,RANCASARI,32.73.23,RANCASARI,JINGGA RESIDENCE,108,UNIT,2023
533,32,JAWA BARAT,3273,KOTA BANDUNG,3273100,RANCASARI,32.73.23,RANCASARI,KAWISTARA RESIDENCE,33,UNIT,2023
534,32,JAWA BARAT,3273,KOTA BANDUNG,3273100,RANCASARI,32.73.23,RANCASARI,MARGA CIPTA 2,20,UNIT,2023
535,32,JAWA BARAT,3273,KOTA BANDUNG,3273100,RANCASARI,32.73.23,RANCASARI,MERKURI RESIDENCE,18,UNIT,2023
536,32,JAWA BARAT,3273,KOTA BANDUNG,3273100,RANCASARI,32.73.23,RANCASARI,MUSTIKA TOWNHOUSE,58,UNIT,2023
537,32,JAWA BARAT,3273,KOTA BANDUNG,3273100,RANCASARI,32.73.23,RANCASARI,NUANSA MAS,162,UNIT,2023
538,32,JAWA BARAT,3273,KOTA BANDUNG,3273100,RANCASARI,32.73.23,RANCASARI,OASIS DE WASTERA,19,UNIT,2023
539,32,JAWA BARAT,3273,KOTA BANDUNG,3273100,RANCASARI,32.73.23,RANCASARI,PANGHEGAR TOWN HOUSE,32,UNIT,2023
540,32,JAWA BARAT,3273,KOTA BANDUNG,3273100,RANCASARI,32.73.23,RANCASARI,PASIR POGOR,579,UNIT,2023
541,32,JAWA BARAT,3273,KOTA BANDUNG,3273100,RANCASARI,32.73.23,RANCASARI,PESONA CIWASTRA VILLAGE,487,UNIT,2023
542,32,JAWA BARAT,3273,KOTA BANDUNG,3273100,RANCASARI,32.73.23,RANCASARI,PESONA CLUSTER GRAHA BATU KARANG,185,UNIT,2023
543,32,JAWA BARAT,3273,KOTA BANDUNG,3273100,RANCASARI,32.73.23,RANCASARI,PRATAMA ASRI,90,UNIT,2023
544,32,JAWA BARAT,3273,KOTA BANDUNG,3273100,RANCASARI,32.73.23,RANCASARI,RANCALOA REGENCY,13,UNIT,2023
545,32,JAWA BARAT,3273,KOTA BANDUNG,3273100,RANCASARI,32.73.23,RANCASARI,RIUNG BANDUNG,1643,UNIT,2023
546,32,JAWA BARAT,3273,KOTA BANDUNG,3273100,RANCASARI,32.73.23,RANCASARI,RIUNG DUTA PERMAI,135,UNIT,2023
547,32,JAWA BARAT,3273,KOTA BANDUNG,3273100,RANCASARI,32.73.23,RANCASARI,ROYAL CASABLANCA,16,UNIT,2023
548,32,JAWA BARAT,3273,KOTA BANDUNG,3273100,RANCASARI,32.73.23,RANCASARI,SATURNUS REGENCY,75,UNIT,2023
549,32,JAWA BARAT,3273,KOTA BANDUNG,3273100,RANCASARI,32.73.23,RANCASARI,SATURNUS TENGAH IV,26,UNIT,2023
550,32,JAWA BARAT,3273,KOTA BANDUNG,3273100,RANCASARI,32.73.23,RANCASARI,SATURNUS UTARA 15,13,UNIT,2023
551,32,JAWA BARAT,3273,KOTA BANDUNG,3273100,RANCASARI,32.73.23,RANCASARI,TATAR BIDAKARA,40,UNIT,2023
552,32,JAWA BARAT,3273,KOTA BANDUNG,3273060,REGOL,32.73.11,REGOL,BATU MAS NUSA LNDAH,110,UNIT,2023
553,32,JAWA BARAT,3273,KOTA BANDUNG,3273060,REGOL,32.73.11,REGOL,GRIYA SUKAATI PERMAI,106,UNIT,2023
554,32,JAWA BARAT,3273,KOTA BANDUNG,3273060,REGOL,32.73.11,REGOL,KEMBAR EMAS,150,UNIT,2023
555,32,JAWA BARAT,3273,KOTA BANDUNG,3273060,REGOL,32.73.11,REGOL,KEMBAR INDAH,145,UNIT,2023
556,32,JAWA BARAT,3273,KOTA BANDUNG,3273060,REGOL,32.73.11,REGOL,KEMBAR TENGAH,186,UNIT,2023
557,32,JAWA BARAT,3273,KOTA BANDUNG,3273060,REGOL,32.73.11,REGOL,KEMBAR TIMUR RAYA,23,UNIT,2023
558,32,JAWA BARAT,3273,KOTA BANDUNG,3273060,REGOL,32.73.11,REGOL,KOMPLEK PADMAE,50,UNIT,2023
559,32,JAWA BARAT,3273,KOTA BANDUNG,3273060,REGOL,32.73.11,REGOL,KOMPLEK PASIR JAYA,238,UNIT,2023
560,32,JAWA BARAT,3273,KOTA BANDUNG,3273060,REGOL,32.73.11,REGOL,KOMPLEK PASIRWANGI,160,UNIT,2023
561,32,JAWA BARAT,3273,KOTA BANDUNG,3273060,REGOL,32.73.11,REGOL,KOMPLEK PIN CIATEUL,120,UNIT,2023
562,32,JAWA BARAT,3273,KOTA BANDUNG,3273060,REGOL,32.73.11,REGOL,KOMPLEK PIN KARAWITAN,11,UNIT,2023
563,32,JAWA BARAT,3273,KOTA BANDUNG,3273060,REGOL,32.73.11,REGOL,PASIR SALAM ASRI,62,UNIT,2023
564,32,JAWA BARAT,3273,KOTA BANDUNG,3273060,REGOL,32.73.11,REGOL,PURI BKR,130,UNIT,2023
565,32,JAWA BARAT,3273,KOTA BANDUNG,3273060,REGOL,32.73.11,REGOL,SRIMAHI BARU,300,UNIT,2023
566,32,JAWA BARAT,3273,KOTA BANDUNG,3273240,SUKAJADI,32.73.07,SUKAJADI,CIPEDES RESIDENCE I DAN II,32,UNIT,2023
567,32,JAWA BARAT,3273,KOTA BANDUNG,3273240,SUKAJADI,32.73.07,SUKAJADI,CIPEDES TENGAH,10,UNIT,2023
568,32,JAWA BARAT,3273,KOTA BANDUNG,3273240,SUKAJADI,32.73.07,SUKAJADI,GRIYA MAS,98,UNIT,2023
569,32,JAWA BARAT,3273,KOTA BANDUNG,3273240,SUKAJADI,32.73.07,SUKAJADI,ISTANA SUKAJADI,37,UNIT,2023
570,32,JAWA BARAT,3273,KOTA BANDUNG,3273240,SUKAJADI,32.73.07,SUKAJADI,KOMPLEK SUKADAMAI,45,UNIT,2023
571,32,JAWA BARAT,3273,KOTA BANDUNG,3273240,SUKAJADI,32.73.07,SUKAJADI,KOMPLEK SUTAMI,151,UNIT,2023
572,32,JAWA BARAT,3273,KOTA BANDUNG,3273240,SUKAJADI,32.73.07,SUKAJADI,KOMPLEK UNPAR,32,UNIT,2023
573,32,JAWA BARAT,3273,KOTA BANDUNG,3273240,SUKAJADI,32.73.07,SUKAJADI,KUMALA GARDEN,92,UNIT,2023
574,32,JAWA BARAT,3273,KOTA BANDUNG,3273240,SUKAJADI,32.73.07,SUKAJADI,MULYA SARI LNDAH CULDESAC,10,UNIT,2023
575,32,JAWA BARAT,3273,KOTA BANDUNG,3273240,SUKAJADI,32.73.07,SUKAJADI,PURI SYAILENDRA,38,UNIT,2023
576,32,JAWA BARAT,3273,KOTA BANDUNG,3273240,SUKAJADI,32.73.07,SUKAJADI,SETRA INDAH / SUKAGALIH,184,UNIT,2023
577,32,JAWA BARAT,3273,KOTA BANDUNG,3273240,SUKAJADI,32.73.07,SUKAJADI,SETRA RIA,30,UNIT,2023
578,32,JAWA BARAT,3273,KOTA BANDUNG,3273240,SUKAJADI,32.73.07,SUKAJADI,SETRA WANGI,23,UNIT,2023
579,32,JAWA BARAT,3273,KOTA BANDUNG,3273240,SUKAJADI,32.73.07,SUKAJADI,SUKAMULYA INDAH,11,UNIT,2023
580,32,JAWA BARAT,3273,KOTA BANDUNG,3273240,SUKAJADI,32.73.07,SUKAJADI,SUKAMULYA REGENCY,25,UNIT,2023
581,32,JAWA BARAT,3273,KOTA BANDUNG,3273240,SUKAJADI,32.73.07,SUKAJADI,THE MAJESTY APARTEMEN (APARTEMEN/HOTEL),0,UNIT,2023
582,32,JAWA BARAT,3273,KOTA BANDUNG,3273250,SUKASARI,32.73.01,SUKASARI,ABADI REGENCY,65,UNIT,2023
583,32,JAWA BARAT,3273,KOTA BANDUNG,3273250,SUKASARI,32.73.01,SUKASARI,BABAKAN SUKAJADI RESIDENCE,13,UNIT,2023
584,32,JAWA BARAT,3273,KOTA BANDUNG,3273250,SUKASARI,32.73.01,SUKASARI,BUDI ASIH RESIDENCE,98,UNIT,2023
585,32,JAWA BARAT,3273,KOTA BANDUNG,3273250,SUKASARI,32.73.01,SUKASARI,BUMI RANCAHERANG INDAH,12,UNIT,2023
586,32,JAWA BARAT,3273,KOTA BANDUNG,3273250,SUKASARI,32.73.01,SUKASARI,GERLONG GIRANG BARU,26,UNIT,2023
587,32,JAWA BARAT,3273,KOTA BANDUNG,3273250,SUKASARI,32.73.01,SUKASARI,GERLONG LEBAK HOME,6,UNIT,2023
588,32,JAWA BARAT,3273,KOTA BANDUNG,3273250,SUKASARI,32.73.01,SUKASARI,GERLONG RESIDENCE,36,UNIT,2023
589,32,JAWA BARAT,3273,KOTA BANDUNG,3273250,SUKASARI,32.73.01,SUKASARI,GREEN RESIDENCE,8,UNIT,2023
590,32,JAWA BARAT,3273,KOTA BANDUNG,3273250,SUKASARI,32.73.01,SUKASARI,KOMPLEK ANGKATAN DARAT KPAD,560,UNIT,2023
591,32,JAWA BARAT,3273,KOTA BANDUNG,3273250,SUKASARI,32.73.01,SUKASARI,KOMPLEK SARIJADI,37,UNIT,2023
592,32,JAWA BARAT,3273,KOTA BANDUNG,3273250,SUKASARI,32.73.01,SUKASARI,KOMPLEK SARIKASO,14,UNIT,2023
593,32,JAWA BARAT,3273,KOTA BANDUNG,3273250,SUKASARI,32.73.01,SUKASARI,LEMBAH BAJURI,28,UNIT,2023
594,32,JAWA BARAT,3273,KOTA BANDUNG,3273250,SUKASARI,32.73.01,SUKASARI,PADA SALUYU ISOLA,13,UNIT,2023
595,32,JAWA BARAT,3273,KOTA BANDUNG,3273250,SUKASARI,32.73.01,SUKASARI,PAPYRUS GARDEN,25,UNIT,2023
596,32,JAWA BARAT,3273,KOTA BANDUNG,3273250,SUKASARI,32.73.01,SUKASARI,PARAHYANGAN RUMAH VILLA,111,UNIT,2023
597,32,JAWA BARAT,3273,KOTA BANDUNG,3273250,SUKASARI,32.73.01,SUKASARI,PERUMNAS SARIJADI I DAN II,3293,UNIT,2023
598,32,JAWA BARAT,3273,KOTA BANDUNG,3273250,SUKASARI,32.73.01,SUKASARI,PINEWOOD TERRECA,14,UNIT,2023
599,32,JAWA BARAT,3273,KOTA BANDUNG,3273250,SUKASARI,32.73.01,SUKASARI,PONDOK HIJAU,35,UNIT,2023
600,32,JAWA BARAT,3273,KOTA BANDUNG,3273250,SUKASARI,32.73.01,SUKASARI,REVIERA RESORT RESIDENCE,26,UNIT,2023
601,32,JAWA BARAT,3273,KOTA BANDUNG,3273250,SUKASARI,32.73.01,SUKASARI,ROYAL PALM,9,UNIT,2023
602,32,JAWA BARAT,3273,KOTA BANDUNG,3273250,SUKASARI,32.73.01,SUKASARI,RUSUN SARIJADI,0,UNIT,2023
603,32,JAWA BARAT,3273,KOTA BANDUNG,3273250,SUKASARI,32.73.01,SUKASARI,SENTRA RESIDENCE,5,UNIT,2023
604,32,JAWA BARAT,3273,KOTA BANDUNG,3273250,SUKASARI,32.73.01,SUKASARI,SETRA DUTA PERMAI,14,UNIT,2023
605,32,JAWA BARAT,3273,KOTA BANDUNG,3273250,SUKASARI,32.73.01,SUKASARI,SETRA GLORY RESIDENCE,32,UNIT,2023
606,32,JAWA BARAT,3273,KOTA BANDUNG,3273250,SUKASARI,32.73.01,SUKASARI,SETRA MURNI,12,UNIT,2023
607,32,JAWA BARAT,3273,KOTA BANDUNG,3273250,SUKASARI,32.73.01,SUKASARI,SETRA SARI,151,UNIT,2023
608,32,JAWA BARAT,3273,KOTA BANDUNG,3273250,SUKASARI,32.73.01,SUKASARI,SETRAMURNI PLATINUM,9,UNIT,2023
609,32,JAWA BARAT,3273,KOTA BANDUNG,3273250,SUKASARI,32.73.01,SUKASARI,SUKAHAJI BARU,25,UNIT,2023
610,32,JAWA BARAT,3273,KOTA BANDUNG,3273250,SUKASARI,32.73.01,SUKASARI,SUKAHAJI PERMAI,105,UNIT,2023
611,32,JAWA BARAT,3273,KOTA BANDUNG,3273250,SUKASARI,32.73.01,SUKASARI,SUKAHAJI REGENCY,10,UNIT,2023
612,32,JAWA BARAT,3273,KOTA BANDUNG,3273250,SUKASARI,32.73.01,SUKASARI,SURYA SETRA,36,UNIT,2023
613,32,JAWA BARAT,3273,KOTA BANDUNG,3273250,SUKASARI,32.73.01,SUKASARI,TIRTA SARI,61,UNIT,2023
614,32,JAWA BARAT,3273,KOTA BANDUNG,3273250,SUKASARI,32.73.01,SUKASARI,TOWN HOUSE SETRA MURNI ASRI,11,UNIT,2023
615,32,JAWA BARAT,3273,KOTA BANDUNG,3273250,SUKASARI,32.73.01,SUKASARI,VILLA KULDESAK,4,UNIT,2023
616,32,JAWA BARAT,3273,KOTA BANDUNG,3273120,UJUNG BERUNG,32.73.26,UJUNGBERUNG,BUKIT INDAH PASANGRAHAN,186,UNIT,2023
617,32,JAWA BARAT,3273,KOTA BANDUNG,3273120,UJUNG BERUNG,32.73.26,UJUNGBERUNG,CIJAMBE LNDAH,313,UNIT,2023
618,32,JAWA BARAT,3273,KOTA BANDUNG,3273120,UJUNG BERUNG,32.73.26,UJUNGBERUNG,CINANGKA HARJA,140,UNIT,2023
619,32,JAWA BARAT,3273,KOTA BANDUNG,3273120,UJUNG BERUNG,32.73.26,UJUNGBERUNG,CIPAGANTI DREAM LAND,71,UNIT,2023
620,32,JAWA BARAT,3273,KOTA BANDUNG,3273120,UJUNG BERUNG,32.73.26,UJUNGBERUNG,CLUSTER BILLABONG,23,UNIT,2023
621,32,JAWA BARAT,3273,KOTA BANDUNG,3273120,UJUNG BERUNG,32.73.26,UJUNGBERUNG,CLUSTER PESONA REGENCY,323,UNIT,2023
622,32,JAWA BARAT,3273,KOTA BANDUNG,3273120,UJUNG BERUNG,32.73.26,UJUNGBERUNG,CLUSTER SAUNG WISATA,75,UNIT,2023
623,32,JAWA BARAT,3273,KOTA BANDUNG,3273120,UJUNG BERUNG,32.73.26,UJUNGBERUNG,DE VIEW PASIRWANGI,54,UNIT,2023
624,32,JAWA BARAT,3273,KOTA BANDUNG,3273120,UJUNG BERUNG,32.73.26,UJUNGBERUNG,GENDING MAS,333,UNIT,2023
625,32,JAWA BARAT,3273,KOTA BANDUNG,3273120,UJUNG BERUNG,32.73.26,UJUNGBERUNG,GREEN VALLEY RESIDENCE,487,UNIT,2023
626,32,JAWA BARAT,3273,KOTA BANDUNG,3273120,UJUNG BERUNG,32.73.26,UJUNGBERUNG,GRIYA ASRI,61,UNIT,2023
627,32,JAWA BARAT,3273,KOTA BANDUNG,3273120,UJUNG BERUNG,32.73.26,UJUNGBERUNG,GRIYA JATI PUTRA,143,UNIT,2023
628,32,JAWA BARAT,3273,KOTA BANDUNG,3273120,UJUNG BERUNG,32.73.26,UJUNGBERUNG,GRIYA PASANGGARAHAN,0,UNIT,2023
629,32,JAWA BARAT,3273,KOTA BANDUNG,3273120,UJUNG BERUNG,32.73.26,UJUNGBERUNG,GRIYA WINAYA,873,UNIT,2023
630,32,JAWA BARAT,3273,KOTA BANDUNG,3273120,UJUNG BERUNG,32.73.26,UJUNGBERUNG,KOMPLEK NEGLASARI I,44,UNIT,2023
631,32,JAWA BARAT,3273,KOTA BANDUNG,3273120,UJUNG BERUNG,32.73.26,UJUNGBERUNG,KOMPLEK NEGLASARI II,238,UNIT,2023
632,32,JAWA BARAT,3273,KOTA BANDUNG,3273120,UJUNG BERUNG,32.73.26,UJUNGBERUNG,LEMBAH CITRA,30,UNIT,2023
633,32,JAWA BARAT,3273,KOTA BANDUNG,3273120,UJUNG BERUNG,32.73.26,UJUNGBERUNG,MADANI REGENCY,56,UNIT,2023
634,32,JAWA BARAT,3273,KOTA BANDUNG,3273120,UJUNG BERUNG,32.73.26,UJUNGBERUNG,MUTIARA MAS,0,UNIT,2023
635,32,JAWA BARAT,3273,KOTA BANDUNG,3273120,UJUNG BERUNG,32.73.26,UJUNGBERUNG,NEGLA KENCANA TOWNHOUSE,45,UNIT,2023
636,32,JAWA BARAT,3273,KOTA BANDUNG,3273120,UJUNG BERUNG,32.73.26,UJUNGBERUNG,PANORAMA CILENGKRANG ESTATE,54,UNIT,2023
637,32,JAWA BARAT,3273,KOTA BANDUNG,3273120,UJUNG BERUNG,32.73.26,UJUNGBERUNG,PASANGGRAHAN HILLS,88,UNIT,2023
638,32,JAWA BARAT,3273,KOTA BANDUNG,3273120,UJUNG BERUNG,32.73.26,UJUNGBERUNG,PASANGGRAHAN LNDAH,358,UNIT,2023
639,32,JAWA BARAT,3273,KOTA BANDUNG,3273120,UJUNG BERUNG,32.73.26,UJUNGBERUNG,PESONA HIJAU RESIDENCE,154,UNIT,2023
640,32,JAWA BARAT,3273,KOTA BANDUNG,3273120,UJUNG BERUNG,32.73.26,UJUNGBERUNG,PESONA PASIR ENDAH,143,UNIT,2023
641,32,JAWA BARAT,3273,KOTA BANDUNG,3273120,UJUNG BERUNG,32.73.26,UJUNGBERUNG,PREANGER REGENCY,39,UNIT,2023
642,32,JAWA BARAT,3273,KOTA BANDUNG,3273120,UJUNG BERUNG,32.73.26,UJUNGBERUNG,PURI AGRA,99,UNIT,2023
643,32,JAWA BARAT,3273,KOTA BANDUNG,3273120,UJUNG BERUNG,32.73.26,UJUNGBERUNG,PURI KUMALA,50,UNIT,2023
644,32,JAWA BARAT,3273,KOTA BANDUNG,3273120,UJUNG BERUNG,32.73.26,UJUNGBERUNG,SIMPAY ASIH,379,UNIT,2023
645,32,JAWA BARAT,3273,KOTA BANDUNG,3273120,UJUNG BERUNG,32.73.26,UJUNGBERUNG,SUKUP BARU,190,UNIT,2023
646,32,JAWA BARAT,3273,KOTA BANDUNG,3273120,UJUNG BERUNG,32.73.26,UJUNGBERUNG,TAMAN UBER ESTATE,26,UNIT,2023
647,32,JAWA BARAT,3273,KOTA BANDUNG,3273120,UJUNG BERUNG,32.73.26,UJUNGBERUNG,TARUNA PARAHYANGAN,325,UNIT,2023
648,32,JAWA BARAT,3273,KOTA BANDUNG,3273120,UJUNG BERUNG,32.73.26,UJUNGBERUNG,UJUNG BERUNG INDAH,638,UNIT,2023
649,32,JAWA BARAT,3273,KOTA BANDUNG,3273120,UJUNG BERUNG,32.73.26,UJUNGBERUNG,UJUNG BERUNG REGENCY,120,UNIT,2023
650,32,JAWA BARAT,3273,KOTA BANDUNG,3273120,UJUNG BERUNG,32.73.26,UJUNGBERUNG,VILLA PASIRWANGI,403,UNIT,2023
