id,kode_provinsi,nama_provinsi,bps_kode_kabupaten_kota,bps_nama_kabupaten_kota,bps_kode_kecamatan,bps_nama_kecamatan,bps_kode_desa_kelurahan,bps_desa_kelurahan,kemendagri_kode_kecamatan,kemendagri_nama_kecamatan,kemendagri_kode_desa_kelurahan,kemendagri_nama_desa_kelurahan,lokasi_rth,jenis_rth,luas_rth,satuan,tahun
1,32,JAWA BARAT,3273,KOTA BANDUNG,3273190,CICENDO,3273190006,SUKARAJA,32.73.06,CICENDO,32.73.06.1006,SUKARAJA,BURUAN SAE BUNI SUGI (RW 04),BURUAN SAE (TANAMAN PANGAN),200.0,METER PERSEGI,2019
2,32,JAWA BARAT,3273,KOTA BANDUNG,3273190,CICENDO,3273190005,HUSEN SASTRANEGARA,32.73.06,CICENDO,32.73.06.1001,HUSEN SASTRANEGARA,GG. HANURA SD PELITA JASA,PEKARANGAN,50.0,METER PERSEGI,2019
3,32,JAWA BARAT,3273,KOTA BANDUNG,3273190,CICENDO,3273190005,HUSEN SASTRANEGARA,32.73.06,CICENDO,32.73.06.1001,HUSEN SASTRANEGARA,JL. ABDURAHMAN SALEH,0,430.0,METER PERSEGI,2019
4,32,JAWA BARAT,3273,KOTA BANDUNG,3273190,CICENDO,3273190005,HUSEN SASTRANEGARA,32.73.06,CICENDO,32.73.06.1001,HUSEN SASTRANEGARA,JL. ABDURAHMAN SALEH,LAHAN RW,110.0,METER PERSEGI,2019
5,32,JAWA BARAT,3273,KOTA BANDUNG,3273190,CICENDO,3273190005,HUSEN SASTRANEGARA,32.73.06,CICENDO,32.73.06.1001,HUSEN SASTRANEGARA,JL. ABDURAHMAN SALEH,TAMAN PATUNG HUSEIN SN,1200.0,METER PERSEGI,2019
6,32,JAWA BARAT,3273,KOTA BANDUNG,3273190,CICENDO,3273190005,HUSEN SASTRANEGARA,32.73.06,CICENDO,32.73.06.1001,HUSEN SASTRANEGARA,JL. ABDURAHMAN SALEH,TAMAN PATUNG HUSEIN SN II,1200.0,METER PERSEGI,2019
7,32,JAWA BARAT,3273,KOTA BANDUNG,3273190,CICENDO,3273190005,HUSEN SASTRANEGARA,32.73.06,CICENDO,32.73.06.1001,HUSEN SASTRANEGARA,JL. ABDURAHMAN SALEH,TAMAN PKK,400.0,METER PERSEGI,2019
8,32,JAWA BARAT,3273,KOTA BANDUNG,3273190,CICENDO,3273190005,HUSEN SASTRANEGARA,32.73.06,CICENDO,32.73.06.1001,HUSEN SASTRANEGARA,JL. ABDURAHMAN SALEH BOJONEGARA,LAHAN KOTA,1200.0,METER PERSEGI,2019
9,32,JAWA BARAT,3273,KOTA BANDUNG,3273190,CICENDO,3273190005,HUSEN SASTRANEGARA,32.73.06,CICENDO,32.73.06.1001,HUSEN SASTRANEGARA,JL. ARUNA,ALUN-ALUN CICENDO,5000.0,METER PERSEGI,2019
10,32,JAWA BARAT,3273,KOTA BANDUNG,3273190,CICENDO,3273190001,ARJUNA,32.73.06,CICENDO,32.73.06.1002,ARJUNA,JL. AYUDIA,PEKARANGAN TANAMAN HIAS,50.0,METER PERSEGI,2019
11,32,JAWA BARAT,3273,KOTA BANDUNG,3273190,CICENDO,3273190001,ARJUNA,32.73.06,CICENDO,32.73.06.1002,ARJUNA,JL. BELOKAN BIMA,TAMAN,25.0,METER PERSEGI,2019
12,32,JAWA BARAT,3273,KOTA BANDUNG,3273190,CICENDO,3273190005,HUSEN SASTRANEGARA,32.73.06,CICENDO,32.73.06.1001,HUSEN SASTRANEGARA,JL. DR. JUNJUNAN,JALUR JALAN HIJAU,540.0,METER PERSEGI,2019
13,32,JAWA BARAT,3273,KOTA BANDUNG,3273190,CICENDO,3273190005,HUSEN SASTRANEGARA,32.73.06,CICENDO,32.73.06.1001,HUSEN SASTRANEGARA,JL. DR. JUNJUNAN,LAPANGAN,1000.0,METER PERSEGI,2019
14,32,JAWA BARAT,3273,KOTA BANDUNG,3273190,CICENDO,3273190005,HUSEN SASTRANEGARA,32.73.06,CICENDO,32.73.06.1001,HUSEN SASTRANEGARA,JL. GUNUNG BATU / JL. SUKARAJA,PERKARANGAN HALAMAN,6000.0,METER PERSEGI,2019
15,32,JAWA BARAT,3273,KOTA BANDUNG,3273190,CICENDO,3273190005,HUSEN SASTRANEGARA,32.73.06,CICENDO,32.73.06.1001,HUSEN SASTRANEGARA,JL. INDUSTRI DALAM RT 03,LAHAN RT,140.0,METER PERSEGI,2019
16,32,JAWA BARAT,3273,KOTA BANDUNG,3273190,CICENDO,3273190005,HUSEN SASTRANEGARA,32.73.06,CICENDO,32.73.06.1001,HUSEN SASTRANEGARA,JL. JATAYU II,LAHAN KOTA RT,110.0,METER PERSEGI,2019
17,32,JAWA BARAT,3273,KOTA BANDUNG,3273190,CICENDO,3273190005,HUSEN SASTRANEGARA,32.73.06,CICENDO,32.73.06.1001,HUSEN SASTRANEGARA,JL. KOMUD SUPADIO,LAHAN KOTA,135.0,METER PERSEGI,2019
18,32,JAWA BARAT,3273,KOTA BANDUNG,3273190,CICENDO,3273190005,HUSEN SASTRANEGARA,32.73.06,CICENDO,32.73.06.1001,HUSEN SASTRANEGARA,JL. KOMUD SUPADIO SDN. JATAYU,LAHAN KOTA,160.0,METER PERSEGI,2019
19,32,JAWA BARAT,3273,KOTA BANDUNG,3273190,CICENDO,3273190001,ARJUNA,32.73.06,CICENDO,32.73.06.1002,ARJUNA,JL. PAJAJARAN,TAMAN KTT,100.0,METER PERSEGI,2019
20,32,JAWA BARAT,3273,KOTA BANDUNG,3273190,CICENDO,3273190001,ARJUNA,32.73.06,CICENDO,32.73.06.1002,ARJUNA,JL. PANDAWA-JL.KRESNA,TAMAN PANDAWA,500.0,METER PERSEGI,2019
21,32,JAWA BARAT,3273,KOTA BANDUNG,3273190,CICENDO,3273190001,ARJUNA,32.73.06,CICENDO,32.73.06.1002,ARJUNA,JL. SEMAR DALAM,TAMAN PKK (RW.05),50.0,METER PERSEGI,2019
22,32,JAWA BARAT,3273,KOTA BANDUNG,3273190,CICENDO,3273190005,HUSEN SASTRANEGARA,32.73.06,CICENDO,32.73.06.1001,HUSEN SASTRANEGARA,JL. SUBAGIO NO. 22,LAHAN KOTA,190.0,METER PERSEGI,2019
23,32,JAWA BARAT,3273,KOTA BANDUNG,3273190,CICENDO,3273190005,HUSEN SASTRANEGARA,32.73.06,CICENDO,32.73.06.1001,HUSEN SASTRANEGARA,JL. SUPADIO,LAHAN KOTA,1500.0,METER PERSEGI,2019
24,32,JAWA BARAT,3273,KOTA BANDUNG,3273190,CICENDO,3273190005,HUSEN SASTRANEGARA,32.73.06,CICENDO,32.73.06.1001,HUSEN SASTRANEGARA,JL. SUPADIO,LAPANG RW 10,1500.0,METER PERSEGI,2019
25,32,JAWA BARAT,3273,KOTA BANDUNG,3273190,CICENDO,3273190005,HUSEN SASTRANEGARA,32.73.06,CICENDO,32.73.06.1001,HUSEN SASTRANEGARA,JL. SUPADIO / JATAYU DALAM VI,JALUR JALAN HIJAU,2556.0,METER PERSEGI,2019
26,32,JAWA BARAT,3273,KOTA BANDUNG,3273190,CICENDO,3273190005,HUSEN SASTRANEGARA,32.73.06,CICENDO,32.73.06.1001,HUSEN SASTRANEGARA,JL. TATA NEGARA,PERKARANGAN HALAMAN MESJID AL-JIHAD,900.0,METER PERSEGI,2019
27,32,JAWA BARAT,3273,KOTA BANDUNG,3273190,CICENDO,3273190005,HUSEN SASTRANEGARA,32.73.06,CICENDO,32.73.06.1001,HUSEN SASTRANEGARA,JL. TERUSAN PASTER NO. 38 SD SUKARAJA I,"PERKARANGAN, HALAMAN SD SUKARAJA I NO. 37",500.0,METER PERSEGI,2019
28,32,JAWA BARAT,3273,KOTA BANDUNG,3273190,CICENDO,3273190003,PAMOYANAN,32.73.06,CICENDO,32.73.06.1005,PAMOYANAN,LAPANG KEMBAR RW 06,LAPANGAN OLAHRAGA,4233.65,METER PERSEGI,2019
29,32,JAWA BARAT,3273,KOTA BANDUNG,3273190,CICENDO,3273190006,SUKARAJA,32.73.06,CICENDO,32.73.06.1006,SUKARAJA,SMK NEGERI 11 BANDUNG,TAMAN DAN LAPANGAN OLAH RAGA,800.0,METER PERSEGI,2019
30,32,JAWA BARAT,3273,KOTA BANDUNG,3273190,CICENDO,3273190006,SUKARAJA,32.73.06,CICENDO,32.73.06.1006,SUKARAJA,SMP 2 MUHAMMADYAH BANDUNG,TAMAN DAN LAPANGAN OLAH RAGA,800.0,METER PERSEGI,2019
31,32,JAWA BARAT,3273,KOTA BANDUNG,3273190,CICENDO,3273190006,SUKARAJA,32.73.06,CICENDO,32.73.06.1006,SUKARAJA,SMP HIKMAH TELADAN,TAMAN DAN LAPANGAN OLAH RAGA,2000.0,METER PERSEGI,2019
32,32,JAWA BARAT,3273,KOTA BANDUNG,3273190,CICENDO,3273190006,SUKARAJA,32.73.06,CICENDO,32.73.06.1006,SUKARAJA,SMP NEGERI 47 BANDUNG,TAMAN DAN LAPANGAN OLAH RAGA,800.0,METER PERSEGI,2019
33,32,JAWA BARAT,3273,KOTA BANDUNG,3273190,CICENDO,3273190002,PASIRKALIKI,32.73.06,CICENDO,32.73.06.1004,PASIR KALIKI,TAMAN ADIPURA,TAMAN,300.0,METER PERSEGI,2019
34,32,JAWA BARAT,3273,KOTA BANDUNG,3273190,CICENDO,3273190004,PAJAJARAN,32.73.03,CICENDO,32.73.06.1003,PAJAJARAN,TAMAN BERMAIN,JL. PAJAJARAN RT 01 RW 07,40.0,METER PERSEGI,2019
35,32,JAWA BARAT,3273,KOTA BANDUNG,3273190,CICENDO,3273190004,PAJAJARAN,32.73.03,CICENDO,32.73.06.1003,PAJAJARAN,TAMAN BERMAIN ANGKASA PURA,JL. PAJAJARAN RT 04 RW 07,70.0,METER PERSEGI,2019
36,32,JAWA BARAT,3273,KOTA BANDUNG,3273190,CICENDO,3273190002,PASIRKALIKI,32.73.06,CICENDO,32.73.06.1004,PASIR KALIKI,TAMAN KEBON KAWUNG 1,TAMAN,10.0,METER PERSEGI,2019
37,32,JAWA BARAT,3273,KOTA BANDUNG,3273190,CICENDO,3273190004,PAJAJARAN,32.73.03,CICENDO,32.73.06.1003,PAJAJARAN,TAMAN NYABA (NYAMAN AMAN BAHAGIA AGAMIS),JL. BALADEWA ASRI RW 08,35.0,METER PERSEGI,2019
38,32,JAWA BARAT,3273,KOTA BANDUNG,3273190,CICENDO,3273190002,PASIRKALIKI,32.73.06,CICENDO,32.73.06.1004,PASIR KALIKI,TAMAN NYLAND,TAMAN,70.0,METER PERSEGI,2019
39,32,JAWA BARAT,3273,KOTA BANDUNG,3273190,CICENDO,3273190002,PASIRKALIKI,32.73.06,CICENDO,32.73.06.1004,PASIR KALIKI,TAMAN OTTEN,TAMAN,300.0,METER PERSEGI,2019
40,32,JAWA BARAT,3273,KOTA BANDUNG,3273190,CICENDO,3273190003,PAMOYANAN,32.73.06,CICENDO,32.73.06.1005,PAMOYANAN,TAMAN PAMOYANAN,TAMAN TERBUKA HIJAU,55.49,METER PERSEGI,2019
41,32,JAWA BARAT,3273,KOTA BANDUNG,3273190,CICENDO,3273190002,PASIRKALIKI,32.73.06,CICENDO,32.73.06.1004,PASIR KALIKI,TAMAN RADJIMAN 1,TAMAN,30.0,METER PERSEGI,2019
42,32,JAWA BARAT,3273,KOTA BANDUNG,3273190,CICENDO,3273190006,SUKARAJA,32.73.06,CICENDO,32.73.06.1006,SUKARAJA,BURUAN SAE (RW 04),BURUAN SAE (TANAMAN PANGAN),100.0,METER PERSEGI,2020
43,32,JAWA BARAT,3273,KOTA BANDUNG,3273190,CICENDO,3273190006,SUKARAJA,32.73.06,CICENDO,32.73.06.1006,SUKARAJA,BURUAN SAE (RW 07),BURUAN SAE (TANAMAN PANGAN),150.0,METER PERSEGI,2020
44,32,JAWA BARAT,3273,KOTA BANDUNG,3273190,CICENDO,3273190006,SUKARAJA,32.73.06,CICENDO,32.73.06.1006,SUKARAJA,BURUAN SAE BUNI SUGI (RW 04),BURUAN SAE (TANAMAN PANGAN),200.0,METER PERSEGI,2020
45,32,JAWA BARAT,3273,KOTA BANDUNG,3273190,CICENDO,3273190006,SUKARAJA,32.73.06,CICENDO,32.73.06.1006,SUKARAJA,BURUAN SAE PA HILMAN (RW 05),BURUAN SAE (TANAMAN PANGAN),300.0,METER PERSEGI,2020
46,32,JAWA BARAT,3273,KOTA BANDUNG,3273190,CICENDO,3273190005,HUSEN SASTRANEGARA,32.73.06,CICENDO,32.73.06.1001,HUSEN SASTRANEGARA,GG. HANURA SD PELITA JASA,PEKARANGAN,50.0,METER PERSEGI,2020
47,32,JAWA BARAT,3273,KOTA BANDUNG,3273190,CICENDO,3273190006,SUKARAJA,32.73.06,CICENDO,32.73.06.1006,SUKARAJA,HALAMAN GSG RW 07,HALAMAN,180.0,METER PERSEGI,2020
48,32,JAWA BARAT,3273,KOTA BANDUNG,3273190,CICENDO,3273190005,HUSEN SASTRANEGARA,32.73.06,CICENDO,32.73.06.1001,HUSEN SASTRANEGARA,JL. ABDURAHMAN SALEH,LAHAN KOTA,430.0,METER PERSEGI,2020
49,32,JAWA BARAT,3273,KOTA BANDUNG,3273190,CICENDO,3273190005,HUSEN SASTRANEGARA,32.73.06,CICENDO,32.73.06.1001,HUSEN SASTRANEGARA,JL. ABDURAHMAN SALEH,LAHAN RW,110.0,METER PERSEGI,2020
50,32,JAWA BARAT,3273,KOTA BANDUNG,3273190,CICENDO,3273190005,HUSEN SASTRANEGARA,32.73.06,CICENDO,32.73.06.1001,HUSEN SASTRANEGARA,JL. ABDURAHMAN SALEH,TAMAN PATUNG HUSEIN SN,1200.0,METER PERSEGI,2020
51,32,JAWA BARAT,3273,KOTA BANDUNG,3273190,CICENDO,3273190005,HUSEN SASTRANEGARA,32.73.06,CICENDO,32.73.06.1001,HUSEN SASTRANEGARA,JL. ABDURAHMAN SALEH,TAMAN PATUNG HUSEIN SN II,1200.0,METER PERSEGI,2020
52,32,JAWA BARAT,3273,KOTA BANDUNG,3273190,CICENDO,3273190005,HUSEN SASTRANEGARA,32.73.06,CICENDO,32.73.06.1001,HUSEN SASTRANEGARA,JL. ABDURAHMAN SALEH,TAMAN PKK,400.0,METER PERSEGI,2020
53,32,JAWA BARAT,3273,KOTA BANDUNG,3273190,CICENDO,3273190005,HUSEN SASTRANEGARA,32.73.06,CICENDO,32.73.06.1001,HUSEN SASTRANEGARA,JL. ABDURAHMAN SALEH BOJONEGARA,LAHAN KOTA,1200.0,METER PERSEGI,2020
54,32,JAWA BARAT,3273,KOTA BANDUNG,3273190,CICENDO,3273190005,HUSEN SASTRANEGARA,32.73.06,CICENDO,32.73.06.1001,HUSEN SASTRANEGARA,JL. ARUNA,ALUN-ALUN CICENDO,5000.0,METER PERSEGI,2020
55,32,JAWA BARAT,3273,KOTA BANDUNG,3273190,CICENDO,3273190001,ARJUNA,32.73.06,CICENDO,32.73.06.1002,ARJUNA,JL. AYUDIA,PEKARANGAN TANAMAN HIAS,50.0,METER PERSEGI,2020
56,32,JAWA BARAT,3273,KOTA BANDUNG,3273190,CICENDO,3273190001,ARJUNA,32.73.06,CICENDO,32.73.06.1002,ARJUNA,JL. BELOKAN BIMA,TAMAN,25.0,METER PERSEGI,2020
57,32,JAWA BARAT,3273,KOTA BANDUNG,3273190,CICENDO,3273190005,HUSEN SASTRANEGARA,32.73.06,CICENDO,32.73.06.1001,HUSEN SASTRANEGARA,JL. DR. JUNJUNAN,JALUR JALAN HIJAU,540.0,METER PERSEGI,2020
58,32,JAWA BARAT,3273,KOTA BANDUNG,3273190,CICENDO,3273190005,HUSEN SASTRANEGARA,32.73.06,CICENDO,32.73.06.1001,HUSEN SASTRANEGARA,JL. DR. JUNJUNAN,LAPANGAN,1000.0,METER PERSEGI,2020
59,32,JAWA BARAT,3273,KOTA BANDUNG,3273190,CICENDO,3273190005,HUSEN SASTRANEGARA,32.73.06,CICENDO,32.73.06.1001,HUSEN SASTRANEGARA,JL. GUNUNG BATU / J. SUKARAJA,PERKARANGAN HALAMAN,6000.0,METER PERSEGI,2020
60,32,JAWA BARAT,3273,KOTA BANDUNG,3273190,CICENDO,3273190005,HUSEN SASTRANEGARA,32.73.06,CICENDO,32.73.06.1001,HUSEN SASTRANEGARA,JL. INDUSTRI DALAM RT 03,LAHAN RT,140.0,METER PERSEGI,2020
61,32,JAWA BARAT,3273,KOTA BANDUNG,3273190,CICENDO,3273190005,HUSEN SASTRANEGARA,32.73.06,CICENDO,32.73.06.1001,HUSEN SASTRANEGARA,JL. JATAYU II,LAHAN KOTA RT,110.0,METER PERSEGI,2020
62,32,JAWA BARAT,3273,KOTA BANDUNG,3273190,CICENDO,3273190005,HUSEN SASTRANEGARA,32.73.06,CICENDO,32.73.06.1001,HUSEN SASTRANEGARA,JL. KOMUD SUPADIO,LAHAN KOTA,135.0,METER PERSEGI,2020
63,32,JAWA BARAT,3273,KOTA BANDUNG,3273190,CICENDO,3273190005,HUSEN SASTRANEGARA,32.73.06,CICENDO,32.73.06.1001,HUSEN SASTRANEGARA,JL. KOMUD SUPADIO SDN. JATAYU,LAHAN KOTA,160.0,METER PERSEGI,2020
64,32,JAWA BARAT,3273,KOTA BANDUNG,3273190,CICENDO,3273190001,ARJUNA,32.73.06,CICENDO,32.73.06.1002,ARJUNA,JL. PAJAJARAN,TAMAN KTT,100.0,METER PERSEGI,2020
65,32,JAWA BARAT,3273,KOTA BANDUNG,3273190,CICENDO,3273190001,ARJUNA,32.73.06,CICENDO,32.73.06.1002,ARJUNA,JL. PANDAWA-JL.KRESNA,TAMAN PANDAWA,500.0,METER PERSEGI,2020
66,32,JAWA BARAT,3273,KOTA BANDUNG,3273190,CICENDO,3273190001,ARJUNA,32.73.06,CICENDO,32.73.06.1002,ARJUNA,JL. SEMAR DALAM,TAMAN PKK (RW 05),50.0,METER PERSEGI,2020
67,32,JAWA BARAT,3273,KOTA BANDUNG,3273190,CICENDO,3273190005,HUSEN SASTRANEGARA,32.73.06,CICENDO,32.73.06.1001,HUSEN SASTRANEGARA,JL. SUBAGIO NO. 22,LAHAN KOTA,190.0,METER PERSEGI,2020
68,32,JAWA BARAT,3273,KOTA BANDUNG,3273190,CICENDO,3273190005,HUSEN SASTRANEGARA,32.73.06,CICENDO,32.73.06.1001,HUSEN SASTRANEGARA,JL. SUPADIO,LAHAN KOTA,1500.0,METER PERSEGI,2020
69,32,JAWA BARAT,3273,KOTA BANDUNG,3273190,CICENDO,3273190005,HUSEN SASTRANEGARA,32.73.06,CICENDO,32.73.06.1001,HUSEN SASTRANEGARA,JL. SUPADIO,LAPANG RW 10,1500.0,METER PERSEGI,2020
70,32,JAWA BARAT,3273,KOTA BANDUNG,3273190,CICENDO,3273190005,HUSEN SASTRANEGARA,32.73.06,CICENDO,32.73.06.1001,HUSEN SASTRANEGARA,JL. SUPADIO / JATAYU DALAM VI,JALUR JALAN HIJAU,2556.0,METER PERSEGI,2020
71,32,JAWA BARAT,3273,KOTA BANDUNG,3273190,CICENDO,3273190005,HUSEN SASTRANEGARA,32.73.06,CICENDO,32.73.06.1001,HUSEN SASTRANEGARA,JL. TATA NEGARA,PERKARANGAN HALAMAN MESJID AL-JIHAD,900.0,METER PERSEGI,2020
72,32,JAWA BARAT,3273,KOTA BANDUNG,3273190,CICENDO,3273190005,HUSEN SASTRANEGARA,32.73.06,CICENDO,32.73.06.1001,HUSEN SASTRANEGARA,JL. TERUSAN PASTER NO. 38 SD SUKARAJA I,"PERKARANGAN, HALAMAN SD SUKARAJA I NO. 38",500.0,METER PERSEGI,2020
73,32,JAWA BARAT,3273,KOTA BANDUNG,3273190,CICENDO,3273190006,SUKARAJA,32.73.06,CICENDO,32.73.06.1006,SUKARAJA,LAHAN KEBUN JL. OVTEN RW 08,KEBUN,300.0,METER PERSEGI,2020
74,32,JAWA BARAT,3273,KOTA BANDUNG,3273190,CICENDO,3273190006,SUKARAJA,32.73.06,CICENDO,32.73.06.1006,SUKARAJA,LAHAN PERSAWAHAN RW 01,PETAKAN SAWAH,4000.0,METER PERSEGI,2020
75,32,JAWA BARAT,3273,KOTA BANDUNG,3273190,CICENDO,3273190003,PAMOYANAN,32.73.06,CICENDO,32.73.06.1005,PAMOYANAN,LAPANG KEMBAR RW 06,LAPANGAN OLAHRAGA,4233.65,METER PERSEGI,2020
76,32,JAWA BARAT,3273,KOTA BANDUNG,3273190,CICENDO,3273190006,SUKARAJA,32.73.06,CICENDO,32.73.06.1006,SUKARAJA,MAKAM MUSLIM JL. BUDI RW 03,PEMAKAMAN,1200.0,METER PERSEGI,2020
77,32,JAWA BARAT,3273,KOTA BANDUNG,3273190,CICENDO,3273190006,SUKARAJA,32.73.06,CICENDO,32.73.06.1006,SUKARAJA,SMK NEGERI 11 BANDUNG,TAMAN DAN LAPANGAN OLAH RAGA,800.0,METER PERSEGI,2020
78,32,JAWA BARAT,3273,KOTA BANDUNG,3273190,CICENDO,3273190006,SUKARAJA,32.73.06,CICENDO,32.73.06.1006,SUKARAJA,SMP 2 MUHAMMADYAH BANDUNG,TAMAN DAN LAPANGAN OLAH RAGA,800.0,METER PERSEGI,2020
79,32,JAWA BARAT,3273,KOTA BANDUNG,3273190,CICENDO,3273190006,SUKARAJA,32.73.06,CICENDO,32.73.06.1006,SUKARAJA,SMP HIKMAH TELADAN,TAMAN DAN LAPANGAN OLAH RAGA,2000.0,METER PERSEGI,2020
80,32,JAWA BARAT,3273,KOTA BANDUNG,3273190,CICENDO,3273190006,SUKARAJA,32.73.06,CICENDO,32.73.06.1006,SUKARAJA,SMP NEGERI 47 BANDUNG,TAMAN DAN LAPANGAN OLAH RAGA,800.0,METER PERSEGI,2020
81,32,JAWA BARAT,3273,KOTA BANDUNG,3273190,CICENDO,3273190002,PASIRKALIKI,32.73.06,CICENDO,32.73.06.1004,PASIR KALIKI,TAMAN ADIPURA,TAMAN,300.0,METER PERSEGI,2020
82,32,JAWA BARAT,3273,KOTA BANDUNG,3273190,CICENDO,3273190004,PAJAJARAN,32.73.03,CICENDO,32.73.06.1003,PAJAJARAN,TAMAN BERMAIN,JL. PAJAJARAN RT 01 RW 07,40.0,METER PERSEGI,2020
83,32,JAWA BARAT,3273,KOTA BANDUNG,3273190,CICENDO,3273190004,PAJAJARAN,32.73.03,CICENDO,32.73.06.1003,PAJAJARAN,TAMAN BERMAIN ANGKASA PURA,JL. PAJAJARAN RT 04 RW 07,70.0,METER PERSEGI,2020
84,32,JAWA BARAT,3273,KOTA BANDUNG,3273190,CICENDO,3273190002,PASIRKALIKI,32.73.06,CICENDO,32.73.06.1004,PASIR KALIKI,TAMAN KEBON KAWUNG 1,TAMAN,10.0,METER PERSEGI,2020
85,32,JAWA BARAT,3273,KOTA BANDUNG,3273190,CICENDO,3273190002,PASIRKALIKI,32.73.06,CICENDO,32.73.06.1004,PASIR KALIKI,TAMAN KEBON KAWUNG 2,TAMAN,12.0,METER PERSEGI,2020
86,32,JAWA BARAT,3273,KOTA BANDUNG,3273190,CICENDO,3273190004,PAJAJARAN,32.73.03,CICENDO,32.73.06.1003,PAJAJARAN,TAMAN NYABA (NYAMAN AMAN BAHAGIA AGAMIS),JL. BALADEWA ASRI RW 08,35.0,METER PERSEGI,2020
87,32,JAWA BARAT,3273,KOTA BANDUNG,3273190,CICENDO,3273190002,PASIRKALIKI,32.73.06,CICENDO,32.73.06.1004,PASIR KALIKI,TAMAN NYLAND,TAMAN,70.0,METER PERSEGI,2020
88,32,JAWA BARAT,3273,KOTA BANDUNG,3273190,CICENDO,3273190002,PASIRKALIKI,32.73.06,CICENDO,32.73.06.1004,PASIR KALIKI,TAMAN OTTEN,TAMAN,300.0,METER PERSEGI,2020
89,32,JAWA BARAT,3273,KOTA BANDUNG,3273190,CICENDO,3273190002,PASIRKALIKI,32.73.06,CICENDO,32.73.06.1004,PASIR KALIKI,TAMAN OTTEN,TAMAN,9.0,METER PERSEGI,2020
90,32,JAWA BARAT,3273,KOTA BANDUNG,3273190,CICENDO,3273190003,PAMOYANAN,32.73.06,CICENDO,32.73.06.1005,PAMOYANAN,TAMAN PAMOYANAN,TAMAN TERBUKA HIJAU,55.49,METER PERSEGI,2020
91,32,JAWA BARAT,3273,KOTA BANDUNG,3273190,CICENDO,3273190002,PASIRKALIKI,32.73.06,CICENDO,32.73.06.1004,PASIR KALIKI,TAMAN RADJIMAN 1,TAMAN,30.0,METER PERSEGI,2020
92,32,JAWA BARAT,3273,KOTA BANDUNG,3273190,CICENDO,3273190002,PASIRKALIKI,32.73.06,CICENDO,32.73.06.1004,PASIR KALIKI,TAMAN RADJIMAN 2,TAMAN,9.0,METER PERSEGI,2020
93,32,JAWA BARAT,3273,KOTA BANDUNG,3273190,CICENDO,3273190002,PASIRKALIKI,32.73.06,CICENDO,32.73.06.1004,PASIR KALIKI,TAMAN RADJIMAN 3,TAMAN,9.0,METER PERSEGI,2020
94,32,JAWA BARAT,3273,KOTA BANDUNG,3273190,CICENDO,3273190002,PASIRKALIKI,32.73.06,CICENDO,32.73.06.1004,PASIR KALIKI,TAMAN RADJIMAN 4,TAMAN,9.0,METER PERSEGI,2020
95,32,JAWA BARAT,3273,KOTA BANDUNG,3273190,CICENDO,3273190002,PASIRKALIKI,32.73.06,CICENDO,32.73.06.1004,PASIR KALIKI,TAMAN RADJIMAN 5,TAMAN,9.0,METER PERSEGI,2020
96,32,JAWA BARAT,3273,KOTA BANDUNG,3273190,CICENDO,3273190002,PASIRKALIKI,32.73.06,CICENDO,32.73.06.1004,PASIR KALIKI,TAMAN RW 01,TAMAN,100.0,METER PERSEGI,2020
97,32,JAWA BARAT,3273,KOTA BANDUNG,3273190,CICENDO,3273190002,PASIRKALIKI,32.73.06,CICENDO,32.73.06.1004,PASIR KALIKI,TAMAN RW 05,TAMAN,132.0,METER PERSEGI,2020
98,32,JAWA BARAT,3273,KOTA BANDUNG,3273190,CICENDO,3273190006,SUKARAJA,32.73.06,CICENDO,32.73.06.1006,SUKARAJA,TERAS HUJAU RW 07,BURUAN SAE (TANAMAN PANGAN),250.0,METER PERSEGI,2020
99,32,JAWA BARAT,3273,KOTA BANDUNG,3273190,CICENDO,3273190006,SUKARAJA,32.73.06,CICENDO,32.73.06.1006,SUKARAJA,BURUAN SAE (RW 04),BURUAN SAE (TANAMAN PANGAN),100.0,METER PERSEGI,2021
100,32,JAWA BARAT,3273,KOTA BANDUNG,3273190,CICENDO,3273190006,SUKARAJA,32.73.06,CICENDO,32.73.06.1006,SUKARAJA,BURUAN SAE (RW 07),BURUAN SAE (TANAMAN PANGAN),150.0,METER PERSEGI,2021
101,32,JAWA BARAT,3273,KOTA BANDUNG,3273190,CICENDO,3273190006,SUKARAJA,32.73.06,CICENDO,32.73.06.1006,SUKARAJA,BURUAN SAE BUNI SUGI (RW 04),BURUAN SAE (TANAMAN PANGAN),200.0,METER PERSEGI,2021
102,32,JAWA BARAT,3273,KOTA BANDUNG,3273190,CICENDO,3273190006,SUKARAJA,32.73.06,CICENDO,32.73.06.1006,SUKARAJA,BURUAN SAE PA HILMAN (RW 05),BURUAN SAE (TANAMAN PANGAN),300.0,METER PERSEGI,2021
103,32,JAWA BARAT,3273,KOTA BANDUNG,3273190,CICENDO,3273190005,HUSEN SASTRANEGARA,32.73.06,CICENDO,32.73.06.1001,HUSEN SASTRANEGARA,GG. HANURA SD PELITA JASA,PEKARANGAN,50.0,METER PERSEGI,2021
104,32,JAWA BARAT,3273,KOTA BANDUNG,3273190,CICENDO,3273190006,SUKARAJA,32.73.06,CICENDO,32.73.06.1006,SUKARAJA,HALAMAN GSG RW 07,HALAMAN,180.0,METER PERSEGI,2021
105,32,JAWA BARAT,3273,KOTA BANDUNG,3273190,CICENDO,3273190005,HUSEN SASTRANEGARA,32.73.06,CICENDO,32.73.06.1001,HUSEN SASTRANEGARA,JL. ABDURAHMAN SALEH,LAHAN KOTA,430.0,METER PERSEGI,2021
106,32,JAWA BARAT,3273,KOTA BANDUNG,3273190,CICENDO,3273190005,HUSEN SASTRANEGARA,32.73.06,CICENDO,32.73.06.1001,HUSEN SASTRANEGARA,JL. ABDURAHMAN SALEH,LAHAN RW,110.0,METER PERSEGI,2021
107,32,JAWA BARAT,3273,KOTA BANDUNG,3273190,CICENDO,3273190005,HUSEN SASTRANEGARA,32.73.06,CICENDO,32.73.06.1001,HUSEN SASTRANEGARA,JL. ABDURAHMAN SALEH,TAMAN PATUNG HUSEIN SN,1200.0,METER PERSEGI,2021
108,32,JAWA BARAT,3273,KOTA BANDUNG,3273190,CICENDO,3273190005,HUSEN SASTRANEGARA,32.73.06,CICENDO,32.73.06.1001,HUSEN SASTRANEGARA,JL. ABDURAHMAN SALEH,TAMAN PATUNG HUSEIN SN II,1200.0,METER PERSEGI,2021
109,32,JAWA BARAT,3273,KOTA BANDUNG,3273190,CICENDO,3273190005,HUSEN SASTRANEGARA,32.73.06,CICENDO,32.73.06.1001,HUSEN SASTRANEGARA,JL. ABDURAHMAN SALEH,TAMAN PKK,400.0,METER PERSEGI,2021
110,32,JAWA BARAT,3273,KOTA BANDUNG,3273190,CICENDO,3273190005,HUSEN SASTRANEGARA,32.73.06,CICENDO,32.73.06.1001,HUSEN SASTRANEGARA,JL. ABDURAHMAN SALEH BOJONEGARA,LAHAN KOTA,1200.0,METER PERSEGI,2021
111,32,JAWA BARAT,3273,KOTA BANDUNG,3273190,CICENDO,3273190005,HUSEN SASTRANEGARA,32.73.06,CICENDO,32.73.06.1001,HUSEN SASTRANEGARA,JL. ARUNA,ALUN-ALUN CICENDO,5000.0,METER PERSEGI,2021
112,32,JAWA BARAT,3273,KOTA BANDUNG,3273190,CICENDO,3273190001,ARJUNA,32.73.06,CICENDO,32.73.06.1002,ARJUNA,JL. AYUDIA,PEKARANGAN TANAMAN HIAS,50.0,METER PERSEGI,2021
113,32,JAWA BARAT,3273,KOTA BANDUNG,3273190,CICENDO,3273190001,ARJUNA,32.73.06,CICENDO,32.73.06.1002,ARJUNA,JL. BELOKAN BIMA,TAMAN,25.0,METER PERSEGI,2021
114,32,JAWA BARAT,3273,KOTA BANDUNG,3273190,CICENDO,3273190005,HUSEN SASTRANEGARA,32.73.06,CICENDO,32.73.06.1001,HUSEN SASTRANEGARA,JL. DR. JUNJUNAN,JALUR JALAN HIJAU,540.0,METER PERSEGI,2021
115,32,JAWA BARAT,3273,KOTA BANDUNG,3273190,CICENDO,3273190005,HUSEN SASTRANEGARA,32.73.06,CICENDO,32.73.06.1001,HUSEN SASTRANEGARA,JL. DR. JUNJUNAN,LAPANGAN,1000.0,METER PERSEGI,2021
116,32,JAWA BARAT,3273,KOTA BANDUNG,3273190,CICENDO,3273190005,HUSEN SASTRANEGARA,32.73.06,CICENDO,32.73.06.1001,HUSEN SASTRANEGARA,JL. GUNUNG BATU / JL. SUKARAJA,"PERKARANGAN, HALAMAN",6000.0,METER PERSEGI,2021
117,32,JAWA BARAT,3273,KOTA BANDUNG,3273190,CICENDO,3273190005,HUSEN SASTRANEGARA,32.73.06,CICENDO,32.73.06.1001,HUSEN SASTRANEGARA,JL. INDUSTRI DALAM RT 03,LAHAN RT,140.0,METER PERSEGI,2021
118,32,JAWA BARAT,3273,KOTA BANDUNG,3273190,CICENDO,3273190005,HUSEN SASTRANEGARA,32.73.06,CICENDO,32.73.06.1001,HUSEN SASTRANEGARA,JL. JATAYU II,LAHAN KOTA RT,110.0,METER PERSEGI,2021
119,32,JAWA BARAT,3273,KOTA BANDUNG,3273190,CICENDO,3273190005,HUSEN SASTRANEGARA,32.73.06,CICENDO,32.73.06.1001,HUSEN SASTRANEGARA,JL. KOMUD SUPADIO,LAHAN KOTA,135.0,METER PERSEGI,2021
120,32,JAWA BARAT,3273,KOTA BANDUNG,3273190,CICENDO,3273190005,HUSEN SASTRANEGARA,32.73.06,CICENDO,32.73.06.1001,HUSEN SASTRANEGARA,JL. KOMUD SUPADIO SDN. JATAYU,LAHAN KOTA,160.0,METER PERSEGI,2021
121,32,JAWA BARAT,3273,KOTA BANDUNG,3273190,CICENDO,3273190001,ARJUNA,32.73.06,CICENDO,32.73.06.1002,ARJUNA,JL. PAJAJARAN,TAMAN KTT,100.0,METER PERSEGI,2021
122,32,JAWA BARAT,3273,KOTA BANDUNG,3273190,CICENDO,3273190001,ARJUNA,32.73.06,CICENDO,32.73.06.1002,ARJUNA,JL. PANDAWA-JL.KRESNA,TAMAN PANDAWA,500.0,METER PERSEGI,2021
123,32,JAWA BARAT,3273,KOTA BANDUNG,3273190,CICENDO,3273190001,ARJUNA,32.73.06,CICENDO,32.73.06.1002,ARJUNA,JL. SEMAR DALAM,TAMAN PKK (RW 05),50.0,METER PERSEGI,2021
124,32,JAWA BARAT,3273,KOTA BANDUNG,3273190,CICENDO,3273190005,HUSEN SASTRANEGARA,32.73.06,CICENDO,32.73.06.1001,HUSEN SASTRANEGARA,JL. SUBAGIO NO. 22,LAHAN KOTA,190.0,METER PERSEGI,2021
125,32,JAWA BARAT,3273,KOTA BANDUNG,3273190,CICENDO,3273190005,HUSEN SASTRANEGARA,32.73.06,CICENDO,32.73.06.1001,HUSEN SASTRANEGARA,JL. SUPADIO,LAHAN KOTA,1500.0,METER PERSEGI,2021
126,32,JAWA BARAT,3273,KOTA BANDUNG,3273190,CICENDO,3273190005,HUSEN SASTRANEGARA,32.73.06,CICENDO,32.73.06.1001,HUSEN SASTRANEGARA,JL. SUPADIO,LAPANG RW 10,1500.0,METER PERSEGI,2021
127,32,JAWA BARAT,3273,KOTA BANDUNG,3273190,CICENDO,3273190005,HUSEN SASTRANEGARA,32.73.06,CICENDO,32.73.06.1001,HUSEN SASTRANEGARA,JL. SUPADIO / JATAYU DALAM VI,JALUR JALAN HIJAU,2556.0,METER PERSEGI,2021
128,32,JAWA BARAT,3273,KOTA BANDUNG,3273190,CICENDO,3273190005,HUSEN SASTRANEGARA,32.73.06,CICENDO,32.73.06.1001,HUSEN SASTRANEGARA,JL. TERUSAN PASTER NO. 38 SD SUKARAJA I,"PERKARANGAN, HALAMAN SD SUKARAJA I NO. 38",500.0,METER PERSEGI,2021
129,32,JAWA BARAT,3273,KOTA BANDUNG,3273190,CICENDO,3273190005,HUSEN SASTRANEGARA,32.73.06,CICENDO,32.73.06.1001,HUSEN SASTRANEGARA,JL.SUPADIO / JATAYU DALAM VI,JALUR JALAN HIJAU,2556.0,METER PERSEGI,2021
130,32,JAWA BARAT,3273,KOTA BANDUNG,3273190,CICENDO,3273190005,HUSEN SASTRANEGARA,32.73.06,CICENDO,32.73.06.1001,HUSEN SASTRANEGARA,JL.TATA NEGARA,PERKARANGAN HALAMAN MESJID AL-JIHAD,900.0,METER PERSEGI,2021
131,32,JAWA BARAT,3273,KOTA BANDUNG,3273190,CICENDO,3273190006,SUKARAJA,32.73.06,CICENDO,32.73.06.1006,SUKARAJA,LAHAN KEBUN JL. OVTEN RW 08,KEBUN,300.0,METER PERSEGI,2021
132,32,JAWA BARAT,3273,KOTA BANDUNG,3273190,CICENDO,3273190006,SUKARAJA,32.73.06,CICENDO,32.73.06.1006,SUKARAJA,LAHAN PERSAWAHAN RW 01,PETAKAN SAWAH,4000.0,METER PERSEGI,2021
133,32,JAWA BARAT,3273,KOTA BANDUNG,3273190,CICENDO,3273190003,PAMOYANAN,32.73.06,CICENDO,32.73.06.1005,PAMOYANAN,LAPANG KEMBAR RW 06,LAPANGAN OLAHRAGA,4233.65,METER PERSEGI,2021
134,32,JAWA BARAT,3273,KOTA BANDUNG,3273190,CICENDO,3273190006,SUKARAJA,32.73.06,CICENDO,32.73.06.1006,SUKARAJA,MAKAM MUSLIM JL. BUDI RW 03,PEMAKAMAN,1200.0,METER PERSEGI,2021
135,32,JAWA BARAT,3273,KOTA BANDUNG,3273190,CICENDO,3273190006,SUKARAJA,32.73.06,CICENDO,32.73.06.1006,SUKARAJA,SMK NEGERI 11 BANDUNG,TAMAN DAN LAPANGAN OLAH RAGA,800.0,METER PERSEGI,2021
136,32,JAWA BARAT,3273,KOTA BANDUNG,3273190,CICENDO,3273190006,SUKARAJA,32.73.06,CICENDO,32.73.06.1006,SUKARAJA,SMP 2 MUHAMMADYAH BANDUNG,TAMAN DAN LAPANGAN OLAH RAGA,800.0,METER PERSEGI,2021
137,32,JAWA BARAT,3273,KOTA BANDUNG,3273190,CICENDO,3273190006,SUKARAJA,32.73.06,CICENDO,32.73.06.1006,SUKARAJA,SMP HIKMAH TELADAN,TAMAN DAN LAPANGAN OLAH RAGA,2000.0,METER PERSEGI,2021
138,32,JAWA BARAT,3273,KOTA BANDUNG,3273190,CICENDO,3273190006,SUKARAJA,32.73.06,CICENDO,32.73.06.1006,SUKARAJA,SMP NEGERI 47 BANDUNG,TAMAN DAN LAPANGAN OLAH RAGA,800.0,METER PERSEGI,2021
139,32,JAWA BARAT,3273,KOTA BANDUNG,3273190,CICENDO,3273190002,PASIRKALIKI,32.73.06,CICENDO,32.73.06.1004,PASIR KALIKI,TAMAN ADIPURA,TAMAN,300.0,METER PERSEGI,2021
140,32,JAWA BARAT,3273,KOTA BANDUNG,3273190,CICENDO,3273190004,PAJAJARAN,32.73.03,CICENDO,32.73.06.1003,PAJAJARAN,TAMAN BERMAIN,JL. PAJAJARAN RT 01 RW 07,40.0,METER PERSEGI,2021
141,32,JAWA BARAT,3273,KOTA BANDUNG,3273190,CICENDO,3273190004,PAJAJARAN,32.73.03,CICENDO,32.73.06.1003,PAJAJARAN,TAMAN BERMAIN ANGKASA PURA,JL. PAJAJARAN RT 04 RW 07,70.0,METER PERSEGI,2021
142,32,JAWA BARAT,3273,KOTA BANDUNG,3273190,CICENDO,3273190002,PASIRKALIKI,32.73.06,CICENDO,32.73.06.1004,PASIR KALIKI,TAMAN KEBON KAWUNG 1,TAMAN,10.0,METER PERSEGI,2021
143,32,JAWA BARAT,3273,KOTA BANDUNG,3273190,CICENDO,3273190002,PASIRKALIKI,32.73.06,CICENDO,32.73.06.1004,PASIR KALIKI,TAMAN KEBON KAWUNG 2,TAMAN,12.0,METER PERSEGI,2021
144,32,JAWA BARAT,3273,KOTA BANDUNG,3273190,CICENDO,3273190004,PAJAJARAN,32.73.03,CICENDO,32.73.06.1003,PAJAJARAN,TAMAN NYABA (NYAMAN AMAN BAHAGIA AGAMIS),JL. BALADEWA ASRI RW 08,35.0,METER PERSEGI,2021
145,32,JAWA BARAT,3273,KOTA BANDUNG,3273190,CICENDO,3273190002,PASIRKALIKI,32.73.06,CICENDO,32.73.06.1004,PASIR KALIKI,TAMAN NYLAND,TAMAN,70.0,METER PERSEGI,2021
146,32,JAWA BARAT,3273,KOTA BANDUNG,3273190,CICENDO,3273190002,PASIRKALIKI,32.73.06,CICENDO,32.73.06.1004,PASIR KALIKI,TAMAN OTTEN,TAMAN,300.0,METER PERSEGI,2021
147,32,JAWA BARAT,3273,KOTA BANDUNG,3273190,CICENDO,3273190002,PASIRKALIKI,32.73.06,CICENDO,32.73.06.1004,PASIR KALIKI,TAMAN OTTEN,TAMAN,9.0,METER PERSEGI,2021
148,32,JAWA BARAT,3273,KOTA BANDUNG,3273190,CICENDO,3273190003,PAMOYANAN,32.73.06,CICENDO,32.73.06.1005,PAMOYANAN,TAMAN PAMOYANAN,TAMAN TERBUKA HIJAU,55.49,METER PERSEGI,2021
149,32,JAWA BARAT,3273,KOTA BANDUNG,3273190,CICENDO,3273190002,PASIRKALIKI,32.73.06,CICENDO,32.73.06.1004,PASIR KALIKI,TAMAN RADJIMAN 1,TAMAN,30.0,METER PERSEGI,2021
150,32,JAWA BARAT,3273,KOTA BANDUNG,3273190,CICENDO,3273190002,PASIRKALIKI,32.73.06,CICENDO,32.73.06.1004,PASIR KALIKI,TAMAN RADJIMAN 2,TAMAN,9.0,METER PERSEGI,2021
151,32,JAWA BARAT,3273,KOTA BANDUNG,3273190,CICENDO,3273190002,PASIRKALIKI,32.73.06,CICENDO,32.73.06.1004,PASIR KALIKI,TAMAN RADJIMAN 3,TAMAN,9.0,METER PERSEGI,2021
152,32,JAWA BARAT,3273,KOTA BANDUNG,3273190,CICENDO,3273190002,PASIRKALIKI,32.73.06,CICENDO,32.73.06.1004,PASIR KALIKI,TAMAN RADJIMAN 4,TAMAN,9.0,METER PERSEGI,2021
153,32,JAWA BARAT,3273,KOTA BANDUNG,3273190,CICENDO,3273190002,PASIRKALIKI,32.73.06,CICENDO,32.73.06.1004,PASIR KALIKI,TAMAN RADJIMAN 5,TAMAN,9.0,METER PERSEGI,2021
154,32,JAWA BARAT,3273,KOTA BANDUNG,3273190,CICENDO,3273190002,PASIRKALIKI,32.73.06,CICENDO,32.73.06.1004,PASIR KALIKI,TAMAN RW 01,TAMAN,100.0,METER PERSEGI,2021
155,32,JAWA BARAT,3273,KOTA BANDUNG,3273190,CICENDO,3273190002,PASIRKALIKI,32.73.06,CICENDO,32.73.06.1004,PASIR KALIKI,TAMAN RW 05,TAMAN,132.0,METER PERSEGI,2021
156,32,JAWA BARAT,3273,KOTA BANDUNG,3273190,CICENDO,3273190006,SUKARAJA,32.73.06,CICENDO,32.73.06.1006,SUKARAJA,TERAS HUJAU RW 07,BURUAN SAE (TANAMAN PANGAN),250.0,METER PERSEGI,2021
157,32,JAWA BARAT,3273,KOTA BANDUNG,3273190,CICENDO,3273190006,SUKARAJA,32.73.06,CICENDO,32.73.06.1006,SUKARAJA,BURUAN SAE (RW 04),BURUAN SAE (TANAMAN PANGAN),100.0,METER PERSEGI,2022
158,32,JAWA BARAT,3273,KOTA BANDUNG,3273190,CICENDO,3273190006,SUKARAJA,32.73.06,CICENDO,32.73.06.1006,SUKARAJA,BURUAN SAE (RW 07),BURUAN SAE (TANAMAN PANGAN),150.0,METER PERSEGI,2022
159,32,JAWA BARAT,3273,KOTA BANDUNG,3273190,CICENDO,3273190006,SUKARAJA,32.73.06,CICENDO,32.73.06.1006,SUKARAJA,BURUAN SAE BUNI SUGI (RW 04),BURUAN SAE (TANAMAN PANGAN),200.0,METER PERSEGI,2022
160,32,JAWA BARAT,3273,KOTA BANDUNG,3273190,CICENDO,3273190006,SUKARAJA,32.73.06,CICENDO,32.73.06.1006,SUKARAJA,BURUAN SAE PA HILMAN (RW 05),BURUAN SAE (TANAMAN PANGAN),300.0,METER PERSEGI,2022
161,32,JAWA BARAT,3273,KOTA BANDUNG,3273190,CICENDO,3273190005,HUSEN SASTRANEGARA,32.73.06,CICENDO,32.73.06.1001,HUSEN SASTRANEGARA,GG. HANURA SD PELITA JASA,PEKARANGAN,50.0,METER PERSEGI,2022
162,32,JAWA BARAT,3273,KOTA BANDUNG,3273190,CICENDO,3273190006,SUKARAJA,32.73.06,CICENDO,32.73.06.1006,SUKARAJA,HALAMAN GSG RW 07,HALAMAN,180.0,METER PERSEGI,2022
163,32,JAWA BARAT,3273,KOTA BANDUNG,3273190,CICENDO,3273190005,HUSEN SASTRANEGARA,32.73.06,CICENDO,32.73.06.1001,HUSEN SASTRANEGARA,JL. ABDURAHMAN SALEH,LAHAN KOTA,430.0,METER PERSEGI,2022
164,32,JAWA BARAT,3273,KOTA BANDUNG,3273190,CICENDO,3273190005,HUSEN SASTRANEGARA,32.73.06,CICENDO,32.73.06.1001,HUSEN SASTRANEGARA,JL. ABDURAHMAN SALEH,LAHAN RW,110.0,METER PERSEGI,2022
165,32,JAWA BARAT,3273,KOTA BANDUNG,3273190,CICENDO,3273190005,HUSEN SASTRANEGARA,32.73.06,CICENDO,32.73.06.1001,HUSEN SASTRANEGARA,JL. ABDURAHMAN SALEH,TAMAN PATUNG HUSEIN SN,1200.0,METER PERSEGI,2022
166,32,JAWA BARAT,3273,KOTA BANDUNG,3273190,CICENDO,3273190005,HUSEN SASTRANEGARA,32.73.06,CICENDO,32.73.06.1001,HUSEN SASTRANEGARA,JL. ABDURAHMAN SALEH,TAMAN PATUNG HUSEIN SN II,1200.0,METER PERSEGI,2022
167,32,JAWA BARAT,3273,KOTA BANDUNG,3273190,CICENDO,3273190005,HUSEN SASTRANEGARA,32.73.06,CICENDO,32.73.06.1001,HUSEN SASTRANEGARA,JL. ABDURAHMAN SALEH,TAMAN PKK,400.0,METER PERSEGI,2022
168,32,JAWA BARAT,3273,KOTA BANDUNG,3273190,CICENDO,3273190005,HUSEN SASTRANEGARA,32.73.06,CICENDO,32.73.06.1001,HUSEN SASTRANEGARA,JL. ABDURAHMAN SALEH BOJONEGARA,LAHAN KOTA,1200.0,METER PERSEGI,2022
169,32,JAWA BARAT,3273,KOTA BANDUNG,3273190,CICENDO,3273190005,HUSEN SASTRANEGARA,32.73.06,CICENDO,32.73.06.1001,HUSEN SASTRANEGARA,JL. ARUNA,ALUN-ALUN CICENDO,5000.0,METER PERSEGI,2022
170,32,JAWA BARAT,3273,KOTA BANDUNG,3273190,CICENDO,3273190001,ARJUNA,32.73.06,CICENDO,32.73.06.1002,ARJUNA,JL. AYUDIA,PEKARANGAN TANAMAN HIAS,50.0,METER PERSEGI,2022
171,32,JAWA BARAT,3273,KOTA BANDUNG,3273190,CICENDO,3273190001,ARJUNA,32.73.06,CICENDO,32.73.06.1002,ARJUNA,JL. BELOKAN BIMA,TAMAN,25.0,METER PERSEGI,2022
172,32,JAWA BARAT,3273,KOTA BANDUNG,3273190,CICENDO,3273190005,HUSEN SASTRANEGARA,32.73.06,CICENDO,32.73.06.1001,HUSEN SASTRANEGARA,JL. DR. JUNJUNAN,JALUR JALAN HIJAU,540.0,METER PERSEGI,2022
173,32,JAWA BARAT,3273,KOTA BANDUNG,3273190,CICENDO,3273190005,HUSEN SASTRANEGARA,32.73.06,CICENDO,32.73.06.1001,HUSEN SASTRANEGARA,JL. DR. JUNJUNAN,LAPANGAN,1000.0,METER PERSEGI,2022
174,32,JAWA BARAT,3273,KOTA BANDUNG,3273190,CICENDO,3273190005,HUSEN SASTRANEGARA,32.73.06,CICENDO,32.73.06.1001,HUSEN SASTRANEGARA,JL. GUNUNG BATU / JL. SUKARAJA,"PERKARANGAN, HALAMAN",6000.0,METER PERSEGI,2022
175,32,JAWA BARAT,3273,KOTA BANDUNG,3273190,CICENDO,3273190005,HUSEN SASTRANEGARA,32.73.06,CICENDO,32.73.06.1001,HUSEN SASTRANEGARA,JL. INDUSTRI DALAM RT 03,LAHAN RT,140.0,METER PERSEGI,2022
176,32,JAWA BARAT,3273,KOTA BANDUNG,3273190,CICENDO,3273190005,HUSEN SASTRANEGARA,32.73.06,CICENDO,32.73.06.1001,HUSEN SASTRANEGARA,JL. JATAYU II,LAHAN KOTA RT,110.0,METER PERSEGI,2022
177,32,JAWA BARAT,3273,KOTA BANDUNG,3273190,CICENDO,3273190005,HUSEN SASTRANEGARA,32.73.06,CICENDO,32.73.06.1001,HUSEN SASTRANEGARA,JL. KOMUD SUPADIO,LAHAN KOTA,135.0,METER PERSEGI,2022
178,32,JAWA BARAT,3273,KOTA BANDUNG,3273190,CICENDO,3273190005,HUSEN SASTRANEGARA,32.73.06,CICENDO,32.73.06.1001,HUSEN SASTRANEGARA,JL. KOMUD SUPADIO SDN. JATAYU,LAHAN KOTA,160.0,METER PERSEGI,2022
179,32,JAWA BARAT,3273,KOTA BANDUNG,3273190,CICENDO,3273190001,ARJUNA,32.73.06,CICENDO,32.73.06.1002,ARJUNA,JL. PAJAJARAN,TAMAN KTT,100.0,METER PERSEGI,2022
180,32,JAWA BARAT,3273,KOTA BANDUNG,3273190,CICENDO,3273190001,ARJUNA,32.73.06,CICENDO,32.73.06.1002,ARJUNA,JL. PANDAWA-JL.KRESNA,TAMAN PANDAWA,500.0,METER PERSEGI,2022
181,32,JAWA BARAT,3273,KOTA BANDUNG,3273190,CICENDO,3273190001,ARJUNA,32.73.06,CICENDO,32.73.06.1002,ARJUNA,JL. SEMAR DALAM,TAMAN PKK (RW 05),50.0,METER PERSEGI,2022
182,32,JAWA BARAT,3273,KOTA BANDUNG,3273190,CICENDO,3273190005,HUSEN SASTRANEGARA,32.73.06,CICENDO,32.73.06.1001,HUSEN SASTRANEGARA,JL. SUBAGIO NO. 22,LAHAN KOTA,190.0,METER PERSEGI,2022
183,32,JAWA BARAT,3273,KOTA BANDUNG,3273190,CICENDO,3273190005,HUSEN SASTRANEGARA,32.73.06,CICENDO,32.73.06.1001,HUSEN SASTRANEGARA,JL. SUPADIO,LAHAN KOTA,1500.0,METER PERSEGI,2022
184,32,JAWA BARAT,3273,KOTA BANDUNG,3273190,CICENDO,3273190005,HUSEN SASTRANEGARA,32.73.06,CICENDO,32.73.06.1001,HUSEN SASTRANEGARA,JL. SUPADIO,LAPANG RW 10,1500.0,METER PERSEGI,2022
185,32,JAWA BARAT,3273,KOTA BANDUNG,3273190,CICENDO,3273190005,HUSEN SASTRANEGARA,32.73.06,CICENDO,32.73.06.1001,HUSEN SASTRANEGARA,JL. SUPADIO / JATAYU DALAM VI,JALUR JALAN HIJAU,2556.0,METER PERSEGI,2022
186,32,JAWA BARAT,3273,KOTA BANDUNG,3273190,CICENDO,3273190005,HUSEN SASTRANEGARA,32.73.06,CICENDO,32.73.06.1001,HUSEN SASTRANEGARA,JL. TERUSAN PASTER NO. 38 SD SUKARAJA I,"PERKARANGAN, HALAMAN SD SUKARAJA I NO. 38",500.0,METER PERSEGI,2022
187,32,JAWA BARAT,3273,KOTA BANDUNG,3273190,CICENDO,3273190005,HUSEN SASTRANEGARA,32.73.06,CICENDO,32.73.06.1001,HUSEN SASTRANEGARA,JL.SUPADIO / JATAYU DALAM VI,JALUR JALAN HIJAU,2556.0,METER PERSEGI,2022
188,32,JAWA BARAT,3273,KOTA BANDUNG,3273190,CICENDO,3273190005,HUSEN SASTRANEGARA,32.73.06,CICENDO,32.73.06.1001,HUSEN SASTRANEGARA,JL.TATA NEGARA,PERKARANGAN HALAMAN MESJID AL-JIHAD,900.0,METER PERSEGI,2022
189,32,JAWA BARAT,3273,KOTA BANDUNG,3273190,CICENDO,3273190006,SUKARAJA,32.73.06,CICENDO,32.73.06.1006,SUKARAJA,LAHAN KEBUN JL. OVTEN RW 08,KEBUN,300.0,METER PERSEGI,2022
190,32,JAWA BARAT,3273,KOTA BANDUNG,3273190,CICENDO,3273190006,SUKARAJA,32.73.06,CICENDO,32.73.06.1006,SUKARAJA,LAHAN PERSAWAHAN RW 01,PETAKAN SAWAH,4000.0,METER PERSEGI,2022
191,32,JAWA BARAT,3273,KOTA BANDUNG,3273190,CICENDO,3273190003,PAMOYANAN,32.73.06,CICENDO,32.73.06.1005,PAMOYANAN,LAPANG KEMBAR RW 06,LAPANGAN OLAHRAGA,4233.65,METER PERSEGI,2022
192,32,JAWA BARAT,3273,KOTA BANDUNG,3273190,CICENDO,3273190006,SUKARAJA,32.73.06,CICENDO,32.73.06.1006,SUKARAJA,MAKAM MUSLIM JL. BUDI RW 03,PEMAKAMAN,1200.0,METER PERSEGI,2022
193,32,JAWA BARAT,3273,KOTA BANDUNG,3273190,CICENDO,3273190006,SUKARAJA,32.73.06,CICENDO,32.73.06.1006,SUKARAJA,SMK NEGERI 11 BANDUNG,TAMAN DAN LAPANGAN OLAH RAGA,800.0,METER PERSEGI,2022
194,32,JAWA BARAT,3273,KOTA BANDUNG,3273190,CICENDO,3273190006,SUKARAJA,32.73.06,CICENDO,32.73.06.1006,SUKARAJA,SMP 2 MUHAMMADYAH BANDUNG,TAMAN DAN LAPANGAN OLAH RAGA,800.0,METER PERSEGI,2022
195,32,JAWA BARAT,3273,KOTA BANDUNG,3273190,CICENDO,3273190006,SUKARAJA,32.73.06,CICENDO,32.73.06.1006,SUKARAJA,SMP HIKMAH TELADAN,TAMAN DAN LAPANGAN OLAH RAGA,2000.0,METER PERSEGI,2022
196,32,JAWA BARAT,3273,KOTA BANDUNG,3273190,CICENDO,3273190006,SUKARAJA,32.73.06,CICENDO,32.73.06.1006,SUKARAJA,SMP NEGERI 47 BANDUNG,TAMAN DAN LAPANGAN OLAH RAGA,800.0,METER PERSEGI,2022
197,32,JAWA BARAT,3273,KOTA BANDUNG,3273190,CICENDO,3273190002,PASIRKALIKI,32.73.06,CICENDO,32.73.06.1004,PASIR KALIKI,TAMAN ADIPURA,TAMAN,300.0,METER PERSEGI,2022
198,32,JAWA BARAT,3273,KOTA BANDUNG,3273190,CICENDO,3273190004,PAJAJARAN,32.73.03,CICENDO,32.73.06.1003,PAJAJARAN,TAMAN BERMAIN,JL. PAJAJARAN RT 01 RW 07,40.0,METER PERSEGI,2022
199,32,JAWA BARAT,3273,KOTA BANDUNG,3273190,CICENDO,3273190004,PAJAJARAN,32.73.03,CICENDO,32.73.06.1003,PAJAJARAN,TAMAN BERMAIN ANGKASA PURA,JL. PAJAJARAN RT 04 RW 07,70.0,METER PERSEGI,2022
200,32,JAWA BARAT,3273,KOTA BANDUNG,3273190,CICENDO,3273190002,PASIRKALIKI,32.73.06,CICENDO,32.73.06.1004,PASIR KALIKI,TAMAN KEBON KAWUNG 1,TAMAN,10.0,METER PERSEGI,2022
201,32,JAWA BARAT,3273,KOTA BANDUNG,3273190,CICENDO,3273190002,PASIRKALIKI,32.73.06,CICENDO,32.73.06.1004,PASIR KALIKI,TAMAN KEBON KAWUNG 2,TAMAN,12.0,METER PERSEGI,2022
202,32,JAWA BARAT,3273,KOTA BANDUNG,3273190,CICENDO,3273190004,PAJAJARAN,32.73.03,CICENDO,32.73.06.1003,PAJAJARAN,TAMAN NYABA (NYAMAN AMAN BAHAGIA AGAMIS),JL. BALADEWA ASRI RW 08,35.0,METER PERSEGI,2022
203,32,JAWA BARAT,3273,KOTA BANDUNG,3273190,CICENDO,3273190002,PASIRKALIKI,32.73.06,CICENDO,32.73.06.1004,PASIR KALIKI,TAMAN NYLAND,TAMAN,70.0,METER PERSEGI,2022
204,32,JAWA BARAT,3273,KOTA BANDUNG,3273190,CICENDO,3273190002,PASIRKALIKI,32.73.06,CICENDO,32.73.06.1004,PASIR KALIKI,TAMAN OTTEN,TAMAN,300.0,METER PERSEGI,2022
205,32,JAWA BARAT,3273,KOTA BANDUNG,3273190,CICENDO,3273190002,PASIRKALIKI,32.73.06,CICENDO,32.73.06.1004,PASIR KALIKI,TAMAN OTTEN,TAMAN,9.0,METER PERSEGI,2022
206,32,JAWA BARAT,3273,KOTA BANDUNG,3273190,CICENDO,3273190003,PAMOYANAN,32.73.06,CICENDO,32.73.06.1005,PAMOYANAN,TAMAN PAMOYANAN,TAMAN TERBUKA HIJAU,55.49,METER PERSEGI,2022
207,32,JAWA BARAT,3273,KOTA BANDUNG,3273190,CICENDO,3273190002,PASIRKALIKI,32.73.06,CICENDO,32.73.06.1004,PASIR KALIKI,TAMAN RADJIMAN 1,TAMAN,30.0,METER PERSEGI,2022
208,32,JAWA BARAT,3273,KOTA BANDUNG,3273190,CICENDO,3273190002,PASIRKALIKI,32.73.06,CICENDO,32.73.06.1004,PASIR KALIKI,TAMAN RADJIMAN 2,TAMAN,9.0,METER PERSEGI,2022
209,32,JAWA BARAT,3273,KOTA BANDUNG,3273190,CICENDO,3273190002,PASIRKALIKI,32.73.06,CICENDO,32.73.06.1004,PASIR KALIKI,TAMAN RADJIMAN 3,TAMAN,9.0,METER PERSEGI,2022
210,32,JAWA BARAT,3273,KOTA BANDUNG,3273190,CICENDO,3273190002,PASIRKALIKI,32.73.06,CICENDO,32.73.06.1004,PASIR KALIKI,TAMAN RADJIMAN 4,TAMAN,9.0,METER PERSEGI,2022
211,32,JAWA BARAT,3273,KOTA BANDUNG,3273190,CICENDO,3273190002,PASIRKALIKI,32.73.06,CICENDO,32.73.06.1004,PASIR KALIKI,TAMAN RADJIMAN 5,TAMAN,9.0,METER PERSEGI,2022
212,32,JAWA BARAT,3273,KOTA BANDUNG,3273190,CICENDO,3273190002,PASIRKALIKI,32.73.06,CICENDO,32.73.06.1004,PASIR KALIKI,TAMAN RW 01,TAMAN,100.0,METER PERSEGI,2022
213,32,JAWA BARAT,3273,KOTA BANDUNG,3273190,CICENDO,3273190002,PASIRKALIKI,32.73.06,CICENDO,32.73.06.1004,PASIR KALIKI,TAMAN RW 05,TAMAN,132.0,METER PERSEGI,2022
214,32,JAWA BARAT,3273,KOTA BANDUNG,3273190,CICENDO,3273190006,SUKARAJA,32.73.06,CICENDO,32.73.06.1006,SUKARAJA,TERAS HUJAU RW 07,BURUAN SAE (TANAMAN PANGAN),250.0,METER PERSEGI,2022
215,32,JAWA BARAT,3273,KOTA BANDUNG,3273190,CICENDO,3273190006,SUKARAJA,32.73.06,CICENDO,32.73.06.1006,SUKARAJA,BURUAN SAE (RW 04),BURUAN SAE (TANAMAN PANGAN),100.0,METER PERSEGI,2023
216,32,JAWA BARAT,3273,KOTA BANDUNG,3273190,CICENDO,3273190006,SUKARAJA,32.73.06,CICENDO,32.73.06.1006,SUKARAJA,BURUAN SAE (RW 07),BURUAN SAE (TANAMAN PANGAN),150.0,METER PERSEGI,2023
217,32,JAWA BARAT,3273,KOTA BANDUNG,3273190,CICENDO,3273190006,SUKARAJA,32.73.06,CICENDO,32.73.06.1006,SUKARAJA,BURUAN SAE PA HILMAN (RW 05),BURUAN SAE (TANAMAN PANGAN),300.0,METER PERSEGI,2023
218,32,JAWA BARAT,3273,KOTA BANDUNG,3273190,CICENDO,3273190006,SUKARAJA,32.73.06,CICENDO,32.73.06.1006,SUKARAJA,BURUAN SAE RAJA EMPAT (RW 04),BURUAN SAE (TANAMAN PANGAN),1000.0,METER PERSEGI,2023
219,32,JAWA BARAT,3273,KOTA BANDUNG,3273190,CICENDO,3273190005,HUSEN SASTRANEGARA,32.73.06,CICENDO,32.73.06.1001,HUSEN SASTRANEGARA,GG. HANURA SD PELITA JASA,PEKARANGAN,50.0,METER PERSEGI,2023
220,32,JAWA BARAT,3273,KOTA BANDUNG,3273190,CICENDO,3273190006,SUKARAJA,32.73.06,CICENDO,32.73.06.1006,SUKARAJA,HALAMAN GSG RW 07,HALAMAN,180.0,METER PERSEGI,2023
221,32,JAWA BARAT,3273,KOTA BANDUNG,3273190,CICENDO,3273190005,HUSEN SASTRANEGARA,32.73.06,CICENDO,32.73.06.1001,HUSEN SASTRANEGARA,JL. ABDURAHMAN SALEH,LAHAN KOTA,430.0,METER PERSEGI,2023
222,32,JAWA BARAT,3273,KOTA BANDUNG,3273190,CICENDO,3273190005,HUSEN SASTRANEGARA,32.73.06,CICENDO,32.73.06.1001,HUSEN SASTRANEGARA,JL. ABDURAHMAN SALEH,LAHAN RW,110.0,METER PERSEGI,2023
223,32,JAWA BARAT,3273,KOTA BANDUNG,3273190,CICENDO,3273190005,HUSEN SASTRANEGARA,32.73.06,CICENDO,32.73.06.1001,HUSEN SASTRANEGARA,JL. ABDURAHMAN SALEH,TAMAN PATUNG HUSEIN SN,1200.0,METER PERSEGI,2023
224,32,JAWA BARAT,3273,KOTA BANDUNG,3273190,CICENDO,3273190005,HUSEN SASTRANEGARA,32.73.06,CICENDO,32.73.06.1001,HUSEN SASTRANEGARA,JL. ABDURAHMAN SALEH,TAMAN PATUNG HUSEIN SN II,1200.0,METER PERSEGI,2023
225,32,JAWA BARAT,3273,KOTA BANDUNG,3273190,CICENDO,3273190005,HUSEN SASTRANEGARA,32.73.06,CICENDO,32.73.06.1001,HUSEN SASTRANEGARA,JL. ABDURAHMAN SALEH,TAMAN PKK,400.0,METER PERSEGI,2023
226,32,JAWA BARAT,3273,KOTA BANDUNG,3273190,CICENDO,3273190005,HUSEN SASTRANEGARA,32.73.06,CICENDO,32.73.06.1001,HUSEN SASTRANEGARA,JL. ABDURAHMAN SALEH BOJONEGARA,LAHAN KOTA,1200.0,METER PERSEGI,2023
227,32,JAWA BARAT,3273,KOTA BANDUNG,3273190,CICENDO,3273190005,HUSEN SASTRANEGARA,32.73.06,CICENDO,32.73.06.1001,HUSEN SASTRANEGARA,JL. ARUNA,ALUN-ALUN CICENDO,5000.0,METER PERSEGI,2023
228,32,JAWA BARAT,3273,KOTA BANDUNG,3273190,CICENDO,3273190001,ARJUNA,32.73.06,CICENDO,32.73.06.1002,ARJUNA,JL. AYUDIA,PEKARANGAN TANAMAN HIAS,50.0,METER PERSEGI,2023
229,32,JAWA BARAT,3273,KOTA BANDUNG,3273190,CICENDO,3273190001,ARJUNA,32.73.06,CICENDO,32.73.06.1002,ARJUNA,JL. BELOKAN BIMA,TAMAN,25.0,METER PERSEGI,2023
230,32,JAWA BARAT,3273,KOTA BANDUNG,3273190,CICENDO,3273190005,HUSEN SASTRANEGARA,32.73.06,CICENDO,32.73.06.1001,HUSEN SASTRANEGARA,JL. DR. JUNJUNAN,JALUR JALAN HIJAU,540.0,METER PERSEGI,2023
231,32,JAWA BARAT,3273,KOTA BANDUNG,3273190,CICENDO,3273190005,HUSEN SASTRANEGARA,32.73.06,CICENDO,32.73.06.1001,HUSEN SASTRANEGARA,JL. DR. JUNJUNAN,LAPANGAN,1000.0,METER PERSEGI,2023
232,32,JAWA BARAT,3273,KOTA BANDUNG,3273190,CICENDO,3273190005,HUSEN SASTRANEGARA,32.73.06,CICENDO,32.73.06.1001,HUSEN SASTRANEGARA,JL. GUNUNG BATU / JL. SUKARAJA,"PERKARANGAN, HALAMAN",6000.0,METER PERSEGI,2023
233,32,JAWA BARAT,3273,KOTA BANDUNG,3273190,CICENDO,3273190005,HUSEN SASTRANEGARA,32.73.06,CICENDO,32.73.06.1001,HUSEN SASTRANEGARA,JL. INDUSTRI DALAM RT 03,LAHAN RT,140.0,METER PERSEGI,2023
234,32,JAWA BARAT,3273,KOTA BANDUNG,3273190,CICENDO,3273190005,HUSEN SASTRANEGARA,32.73.06,CICENDO,32.73.06.1001,HUSEN SASTRANEGARA,JL. JATAYU II,LAHAN KOTA RT,110.0,METER PERSEGI,2023
235,32,JAWA BARAT,3273,KOTA BANDUNG,3273190,CICENDO,3273190005,HUSEN SASTRANEGARA,32.73.06,CICENDO,32.73.06.1001,HUSEN SASTRANEGARA,JL. KOMUD SUPADIO,LAHAN KOTA,135.0,METER PERSEGI,2023
236,32,JAWA BARAT,3273,KOTA BANDUNG,3273190,CICENDO,3273190005,HUSEN SASTRANEGARA,32.73.06,CICENDO,32.73.06.1001,HUSEN SASTRANEGARA,JL. KOMUD SUPADIO SDN. JATAYU,LAHAN KOTA,160.0,METER PERSEGI,2023
237,32,JAWA BARAT,3273,KOTA BANDUNG,3273190,CICENDO,3273190001,ARJUNA,32.73.06,CICENDO,32.73.06.1002,ARJUNA,JL. PAJAJARAN,TAMAN KTT,100.0,METER PERSEGI,2023
238,32,JAWA BARAT,3273,KOTA BANDUNG,3273190,CICENDO,3273190001,ARJUNA,32.73.06,CICENDO,32.73.06.1002,ARJUNA,JL. PANDAWA-JL.KRESNA,TAMAN PANDAWA,500.0,METER PERSEGI,2023
239,32,JAWA BARAT,3273,KOTA BANDUNG,3273190,CICENDO,3273190001,ARJUNA,32.73.06,CICENDO,32.73.06.1002,ARJUNA,JL. SEMAR DALAM,TAMAN PKK (RW 05),50.0,METER PERSEGI,2023
240,32,JAWA BARAT,3273,KOTA BANDUNG,3273190,CICENDO,3273190005,HUSEN SASTRANEGARA,32.73.06,CICENDO,32.73.06.1001,HUSEN SASTRANEGARA,JL. SUBAGIO NO. 22,LAHAN KOTA,190.0,METER PERSEGI,2023
241,32,JAWA BARAT,3273,KOTA BANDUNG,3273190,CICENDO,3273190005,HUSEN SASTRANEGARA,32.73.06,CICENDO,32.73.06.1001,HUSEN SASTRANEGARA,JL. SUPADIO,LAHAN KOTA,1500.0,METER PERSEGI,2023
242,32,JAWA BARAT,3273,KOTA BANDUNG,3273190,CICENDO,3273190005,HUSEN SASTRANEGARA,32.73.06,CICENDO,32.73.06.1001,HUSEN SASTRANEGARA,JL. SUPADIO,LAPANG RW 10,1500.0,METER PERSEGI,2023
243,32,JAWA BARAT,3273,KOTA BANDUNG,3273190,CICENDO,3273190005,HUSEN SASTRANEGARA,32.73.06,CICENDO,32.73.06.1001,HUSEN SASTRANEGARA,JL. SUPADIO / JATAYU DALAM VI,JALUR JALAN HIJAU,2556.0,METER PERSEGI,2023
244,32,JAWA BARAT,3273,KOTA BANDUNG,3273190,CICENDO,3273190005,HUSEN SASTRANEGARA,32.73.06,CICENDO,32.73.06.1001,HUSEN SASTRANEGARA,JL. TERUSAN PASTER NO. 38 SD SUKARAJA I,"PERKARANGAN, HALAMAN SD SUKARAJA I NO. 38",500.0,METER PERSEGI,2023
245,32,JAWA BARAT,3273,KOTA BANDUNG,3273190,CICENDO,3273190005,HUSEN SASTRANEGARA,32.73.06,CICENDO,32.73.06.1001,HUSEN SASTRANEGARA,JL.SUPADIO / JATAYU DALAM VI,JALUR JALAN HIJAU,2556.0,METER PERSEGI,2023
246,32,JAWA BARAT,3273,KOTA BANDUNG,3273190,CICENDO,3273190005,HUSEN SASTRANEGARA,32.73.06,CICENDO,32.73.06.1001,HUSEN SASTRANEGARA,JL.TATA NEGARA,PERKARANGAN HALAMAN MESJID AL-JIHAD,900.0,METER PERSEGI,2023
247,32,JAWA BARAT,3273,KOTA BANDUNG,3273190,CICENDO,3273190006,SUKARAJA,32.73.06,CICENDO,32.73.06.1006,SUKARAJA,LAHAN BINAAN PENANAMAN POHON RW 04,KEBUN,400.0,METER PERSEGI,2023
248,32,JAWA BARAT,3273,KOTA BANDUNG,3273190,CICENDO,3273190006,SUKARAJA,32.73.06,CICENDO,32.73.06.1006,SUKARAJA,LAHAN KBS/PENGELOLAAN SAMPAH RAJA EMPAT,LAHAN PENGOLAHAN SAMPAH,600.0,METER PERSEGI,2023
249,32,JAWA BARAT,3273,KOTA BANDUNG,3273190,CICENDO,3273190006,SUKARAJA,32.73.06,CICENDO,32.73.06.1006,SUKARAJA,LAHAN KEBUN JL. OVTEN RW 08,KEBUN,300.0,METER PERSEGI,2023
250,32,JAWA BARAT,3273,KOTA BANDUNG,3273190,CICENDO,3273190006,SUKARAJA,32.73.06,CICENDO,32.73.06.1006,SUKARAJA,LAHAN PERSAWAHAN RW 01,PETAKAN SAWAH,4000.0,METER PERSEGI,2023
251,32,JAWA BARAT,3273,KOTA BANDUNG,3273190,CICENDO,3273190003,PAMOYANAN,32.73.06,CICENDO,32.73.06.1005,PAMOYANAN,LAPANG KEMBAR RW 06,LAPANGAN OLAHRAGA,4233.65,METER PERSEGI,2023
252,32,JAWA BARAT,3273,KOTA BANDUNG,3273190,CICENDO,3273190006,SUKARAJA,32.73.06,CICENDO,32.73.06.1006,SUKARAJA,MAKAM MUSLIM JL. BUDI RW 03,PEMAKAMAN,1200.0,METER PERSEGI,2023
253,32,JAWA BARAT,3273,KOTA BANDUNG,3273190,CICENDO,3273190006,SUKARAJA,32.73.06,CICENDO,32.73.06.1006,SUKARAJA,SMK NEGERI 11 BANDUNG,TAMAN DAN LAPANGAN OLAH RAGA,800.0,METER PERSEGI,2023
254,32,JAWA BARAT,3273,KOTA BANDUNG,3273190,CICENDO,3273190006,SUKARAJA,32.73.06,CICENDO,32.73.06.1006,SUKARAJA,SMP 2 MUHAMMADYAH BANDUNG,TAMAN DAN LAPANGAN OLAH RAGA,800.0,METER PERSEGI,2023
255,32,JAWA BARAT,3273,KOTA BANDUNG,3273190,CICENDO,3273190006,SUKARAJA,32.73.06,CICENDO,32.73.06.1006,SUKARAJA,SMP HIKMAH TELADAN,TAMAN DAN LAPANGAN OLAH RAGA,2000.0,METER PERSEGI,2023
256,32,JAWA BARAT,3273,KOTA BANDUNG,3273190,CICENDO,3273190006,SUKARAJA,32.73.06,CICENDO,32.73.06.1006,SUKARAJA,SMP NEGERI 47 BANDUNG,TAMAN DAN LAPANGAN OLAH RAGA,800.0,METER PERSEGI,2023
257,32,JAWA BARAT,3273,KOTA BANDUNG,3273190,CICENDO,3273190002,PASIRKALIKI,32.73.06,CICENDO,32.73.06.1004,PASIR KALIKI,TAMAN ADIPURA,TAMAN,300.0,METER PERSEGI,2023
258,32,JAWA BARAT,3273,KOTA BANDUNG,3273190,CICENDO,3273190004,PAJAJARAN,32.73.03,CICENDO,32.73.06.1003,PAJAJARAN,TAMAN BERMAIN,JL. PAJAJARAN RT 01 RW 07,40.0,METER PERSEGI,2023
259,32,JAWA BARAT,3273,KOTA BANDUNG,3273190,CICENDO,3273190004,PAJAJARAN,32.73.03,CICENDO,32.73.06.1003,PAJAJARAN,TAMAN BERMAIN ANGKASA PURA,JL. PAJAJARAN RT 04 RW 07,70.0,METER PERSEGI,2023
260,32,JAWA BARAT,3273,KOTA BANDUNG,3273190,CICENDO,3273190002,PASIRKALIKI,32.73.06,CICENDO,32.73.06.1004,PASIR KALIKI,TAMAN KEBON KAWUNG 1,TAMAN,10.0,METER PERSEGI,2023
261,32,JAWA BARAT,3273,KOTA BANDUNG,3273190,CICENDO,3273190002,PASIRKALIKI,32.73.06,CICENDO,32.73.06.1004,PASIR KALIKI,TAMAN KEBON KAWUNG 2,TAMAN,12.0,METER PERSEGI,2023
262,32,JAWA BARAT,3273,KOTA BANDUNG,3273190,CICENDO,3273190004,PAJAJARAN,32.73.03,CICENDO,32.73.06.1003,PAJAJARAN,TAMAN NYABA (NYAMAN AMAN BAHAGIA AGAMIS),JL. BALADEWA ASRI RW 08,35.0,METER PERSEGI,2023
263,32,JAWA BARAT,3273,KOTA BANDUNG,3273190,CICENDO,3273190002,PASIRKALIKI,32.73.06,CICENDO,32.73.06.1004,PASIR KALIKI,TAMAN NYLAND,TAMAN,70.0,METER PERSEGI,2023
264,32,JAWA BARAT,3273,KOTA BANDUNG,3273190,CICENDO,3273190002,PASIRKALIKI,32.73.06,CICENDO,32.73.06.1004,PASIR KALIKI,TAMAN OTTEN,TAMAN,300.0,METER PERSEGI,2023
265,32,JAWA BARAT,3273,KOTA BANDUNG,3273190,CICENDO,3273190002,PASIRKALIKI,32.73.06,CICENDO,32.73.06.1004,PASIR KALIKI,TAMAN OTTEN,TAMAN,9.0,METER PERSEGI,2023
266,32,JAWA BARAT,3273,KOTA BANDUNG,3273190,CICENDO,3273190003,PAMOYANAN,32.73.06,CICENDO,32.73.06.1005,PAMOYANAN,TAMAN PAMOYANAN,TAMAN TERBUKA HIJAU,55.49,METER PERSEGI,2023
267,32,JAWA BARAT,3273,KOTA BANDUNG,3273190,CICENDO,3273190002,PASIRKALIKI,32.73.06,CICENDO,32.73.06.1004,PASIR KALIKI,TAMAN RADJIMAN 1,TAMAN,30.0,METER PERSEGI,2023
268,32,JAWA BARAT,3273,KOTA BANDUNG,3273190,CICENDO,3273190002,PASIRKALIKI,32.73.06,CICENDO,32.73.06.1004,PASIR KALIKI,TAMAN RADJIMAN 2,TAMAN,9.0,METER PERSEGI,2023
269,32,JAWA BARAT,3273,KOTA BANDUNG,3273190,CICENDO,3273190002,PASIRKALIKI,32.73.06,CICENDO,32.73.06.1004,PASIR KALIKI,TAMAN RADJIMAN 3,TAMAN,9.0,METER PERSEGI,2023
270,32,JAWA BARAT,3273,KOTA BANDUNG,3273190,CICENDO,3273190002,PASIRKALIKI,32.73.06,CICENDO,32.73.06.1004,PASIR KALIKI,TAMAN RADJIMAN 4,TAMAN,9.0,METER PERSEGI,2023
271,32,JAWA BARAT,3273,KOTA BANDUNG,3273190,CICENDO,3273190002,PASIRKALIKI,32.73.06,CICENDO,32.73.06.1004,PASIR KALIKI,TAMAN RADJIMAN 5,TAMAN,9.0,METER PERSEGI,2023
272,32,JAWA BARAT,3273,KOTA BANDUNG,3273190,CICENDO,3273190002,PASIRKALIKI,32.73.06,CICENDO,32.73.06.1004,PASIR KALIKI,TAMAN RW 01,TAMAN,100.0,METER PERSEGI,2023
273,32,JAWA BARAT,3273,KOTA BANDUNG,3273190,CICENDO,3273190002,PASIRKALIKI,32.73.06,CICENDO,32.73.06.1004,PASIR KALIKI,TAMAN RW 05,TAMAN,132.0,METER PERSEGI,2023
274,32,JAWA BARAT,3273,KOTA BANDUNG,3273190,CICENDO,3273190006,SUKARAJA,32.73.06,CICENDO,32.73.06.1006,SUKARAJA,TERAS HUJAU RW 07,BURUAN SAE (TANAMAN PANGAN),250.0,METER PERSEGI,2023
275,32,JAWA BARAT,3273,KOTA BANDUNG,3273190,CICENDO,3273190006,SUKARAJA,32.73.06,CICENDO,32.73.06.1006,SUKARAJA,BURUAN SAE (RW 04),BURUAN SAE (TANAMAN PANGAN),100.0,METER PERSEGI,2024
276,32,JAWA BARAT,3273,KOTA BANDUNG,3273190,CICENDO,3273190006,SUKARAJA,32.73.06,CICENDO,32.73.06.1006,SUKARAJA,BURUAN SAE (RW 07),BURUAN SAE (TANAMAN PANGAN),150.0,METER PERSEGI,2024
277,32,JAWA BARAT,3273,KOTA BANDUNG,3273190,CICENDO,3273190006,SUKARAJA,32.73.06,CICENDO,32.73.06.1006,SUKARAJA,BURUAN SAE BUNI SUGI (RW 04),BURUAN SAE (TANAMAN PANGAN),1000.0,METER PERSEGI,2024
278,32,JAWA BARAT,3273,KOTA BANDUNG,3273190,CICENDO,3273190006,SUKARAJA,32.73.06,CICENDO,32.73.06.1006,SUKARAJA,BURUAN SAE PA HILMAN (RW 05),BURUAN SAE (TANAMAN PANGAN),300.0,METER PERSEGI,2024
279,32,JAWA BARAT,3273,KOTA BANDUNG,3273190,CICENDO,3273190005,HUSEN SASTRANEGARA,32.73.06,CICENDO,32.73.06.1001,HUSEN SASTRANEGARA,GG. HANURA SD PELITA JASA,PEKARANGAN,50.0,METER PERSEGI,2024
280,32,JAWA BARAT,3273,KOTA BANDUNG,3273190,CICENDO,3273190006,SUKARAJA,32.73.06,CICENDO,32.73.06.1006,SUKARAJA,HALAMAN GSG RW 07,HALAMAN,180.0,METER PERSEGI,2024
281,32,JAWA BARAT,3273,KOTA BANDUNG,3273190,CICENDO,3273190005,HUSEN SASTRANEGARA,32.73.06,CICENDO,32.73.06.1001,HUSEN SASTRANEGARA,JL. ABDURAHMAN SALEH,LAHAN RW,110.0,METER PERSEGI,2024
282,32,JAWA BARAT,3273,KOTA BANDUNG,3273190,CICENDO,3273190005,HUSEN SASTRANEGARA,32.73.06,CICENDO,32.73.06.1001,HUSEN SASTRANEGARA,JL. ABDURAHMAN SALEH,TAMAN HUTAN PINUS PATUNG HUSEIN,1200.0,METER PERSEGI,2024
283,32,JAWA BARAT,3273,KOTA BANDUNG,3273190,CICENDO,3273190005,HUSEN SASTRANEGARA,32.73.06,CICENDO,32.73.06.1001,HUSEN SASTRANEGARA,JL. ABDURAHMAN SALEH,TAMAN PATUNG HUSEIN SN,1200.0,METER PERSEGI,2024
284,32,JAWA BARAT,3273,KOTA BANDUNG,3273190,CICENDO,3273190005,HUSEN SASTRANEGARA,32.73.06,CICENDO,32.73.06.1001,HUSEN SASTRANEGARA,JL. ABDURAHMAN SALEH BOJONEGARA,LAHAN KOTA,1200.0,METER PERSEGI,2024
285,32,JAWA BARAT,3273,KOTA BANDUNG,3273190,CICENDO,3273190005,HUSEN SASTRANEGARA,32.73.06,CICENDO,32.73.06.1001,HUSEN SASTRANEGARA,JL. ARUNA,ALUN-ALUN CICENDO,5000.0,METER PERSEGI,2024
286,32,JAWA BARAT,3273,KOTA BANDUNG,3273190,CICENDO,3273190001,ARJUNA,32.73.06,CICENDO,32.73.06.1002,ARJUNA,JL. AYUDIA,PEKARANGAN TANAMAN HIAS,50.0,METER PERSEGI,2024
287,32,JAWA BARAT,3273,KOTA BANDUNG,3273190,CICENDO,3273190001,ARJUNA,32.73.06,CICENDO,32.73.06.1002,ARJUNA,JL. BELOKAN BIMA,TAMAN,25.0,METER PERSEGI,2024
288,32,JAWA BARAT,3273,KOTA BANDUNG,3273190,CICENDO,3273190005,HUSEN SASTRANEGARA,32.73.06,CICENDO,32.73.06.1001,HUSEN SASTRANEGARA,JL. DR. JUNJUNAN,JALUR JALAN HIJAU,540.0,METER PERSEGI,2024
289,32,JAWA BARAT,3273,KOTA BANDUNG,3273190,CICENDO,3273190005,HUSEN SASTRANEGARA,32.73.06,CICENDO,32.73.06.1001,HUSEN SASTRANEGARA,JL. DR. JUNJUNAN,LAPANGAN,1000.0,METER PERSEGI,2024
290,32,JAWA BARAT,3273,KOTA BANDUNG,3273190,CICENDO,3273190005,HUSEN SASTRANEGARA,32.73.06,CICENDO,32.73.06.1001,HUSEN SASTRANEGARA,JL. GUNUNG BATU / JL. SUKARAJA,"PERKARANGAN, HALAMAN",6000.0,METER PERSEGI,2024
291,32,JAWA BARAT,3273,KOTA BANDUNG,3273190,CICENDO,3273190005,HUSEN SASTRANEGARA,32.73.06,CICENDO,32.73.06.1001,HUSEN SASTRANEGARA,JL. KOMUD SUPADIO,LAHAN KOTA,135.0,METER PERSEGI,2024
292,32,JAWA BARAT,3273,KOTA BANDUNG,3273190,CICENDO,3273190005,HUSEN SASTRANEGARA,32.73.06,CICENDO,32.73.06.1001,HUSEN SASTRANEGARA,JL. KOMUD SUPADIO SDN. JATAYU,LAHAN KOTA,160.0,METER PERSEGI,2024
293,32,JAWA BARAT,3273,KOTA BANDUNG,3273190,CICENDO,3273190001,ARJUNA,32.73.06,CICENDO,32.73.06.1002,ARJUNA,JL. PAJAJARAN,TAMAN KTT,100.0,METER PERSEGI,2024
294,32,JAWA BARAT,3273,KOTA BANDUNG,3273190,CICENDO,3273190001,ARJUNA,32.73.06,CICENDO,32.73.06.1002,ARJUNA,JL. PANDAWA-JL.KRESNA,TAMAN PANDAWA,500.0,METER PERSEGI,2024
295,32,JAWA BARAT,3273,KOTA BANDUNG,3273190,CICENDO,3273190001,ARJUNA,32.73.06,CICENDO,32.73.06.1002,ARJUNA,JL. SEMAR DALAM,TAMAN PKK (RW 05),50.0,METER PERSEGI,2024
296,32,JAWA BARAT,3273,KOTA BANDUNG,3273190,CICENDO,3273190005,HUSEN SASTRANEGARA,32.73.06,CICENDO,32.73.06.1001,HUSEN SASTRANEGARA,JL. SUBAGIO NO. 22,LAHAN KOTA,190.0,METER PERSEGI,2024
297,32,JAWA BARAT,3273,KOTA BANDUNG,3273190,CICENDO,3273190005,HUSEN SASTRANEGARA,32.73.06,CICENDO,32.73.06.1001,HUSEN SASTRANEGARA,JL. SUPADIO,LAHAN KOTA,1500.0,METER PERSEGI,2024
298,32,JAWA BARAT,3273,KOTA BANDUNG,3273190,CICENDO,3273190005,HUSEN SASTRANEGARA,32.73.06,CICENDO,32.73.06.1001,HUSEN SASTRANEGARA,JL. SUPADIO / JATAYU DALAM VI,JALUR JALAN HIJAU,2556.0,METER PERSEGI,2024
299,32,JAWA BARAT,3273,KOTA BANDUNG,3273190,CICENDO,3273190005,HUSEN SASTRANEGARA,32.73.06,CICENDO,32.73.06.1001,HUSEN SASTRANEGARA,JL. SUPADIO JATAYU DALAM,LAPANG RW 10,1500.0,METER PERSEGI,2024
300,32,JAWA BARAT,3273,KOTA BANDUNG,3273190,CICENDO,3273190005,HUSEN SASTRANEGARA,32.73.06,CICENDO,32.73.06.1001,HUSEN SASTRANEGARA,JL. TERUSAN PASTER NO. 38 SD SUKARAJA I,"PERKARANGAN, HALAMAN SD SUKARAJA I NO. 38",500.0,METER PERSEGI,2024
301,32,JAWA BARAT,3273,KOTA BANDUNG,3273190,CICENDO,3273190005,HUSEN SASTRANEGARA,32.73.06,CICENDO,32.73.06.1001,HUSEN SASTRANEGARA,JL.SUPADIO / JATAYU DALAM VI,JALUR JALAN HIJAU,2556.0,METER PERSEGI,2024
302,32,JAWA BARAT,3273,KOTA BANDUNG,3273190,CICENDO,3273190005,HUSEN SASTRANEGARA,32.73.06,CICENDO,32.73.06.1001,HUSEN SASTRANEGARA,JL.TATA NEGARA,PERKARANGAN HALAMAN MESJID AL-JIHAD,900.0,METER PERSEGI,2024
303,32,JAWA BARAT,3273,KOTA BANDUNG,3273190,CICENDO,3273190006,SUKARAJA,32.73.06,CICENDO,32.73.06.1006,SUKARAJA,LAHAN BINAAN PENANAMAN POHON RW 04,KEBUN,400.0,METER PERSEGI,2024
304,32,JAWA BARAT,3273,KOTA BANDUNG,3273190,CICENDO,3273190006,SUKARAJA,32.73.06,CICENDO,32.73.06.1006,SUKARAJA,LAHAN KBS/PENGELOLAAN SAMPAH RAJA EMPAT,LAHAN PENGOLAHAN SAMPAH,600.0,METER PERSEGI,2024
305,32,JAWA BARAT,3273,KOTA BANDUNG,3273190,CICENDO,3273190006,SUKARAJA,32.73.06,CICENDO,32.73.06.1006,SUKARAJA,LAHAN KEBUN JL. OVTEN RW 08,KEBUN,300.0,METER PERSEGI,2024
306,32,JAWA BARAT,3273,KOTA BANDUNG,3273190,CICENDO,3273190006,SUKARAJA,32.73.06,CICENDO,32.73.06.1006,SUKARAJA,LAHAN PERSAWAHAN RW 01,PETAKAN SAWAH,4000.0,METER PERSEGI,2024
307,32,JAWA BARAT,3273,KOTA BANDUNG,3273190,CICENDO,3273190003,PAMOYANAN,32.73.06,CICENDO,32.73.06.1005,PAMOYANAN,LAPANG KEMBAR RW 06,LAPANGAN OLAHRAGA,4233.65,METER PERSEGI,2024
308,32,JAWA BARAT,3273,KOTA BANDUNG,3273190,CICENDO,3273190006,SUKARAJA,32.73.06,CICENDO,32.73.06.1006,SUKARAJA,MAKAM MUSLIM JL. BUDI RW 03,PEMAKAMAN,1200.0,METER PERSEGI,2024
309,32,JAWA BARAT,3273,KOTA BANDUNG,3273190,CICENDO,3273190006,SUKARAJA,32.73.06,CICENDO,32.73.06.1006,SUKARAJA,SMK NEGERI 11 BANDUNG,TAMAN DAN LAPANGAN OLAH RAGA,800.0,METER PERSEGI,2024
310,32,JAWA BARAT,3273,KOTA BANDUNG,3273190,CICENDO,3273190006,SUKARAJA,32.73.06,CICENDO,32.73.06.1006,SUKARAJA,SMP 2 MUHAMMADYAH BANDUNG,TAMAN DAN LAPANGAN OLAH RAGA,800.0,METER PERSEGI,2024
311,32,JAWA BARAT,3273,KOTA BANDUNG,3273190,CICENDO,3273190006,SUKARAJA,32.73.06,CICENDO,32.73.06.1006,SUKARAJA,SMP HIKMAH TELADAN,TAMAN DAN LAPANGAN OLAH RAGA,2000.0,METER PERSEGI,2024
312,32,JAWA BARAT,3273,KOTA BANDUNG,3273190,CICENDO,3273190006,SUKARAJA,32.73.06,CICENDO,32.73.06.1006,SUKARAJA,SMP NEGERI 47 BANDUNG,TAMAN DAN LAPANGAN OLAH RAGA,800.0,METER PERSEGI,2024
313,32,JAWA BARAT,3273,KOTA BANDUNG,3273190,CICENDO,3273190002,PASIRKALIKI,32.73.06,CICENDO,32.73.06.1004,PASIR KALIKI,TAMAN ADIPURA,TAMAN,300.0,METER PERSEGI,2024
314,32,JAWA BARAT,3273,KOTA BANDUNG,3273190,CICENDO,3273190004,PAJAJARAN,32.73.03,CICENDO,32.73.06.1003,PAJAJARAN,TAMAN BERMAIN,JL. PAJAJARAN RT 01 RW 07,40.0,METER PERSEGI,2024
315,32,JAWA BARAT,3273,KOTA BANDUNG,3273190,CICENDO,3273190004,PAJAJARAN,32.73.03,CICENDO,32.73.06.1003,PAJAJARAN,TAMAN BERMAIN ANGKASA PURA,JL. PAJAJARAN RT 04 RW 07,70.0,METER PERSEGI,2024
316,32,JAWA BARAT,3273,KOTA BANDUNG,3273190,CICENDO,3273190002,PASIRKALIKI,32.73.06,CICENDO,32.73.06.1004,PASIR KALIKI,TAMAN KEBON KAWUNG 1,TAMAN,10.0,METER PERSEGI,2024
317,32,JAWA BARAT,3273,KOTA BANDUNG,3273190,CICENDO,3273190002,PASIRKALIKI,32.73.06,CICENDO,32.73.06.1004,PASIR KALIKI,TAMAN KEBON KAWUNG 2,TAMAN,12.0,METER PERSEGI,2024
318,32,JAWA BARAT,3273,KOTA BANDUNG,3273190,CICENDO,3273190004,PAJAJARAN,32.73.03,CICENDO,32.73.06.1003,PAJAJARAN,TAMAN NYABA (NYAMAN AMAN BAHAGIA AGAMIS),JL. BALADEWA ASRI RW 08,35.0,METER PERSEGI,2024
319,32,JAWA BARAT,3273,KOTA BANDUNG,3273190,CICENDO,3273190002,PASIRKALIKI,32.73.06,CICENDO,32.73.06.1004,PASIR KALIKI,TAMAN NYLAND,TAMAN,70.0,METER PERSEGI,2024
320,32,JAWA BARAT,3273,KOTA BANDUNG,3273190,CICENDO,3273190002,PASIRKALIKI,32.73.06,CICENDO,32.73.06.1004,PASIR KALIKI,TAMAN OTTEN,TAMAN,300.0,METER PERSEGI,2024
321,32,JAWA BARAT,3273,KOTA BANDUNG,3273190,CICENDO,3273190002,PASIRKALIKI,32.73.06,CICENDO,32.73.06.1004,PASIR KALIKI,TAMAN OTTEN,TAMAN,9.0,METER PERSEGI,2024
322,32,JAWA BARAT,3273,KOTA BANDUNG,3273190,CICENDO,3273190003,PAMOYANAN,32.73.06,CICENDO,32.73.06.1005,PAMOYANAN,TAMAN PAMOYANAN,TAMAN TERBUKA HIJAU,55.49,METER PERSEGI,2024
323,32,JAWA BARAT,3273,KOTA BANDUNG,3273190,CICENDO,3273190002,PASIRKALIKI,32.73.06,CICENDO,32.73.06.1004,PASIR KALIKI,TAMAN RADJIMAN 1,TAMAN,30.0,METER PERSEGI,2024
324,32,JAWA BARAT,3273,KOTA BANDUNG,3273190,CICENDO,3273190002,PASIRKALIKI,32.73.06,CICENDO,32.73.06.1004,PASIR KALIKI,TAMAN RADJIMAN 2,TAMAN,9.0,METER PERSEGI,2024
325,32,JAWA BARAT,3273,KOTA BANDUNG,3273190,CICENDO,3273190002,PASIRKALIKI,32.73.06,CICENDO,32.73.06.1004,PASIR KALIKI,TAMAN RADJIMAN 3,TAMAN,9.0,METER PERSEGI,2024
326,32,JAWA BARAT,3273,KOTA BANDUNG,3273190,CICENDO,3273190002,PASIRKALIKI,32.73.06,CICENDO,32.73.06.1004,PASIR KALIKI,TAMAN RADJIMAN 4,TAMAN,9.0,METER PERSEGI,2024
327,32,JAWA BARAT,3273,KOTA BANDUNG,3273190,CICENDO,3273190002,PASIRKALIKI,32.73.06,CICENDO,32.73.06.1004,PASIR KALIKI,TAMAN RADJIMAN 5,TAMAN,9.0,METER PERSEGI,2024
328,32,JAWA BARAT,3273,KOTA BANDUNG,3273190,CICENDO,3273190002,PASIRKALIKI,32.73.06,CICENDO,32.73.06.1004,PASIR KALIKI,TAMAN RW 01,TAMAN,100.0,METER PERSEGI,2024
329,32,JAWA BARAT,3273,KOTA BANDUNG,3273190,CICENDO,3273190002,PASIRKALIKI,32.73.06,CICENDO,32.73.06.1004,PASIR KALIKI,TAMAN RW 05,TAMAN,132.0,METER PERSEGI,2024
330,32,JAWA BARAT,3273,KOTA BANDUNG,3273190,CICENDO,3273190006,SUKARAJA,32.73.06,CICENDO,32.73.06.1006,SUKARAJA,TERAS HUJAU RW 07,BURUAN SAE (TANAMAN PANGAN),250.0,METER PERSEGI,2024
