id,kode_provinsi,nama_provinsi,bps_kode_kabupaten_kota,bps_nama_kabupaten_kota,bps_kode_kecamatan,bps_nama_kecamatan,kemendagri_kode_kecamatan,kemendagri_nama_kecamatan,nama_komplek_perumahan,luas_lahan,satuan,tahun
1,32,JAWA BARAT,3273,KOTA BANDUNG,3273180,ANDIR,32.73.05,ANDIR,ANDIR SWADAYA,8100,METER PERSEGI,2023
2,32,JAWA BARAT,3273,KOTA BANDUNG,3273180,ANDIR,32.73.05,ANDIR,BURUNG TUNGKU,2359,METER PERSEGI,2023
3,32,JAWA BARAT,3273,KOTA BANDUNG,3273180,ANDIR,32.73.05,ANDIR,CEMPAKA HIJAU,12632,METER PERSEGI,2023
4,32,JAWA BARAT,3273,KOTA BANDUNG,3273180,ANDIR,32.73.05,ANDIR,KERTA LAKSANA,16821,METER PERSEGI,2023
5,32,JAWA BARAT,3273,KOTA BANDUNG,3273180,ANDIR,32.73.05,ANDIR,KOMPLEK CENDRAWASIH,49409,METER PERSEGI,2023
6,32,JAWA BARAT,3273,KOTA BANDUNG,3273180,ANDIR,32.73.05,ANDIR,KOMPLEK DADALI,114826,METER PERSEGI,2023
7,32,JAWA BARAT,3273,KOTA BANDUNG,3273180,ANDIR,32.73.05,ANDIR,KOMPLEK ELANG,57579,METER PERSEGI,2023
8,32,JAWA BARAT,3273,KOTA BANDUNG,3273180,ANDIR,32.73.05,ANDIR,KOMPLEK GARUDA,21251,METER PERSEGI,2023
9,32,JAWA BARAT,3273,KOTA BANDUNG,3273180,ANDIR,32.73.05,ANDIR,KOMPLEK PJKA,21564,METER PERSEGI,2023
10,32,JAWA BARAT,3273,KOTA BANDUNG,3273180,ANDIR,32.73.05,ANDIR,KOMPLEK SAPTAMARGA,26540,METER PERSEGI,2023
11,32,JAWA BARAT,3273,KOTA BANDUNG,3273180,ANDIR,32.73.05,ANDIR,MALTRA RESIDEN,11642,METER PERSEGI,2023
12,32,JAWA BARAT,3273,KOTA BANDUNG,3273180,ANDIR,32.73.05,ANDIR,MY HOME GUNUNG BATU,4806,METER PERSEGI,2023
13,32,JAWA BARAT,3273,KOTA BANDUNG,3273180,ANDIR,32.73.05,ANDIR,RAJAWALI SAKTI I,28398,METER PERSEGI,2023
14,32,JAWA BARAT,3273,KOTA BANDUNG,3273180,ANDIR,32.73.05,ANDIR,RAJAWALI SAKTI PERMAI,8669,METER PERSEGI,2023
15,32,JAWA BARAT,3273,KOTA BANDUNG,3273180,ANDIR,32.73.05,ANDIR,SUDIRMAN SUITES APARTMENT (APARTEMEN),0,METER PERSEGI,2023
16,32,JAWA BARAT,3273,KOTA BANDUNG,3273180,ANDIR,32.73.05,ANDIR,SUDIRMAN TOWN HOUSE,16555,METER PERSEGI,2023
17,32,JAWA BARAT,3273,KOTA BANDUNG,3273180,ANDIR,32.73.05,ANDIR,TAMAN PESONA MEDITERAN,19132,METER PERSEGI,2023
18,32,JAWA BARAT,3273,KOTA BANDUNG,3273141,ANTAPANI,32.73.20,ANTAPANI,ANTAPANI CITY,23118,METER PERSEGI,2023
19,32,JAWA BARAT,3273,KOTA BANDUNG,3273141,ANTAPANI,32.73.20,ANTAPANI,ANTAPANI CITY RESIDENCE,31799,METER PERSEGI,2023
20,32,JAWA BARAT,3273,KOTA BANDUNG,3273141,ANTAPANI,32.73.20,ANTAPANI,ANTAPANI REGENCY,27110,METER PERSEGI,2023
21,32,JAWA BARAT,3273,KOTA BANDUNG,3273141,ANTAPANI,32.73.20,ANTAPANI,ANTAPANI RESIDENCE,5477,METER PERSEGI,2023
22,32,JAWA BARAT,3273,KOTA BANDUNG,3273141,ANTAPANI,32.73.20,ANTAPANI,ANTAPANI TOWNHOUSE,18492,METER PERSEGI,2023
23,32,JAWA BARAT,3273,KOTA BANDUNG,3273141,ANTAPANI,32.73.20,ANTAPANI,APARTEMEN MENARA ANTAPANI (APARTEMEN),0,METER PERSEGI,2023
24,32,JAWA BARAT,3273,KOTA BANDUNG,3273141,ANTAPANI,32.73.20,ANTAPANI,BUMI MAS KENCANA,19338,METER PERSEGI,2023
25,32,JAWA BARAT,3273,KOTA BANDUNG,3273141,ANTAPANI,32.73.20,ANTAPANI,BUNI SARI ASRI,4155,METER PERSEGI,2023
26,32,JAWA BARAT,3273,KOTA BANDUNG,3273141,ANTAPANI,32.73.20,ANTAPANI,CASA DE ESTA,4670,METER PERSEGI,2023
27,32,JAWA BARAT,3273,KOTA BANDUNG,3273141,ANTAPANI,32.73.20,ANTAPANI,CLUSTER ANTAPANI MAKMUR,2759,METER PERSEGI,2023
28,32,JAWA BARAT,3273,KOTA BANDUNG,3273141,ANTAPANI,32.73.20,ANTAPANI,DE LAVENDER,15719,METER PERSEGI,2023
29,32,JAWA BARAT,3273,KOTA BANDUNG,3273141,ANTAPANI,32.73.20,ANTAPANI,FLORENCE RESIDENCE,8387,METER PERSEGI,2023
30,32,JAWA BARAT,3273,KOTA BANDUNG,3273141,ANTAPANI,32.73.20,ANTAPANI,GRAND ANTAPANI TOWN HOUSE,14757,METER PERSEGI,2023
31,32,JAWA BARAT,3273,KOTA BANDUNG,3273141,ANTAPANI,32.73.20,ANTAPANI,GRIYA BUMI ANTAPANI,1430000,METER PERSEGI,2023
32,32,JAWA BARAT,3273,KOTA BANDUNG,3273141,ANTAPANI,32.73.20,ANTAPANI,KOMPLEK BELLEZA,11932,METER PERSEGI,2023
33,32,JAWA BARAT,3273,KOTA BANDUNG,3273141,ANTAPANI,32.73.20,ANTAPANI,KOMPLEK BOUGENVILLE,71365,METER PERSEGI,2023
34,32,JAWA BARAT,3273,KOTA BANDUNG,3273141,ANTAPANI,32.73.20,ANTAPANI,KOMPLEK HARMONI,8682,METER PERSEGI,2023
35,32,JAWA BARAT,3273,KOTA BANDUNG,3273141,ANTAPANI,32.73.20,ANTAPANI,KOMPLEK KALIJATI,0,METER PERSEGI,2023
36,32,JAWA BARAT,3273,KOTA BANDUNG,3273141,ANTAPANI,32.73.20,ANTAPANI,KOMPLEK TANJUNGSARI,5532,METER PERSEGI,2023
37,32,JAWA BARAT,3273,KOTA BANDUNG,3273141,ANTAPANI,32.73.20,ANTAPANI,MITRA DAGO PARAHYANGAN,80270,METER PERSEGI,2023
38,32,JAWA BARAT,3273,KOTA BANDUNG,3273141,ANTAPANI,32.73.20,ANTAPANI,MITRA RESIDENCE ANTAPANI,9720,METER PERSEGI,2023
39,32,JAWA BARAT,3273,KOTA BANDUNG,3273141,ANTAPANI,32.73.20,ANTAPANI,MUTIARA ANTAPANI,13505,METER PERSEGI,2023
40,32,JAWA BARAT,3273,KOTA BANDUNG,3273141,ANTAPANI,32.73.20,ANTAPANI,PARADISE REGENCY,7313,METER PERSEGI,2023
41,32,JAWA BARAT,3273,KOTA BANDUNG,3273141,ANTAPANI,32.73.20,ANTAPANI,PARAKAN MAS,19459,METER PERSEGI,2023
42,32,JAWA BARAT,3273,KOTA BANDUNG,3273141,ANTAPANI,32.73.20,ANTAPANI,PELANGI ANTAPANI,32814,METER PERSEGI,2023
43,32,JAWA BARAT,3273,KOTA BANDUNG,3273141,ANTAPANI,32.73.20,ANTAPANI,PRATISTA ANTAPANI,192141,METER PERSEGI,2023
44,32,JAWA BARAT,3273,KOTA BANDUNG,3273141,ANTAPANI,32.73.20,ANTAPANI,PRATISTA II,38688,METER PERSEGI,2023
45,32,JAWA BARAT,3273,KOTA BANDUNG,3273141,ANTAPANI,32.73.20,ANTAPANI,PURI DAGO ASRI,7722,METER PERSEGI,2023
46,32,JAWA BARAT,3273,KOTA BANDUNG,3273141,ANTAPANI,32.73.20,ANTAPANI,PURI DAGO MAS,86196,METER PERSEGI,2023
47,32,JAWA BARAT,3273,KOTA BANDUNG,3273141,ANTAPANI,32.73.20,ANTAPANI,PURI PERMATA,15537,METER PERSEGI,2023
48,32,JAWA BARAT,3273,KOTA BANDUNG,3273141,ANTAPANI,32.73.20,ANTAPANI,SETRA DAGO,36005,METER PERSEGI,2023
49,32,JAWA BARAT,3273,KOTA BANDUNG,3273141,ANTAPANI,32.73.20,ANTAPANI,SETRA MAKMUR,3404,METER PERSEGI,2023
50,32,JAWA BARAT,3273,KOTA BANDUNG,3273141,ANTAPANI,32.73.20,ANTAPANI,SINDANG SARI ASRI,10042,METER PERSEGI,2023
51,32,JAWA BARAT,3273,KOTA BANDUNG,3273141,ANTAPANI,32.73.20,ANTAPANI,SINDANG SARI ASRI II,7591,METER PERSEGI,2023
52,32,JAWA BARAT,3273,KOTA BANDUNG,3273141,ANTAPANI,32.73.20,ANTAPANI,SWEET ANTAPANI RESIDENCE,22995,METER PERSEGI,2023
53,32,JAWA BARAT,3273,KOTA BANDUNG,3273141,ANTAPANI,32.73.20,ANTAPANI,TANJUNG SARI ASRI RESIDENCE,77867,METER PERSEGI,2023
54,32,JAWA BARAT,3273,KOTA BANDUNG,3273141,ANTAPANI,32.73.20,ANTAPANI,THE MANSION,20225,METER PERSEGI,2023
55,32,JAWA BARAT,3273,KOTA BANDUNG,3273130,ARCAMANIK,32.73.24,ARCAMANIK,ALFA GARDEN,1398,METER PERSEGI,2023
56,32,JAWA BARAT,3273,KOTA BANDUNG,3273130,ARCAMANIK,32.73.24,ARCAMANIK,ANTA BARU II,54090,METER PERSEGI,2023
57,32,JAWA BARAT,3273,KOTA BANDUNG,3273130,ARCAMANIK,32.73.24,ARCAMANIK,APARTEMEN PANORAMIC (APARTEMEN),0,METER PERSEGI,2023
58,32,JAWA BARAT,3273,KOTA BANDUNG,3273130,ARCAMANIK,32.73.24,ARCAMANIK,CISARANTEN LNDAH,14639,METER PERSEGI,2023
59,32,JAWA BARAT,3273,KOTA BANDUNG,3273130,ARCAMANIK,32.73.24,ARCAMANIK,CLUSTER CISARANTEN,0,METER PERSEGI,2023
60,32,JAWA BARAT,3273,KOTA BANDUNG,3273130,ARCAMANIK,32.73.24,ARCAMANIK,CLUSTER KINARASTI,0,METER PERSEGI,2023
61,32,JAWA BARAT,3273,KOTA BANDUNG,3273130,ARCAMANIK,32.73.24,ARCAMANIK,CLUSTER PAWENANG,5302,METER PERSEGI,2023
62,32,JAWA BARAT,3273,KOTA BANDUNG,3273130,ARCAMANIK,32.73.24,ARCAMANIK,D' CASA GRANDE,10172,METER PERSEGI,2023
63,32,JAWA BARAT,3273,KOTA BANDUNG,3273130,ARCAMANIK,32.73.24,ARCAMANIK,DE LA ROSE,9657,METER PERSEGI,2023
64,32,JAWA BARAT,3273,KOTA BANDUNG,3273130,ARCAMANIK,32.73.24,ARCAMANIK,EDELWEISS TOWNHOUSE,0,METER PERSEGI,2023
65,32,JAWA BARAT,3273,KOTA BANDUNG,3273130,ARCAMANIK,32.73.24,ARCAMANIK,EVERGREEN TOWNHOUSE,9319,METER PERSEGI,2023
66,32,JAWA BARAT,3273,KOTA BANDUNG,3273130,ARCAMANIK,32.73.24,ARCAMANIK,GANDASARI RESIDENCE,2022,METER PERSEGI,2023
67,32,JAWA BARAT,3273,KOTA BANDUNG,3273130,ARCAMANIK,32.73.24,ARCAMANIK,GRAND PINUS REGENCY,303214,METER PERSEGI,2023
68,32,JAWA BARAT,3273,KOTA BANDUNG,3273130,ARCAMANIK,32.73.24,ARCAMANIK,GREEN CARAKA,29563,METER PERSEGI,2023
69,32,JAWA BARAT,3273,KOTA BANDUNG,3273130,ARCAMANIK,32.73.24,ARCAMANIK,GREEN CISARANTEN,0,METER PERSEGI,2023
70,32,JAWA BARAT,3273,KOTA BANDUNG,3273130,ARCAMANIK,32.73.24,ARCAMANIK,GRIYA ASRI,14311,METER PERSEGI,2023
71,32,JAWA BARAT,3273,KOTA BANDUNG,3273130,ARCAMANIK,32.73.24,ARCAMANIK,GRIYA CARAKA,88885,METER PERSEGI,2023
72,32,JAWA BARAT,3273,KOTA BANDUNG,3273130,ARCAMANIK,32.73.24,ARCAMANIK,INDAH MULIA,1569,METER PERSEGI,2023
73,32,JAWA BARAT,3273,KOTA BANDUNG,3273130,ARCAMANIK,32.73.24,ARCAMANIK,KAMAYANGAN RESIDENCE,42432,METER PERSEGI,2023
74,32,JAWA BARAT,3273,KOTA BANDUNG,3273130,ARCAMANIK,32.73.24,ARCAMANIK,KAWALI ESTATE,10000,METER PERSEGI,2023
75,32,JAWA BARAT,3273,KOTA BANDUNG,3273130,ARCAMANIK,32.73.24,ARCAMANIK,KOMPLEK AMARILIS,1806,METER PERSEGI,2023
76,32,JAWA BARAT,3273,KOTA BANDUNG,3273130,ARCAMANIK,32.73.24,ARCAMANIK,KOMPLEK CISARANTEN,0,METER PERSEGI,2023
77,32,JAWA BARAT,3273,KOTA BANDUNG,3273130,ARCAMANIK,32.73.24,ARCAMANIK,KOMPLEK GURUMINDA,55753,METER PERSEGI,2023
78,32,JAWA BARAT,3273,KOTA BANDUNG,3273130,ARCAMANIK,32.73.24,ARCAMANIK,KOMPLEK NIRWANA,13167,METER PERSEGI,2023
79,32,JAWA BARAT,3273,KOTA BANDUNG,3273130,ARCAMANIK,32.73.24,ARCAMANIK,KOMPLEK PRANAYA,12207,METER PERSEGI,2023
80,32,JAWA BARAT,3273,KOTA BANDUNG,3273130,ARCAMANIK,32.73.24,ARCAMANIK,MEDINA ANTAPANI MAKMUR,4717,METER PERSEGI,2023
81,32,JAWA BARAT,3273,KOTA BANDUNG,3273130,ARCAMANIK,32.73.24,ARCAMANIK,MITRA MANUNGGAL,4778,METER PERSEGI,2023
82,32,JAWA BARAT,3273,KOTA BANDUNG,3273130,ARCAMANIK,32.73.24,ARCAMANIK,MY HOME ARCAMANIK,13599,METER PERSEGI,2023
83,32,JAWA BARAT,3273,KOTA BANDUNG,3273130,ARCAMANIK,32.73.24,ARCAMANIK,PANORAMA ALAM PARAHYANGAN,24602,METER PERSEGI,2023
84,32,JAWA BARAT,3273,KOTA BANDUNG,3273130,ARCAMANIK,32.73.24,ARCAMANIK,PARAKAN ASRI,8222,METER PERSEGI,2023
85,32,JAWA BARAT,3273,KOTA BANDUNG,3273130,ARCAMANIK,32.73.24,ARCAMANIK,PARAKAN AYU,24766,METER PERSEGI,2023
86,32,JAWA BARAT,3273,KOTA BANDUNG,3273130,ARCAMANIK,32.73.24,ARCAMANIK,PERMATA ARCAMANIK,38954,METER PERSEGI,2023
87,32,JAWA BARAT,3273,KOTA BANDUNG,3273130,ARCAMANIK,32.73.24,ARCAMANIK,PERMATA LNDAH ARCAMANIK,8300,METER PERSEGI,2023
88,32,JAWA BARAT,3273,KOTA BANDUNG,3273130,ARCAMANIK,32.73.24,ARCAMANIK,PERMATA MULYA RESIDENCE,3083,METER PERSEGI,2023
89,32,JAWA BARAT,3273,KOTA BANDUNG,3273130,ARCAMANIK,32.73.24,ARCAMANIK,PESONA ARCAMANIK PERMAI,32324,METER PERSEGI,2023
90,32,JAWA BARAT,3273,KOTA BANDUNG,3273130,ARCAMANIK,32.73.24,ARCAMANIK,PESONA CISARANTEN INDAH,23652,METER PERSEGI,2023
91,32,JAWA BARAT,3273,KOTA BANDUNG,3273130,ARCAMANIK,32.73.24,ARCAMANIK,PURI AYU PRATAMA,21874,METER PERSEGI,2023
92,32,JAWA BARAT,3273,KOTA BANDUNG,3273130,ARCAMANIK,32.73.24,ARCAMANIK,PURI CISARANTEN,0,METER PERSEGI,2023
93,32,JAWA BARAT,3273,KOTA BANDUNG,3273130,ARCAMANIK,32.73.24,ARCAMANIK,PURI DAGO,0,METER PERSEGI,2023
94,32,JAWA BARAT,3273,KOTA BANDUNG,3273130,ARCAMANIK,32.73.24,ARCAMANIK,PUTERACO GADING REGENCY,129102,METER PERSEGI,2023
95,32,JAWA BARAT,3273,KOTA BANDUNG,3273130,ARCAMANIK,32.73.24,ARCAMANIK,SARIMAS REGENCY,69230,METER PERSEGI,2023
96,32,JAWA BARAT,3273,KOTA BANDUNG,3273130,ARCAMANIK,32.73.24,ARCAMANIK,TAMAN GOLF ARCAMANIK ENDAH,635517,METER PERSEGI,2023
97,32,JAWA BARAT,3273,KOTA BANDUNG,3273050,ASTANAANYAR,32.73.10,ASTANA ANYAR,JATI PERMAI,38708,METER PERSEGI,2023
98,32,JAWA BARAT,3273,KOTA BANDUNG,3273050,ASTANAANYAR,32.73.10,ASTANA ANYAR,KARASAK BARU,17250,METER PERSEGI,2023
99,32,JAWA BARAT,3273,KOTA BANDUNG,3273050,ASTANAANYAR,32.73.10,ASTANA ANYAR,KOMPLEK MUARA,141626,METER PERSEGI,2023
100,32,JAWA BARAT,3273,KOTA BANDUNG,3273050,ASTANAANYAR,32.73.10,ASTANA ANYAR,"KURDI TIMUR, BARAT & SELATAN",132739,METER PERSEGI,2023
101,32,JAWA BARAT,3273,KOTA BANDUNG,3273020,BABAKAN CIPARAY,32.73.03,BABAKAN CIPARAY,CIBOLERANG INDAH,146828,METER PERSEGI,2023
102,32,JAWA BARAT,3273,KOTA BANDUNG,3273020,BABAKAN CIPARAY,32.73.03,BABAKAN CIPARAY,DIAN PERMAI,100573,METER PERSEGI,2023
103,32,JAWA BARAT,3273,KOTA BANDUNG,3273020,BABAKAN CIPARAY,32.73.03,BABAKAN CIPARAY,HOLIS REGENCY,43481,METER PERSEGI,2023
104,32,JAWA BARAT,3273,KOTA BANDUNG,3273020,BABAKAN CIPARAY,32.73.03,BABAKAN CIPARAY,KOMPLEK PASADENA,207419,METER PERSEGI,2023
105,32,JAWA BARAT,3273,KOTA BANDUNG,3273020,BABAKAN CIPARAY,32.73.03,BABAKAN CIPARAY,KOPO ELOK,65098,METER PERSEGI,2023
106,32,JAWA BARAT,3273,KOTA BANDUNG,3273020,BABAKAN CIPARAY,32.73.03,BABAKAN CIPARAY,KOPO MAS,176384,METER PERSEGI,2023
107,32,JAWA BARAT,3273,KOTA BANDUNG,3273020,BABAKAN CIPARAY,32.73.03,BABAKAN CIPARAY,KOPO SARI,26775,METER PERSEGI,2023
108,32,JAWA BARAT,3273,KOTA BANDUNG,3273020,BABAKAN CIPARAY,32.73.03,BABAKAN CIPARAY,PASADENA TOWNHOUSE,3458,METER PERSEGI,2023
109,32,JAWA BARAT,3273,KOTA BANDUNG,3273020,BABAKAN CIPARAY,32.73.03,BABAKAN CIPARAY,PRATISTA TAMAN SAKURA,24527,METER PERSEGI,2023
110,32,JAWA BARAT,3273,KOTA BANDUNG,3273020,BABAKAN CIPARAY,32.73.03,BABAKAN CIPARAY,SITU INDAH,6334,METER PERSEGI,2023
111,32,JAWA BARAT,3273,KOTA BANDUNG,3273020,BABAKAN CIPARAY,32.73.03,BABAKAN CIPARAY,SUMBER SARI INDAH,252576,METER PERSEGI,2023
112,32,JAWA BARAT,3273,KOTA BANDUNG,3273020,BABAKAN CIPARAY,32.73.03,BABAKAN CIPARAY,TAMAN HIJAU,9838,METER PERSEGI,2023
113,32,JAWA BARAT,3273,KOTA BANDUNG,3273020,BABAKAN CIPARAY,32.73.03,BABAKAN CIPARAY,TAMAN KOPO MELATI,30759,METER PERSEGI,2023
114,32,JAWA BARAT,3273,KOTA BANDUNG,3273020,BABAKAN CIPARAY,32.73.03,BABAKAN CIPARAY,TAMAN SAKURA LNDAH,177937,METER PERSEGI,2023
115,32,JAWA BARAT,3273,KOTA BANDUNG,3273020,BABAKAN CIPARAY,32.73.03,BABAKAN CIPARAY,TERRACE GARDEN,3092,METER PERSEGI,2023
116,32,JAWA BARAT,3273,KOTA BANDUNG,3273080,BANDUNG KIDUL,32.73.21,BANDUNG KIDUL,AMAYA RESIDENCE,18267,METER PERSEGI,2023
117,32,JAWA BARAT,3273,KOTA BANDUNG,3273080,BANDUNG KIDUL,32.73.21,BANDUNG KIDUL,BATUNUNGGAL LNDAH,1041640,METER PERSEGI,2023
118,32,JAWA BARAT,3273,KOTA BANDUNG,3273080,BANDUNG KIDUL,32.73.21,BANDUNG KIDUL,BUAH BATU PRECIOUS (APARTMENT),0,METER PERSEGI,2023
119,32,JAWA BARAT,3273,KOTA BANDUNG,3273080,BANDUNG KIDUL,32.73.21,BANDUNG KIDUL,BUAH BATU REGENCY,149993,METER PERSEGI,2023
120,32,JAWA BARAT,3273,KOTA BANDUNG,3273080,BANDUNG KIDUL,32.73.21,BANDUNG KIDUL,BUANA SARI,83205,METER PERSEGI,2023
121,32,JAWA BARAT,3273,KOTA BANDUNG,3273080,BANDUNG KIDUL,32.73.21,BANDUNG KIDUL,BUNGA RESIDENCE,3493,METER PERSEGI,2023
122,32,JAWA BARAT,3273,KOTA BANDUNG,3273080,BANDUNG KIDUL,32.73.21,BANDUNG KIDUL,JAKA PURWA,118702,METER PERSEGI,2023
123,32,JAWA BARAT,3273,KOTA BANDUNG,3273080,BANDUNG KIDUL,32.73.21,BANDUNG KIDUL,KOMPLEK BARDAN,85281,METER PERSEGI,2023
124,32,JAWA BARAT,3273,KOTA BANDUNG,3273080,BANDUNG KIDUL,32.73.21,BANDUNG KIDUL,NEWTON APARTEMENT RESIDENCE (APARTEMEN),0,METER PERSEGI,2023
125,32,JAWA BARAT,3273,KOTA BANDUNG,3273080,BANDUNG KIDUL,32.73.21,BANDUNG KIDUL,NUANSA LNDAH,7553,METER PERSEGI,2023
126,32,JAWA BARAT,3273,KOTA BANDUNG,3273080,BANDUNG KIDUL,32.73.21,BANDUNG KIDUL,SAPTA TARUNA PU,271742,METER PERSEGI,2023
127,32,JAWA BARAT,3273,KOTA BANDUNG,3273080,BANDUNG KIDUL,32.73.21,BANDUNG KIDUL,SUTERA GRAHA,16540,METER PERSEGI,2023
128,32,JAWA BARAT,3273,KOTA BANDUNG,3273080,BANDUNG KIDUL,32.73.21,BANDUNG KIDUL,TOPINDO BUAH BATU RESIDENCE,17508,METER PERSEGI,2023
129,32,JAWA BARAT,3273,KOTA BANDUNG,3273010,BANDUNG KULON,32.73.15,BANDUNG KULON,BUMI ASRI GEMPOL SARI,178446,METER PERSEGI,2023
130,32,JAWA BARAT,3273,KOTA BANDUNG,3273010,BANDUNG KULON,32.73.15,BANDUNG KULON,BUMI ASRI REGENCY,9733,METER PERSEGI,2023
131,32,JAWA BARAT,3273,KOTA BANDUNG,3273010,BANDUNG KULON,32.73.15,BANDUNG KULON,CIJERAH LNDAH II,13773,METER PERSEGI,2023
132,32,JAWA BARAT,3273,KOTA BANDUNG,3273010,BANDUNG KULON,32.73.15,BANDUNG KULON,GEMPOL ASRI,166124,METER PERSEGI,2023
133,32,JAWA BARAT,3273,KOTA BANDUNG,3273010,BANDUNG KULON,32.73.15,BANDUNG KULON,GEMPOL ELOK,20428,METER PERSEGI,2023
134,32,JAWA BARAT,3273,KOTA BANDUNG,3273010,BANDUNG KULON,32.73.15,BANDUNG KULON,GEMPOL SARI LNDAH,84971,METER PERSEGI,2023
135,32,JAWA BARAT,3273,KOTA BANDUNG,3273010,BANDUNG KULON,32.73.15,BANDUNG KULON,HOLIS PERMAI,44178,METER PERSEGI,2023
136,32,JAWA BARAT,3273,KOTA BANDUNG,3273010,BANDUNG KULON,32.73.15,BANDUNG KULON,HOLIS PESONA TAMAN BURUNG,43630,METER PERSEGI,2023
137,32,JAWA BARAT,3273,KOTA BANDUNG,3273010,BANDUNG KULON,32.73.15,BANDUNG KULON,ISTANA REGENCY SUDIRMAN,74912,METER PERSEGI,2023
138,32,JAWA BARAT,3273,KOTA BANDUNG,3273010,BANDUNG KULON,32.73.15,BANDUNG KULON,KETAPANG KENCANA,3217,METER PERSEGI,2023
139,32,JAWA BARAT,3273,KOTA BANDUNG,3273010,BANDUNG KULON,32.73.15,BANDUNG KULON,KOMPLEK BPKP,30032,METER PERSEGI,2023
140,32,JAWA BARAT,3273,KOTA BANDUNG,3273010,BANDUNG KULON,32.73.15,BANDUNG KULON,KOMPLEK DIRGANTARA,133359,METER PERSEGI,2023
141,32,JAWA BARAT,3273,KOTA BANDUNG,3273010,BANDUNG KULON,32.73.15,BANDUNG KULON,KOMPLEK KPAD,5342,METER PERSEGI,2023
142,32,JAWA BARAT,3273,KOTA BANDUNG,3273010,BANDUNG KULON,32.73.15,BANDUNG KULON,KOMPLEK MARGAASIH,0,METER PERSEGI,2023
143,32,JAWA BARAT,3273,KOTA BANDUNG,3273010,BANDUNG KULON,32.73.15,BANDUNG KULON,KOMPLEK PERDATAM,48098,METER PERSEGI,2023
144,32,JAWA BARAT,3273,KOTA BANDUNG,3273010,BANDUNG KULON,32.73.15,BANDUNG KULON,MEKAR INDAH,121877,METER PERSEGI,2023
145,32,JAWA BARAT,3273,KOTA BANDUNG,3273010,BANDUNG KULON,32.73.15,BANDUNG KULON,MELONG ASIH REGENCY,21320,METER PERSEGI,2023
146,32,JAWA BARAT,3273,KOTA BANDUNG,3273010,BANDUNG KULON,32.73.15,BANDUNG KULON,MELONG CIJERAH,21852,METER PERSEGI,2023
147,32,JAWA BARAT,3273,KOTA BANDUNG,3273010,BANDUNG KULON,32.73.15,BANDUNG KULON,MELONG NIRWANA RESIDENCE,5786,METER PERSEGI,2023
148,32,JAWA BARAT,3273,KOTA BANDUNG,3273010,BANDUNG KULON,32.73.15,BANDUNG KULON,PERMATA LNDAH,45201,METER PERSEGI,2023
149,32,JAWA BARAT,3273,KOTA BANDUNG,3273010,BANDUNG KULON,32.73.15,BANDUNG KULON,PERUMNAS CIBUNTU,103010,METER PERSEGI,2023
150,32,JAWA BARAT,3273,KOTA BANDUNG,3273010,BANDUNG KULON,32.73.15,BANDUNG KULON,PERUMNAS CIJERAH I,95296,METER PERSEGI,2023
151,32,JAWA BARAT,3273,KOTA BANDUNG,3273010,BANDUNG KULON,32.73.15,BANDUNG KULON,PERUMNAS CIJERAH II,526157,METER PERSEGI,2023
152,32,JAWA BARAT,3273,KOTA BANDUNG,3273010,BANDUNG KULON,32.73.15,BANDUNG KULON,PURI AYANA I,16869,METER PERSEGI,2023
153,32,JAWA BARAT,3273,KOTA BANDUNG,3273010,BANDUNG KULON,32.73.15,BANDUNG KULON,PURI AYANA II,0,METER PERSEGI,2023
154,32,JAWA BARAT,3273,KOTA BANDUNG,3273010,BANDUNG KULON,32.73.15,BANDUNG KULON,SURYANI LNDAH,5164,METER PERSEGI,2023
155,32,JAWA BARAT,3273,KOTA BANDUNG,3273010,BANDUNG KULON,32.73.15,BANDUNG KULON,TAMAN HOLIS LNDAH I,657269,METER PERSEGI,2023
156,32,JAWA BARAT,3273,KOTA BANDUNG,3273010,BANDUNG KULON,32.73.15,BANDUNG KULON,TAMAN HOLIS LNDAH II,0,METER PERSEGI,2023
157,32,JAWA BARAT,3273,KOTA BANDUNG,3273010,BANDUNG KULON,32.73.15,BANDUNG KULON,TAMAN SURYA LNDAH,37790,METER PERSEGI,2023
158,32,JAWA BARAT,3273,KOTA BANDUNG,3273160,BATUNUNGGAL,32.73.12,BATUNUNGGAL,BENTANG ASRI,110599,METER PERSEGI,2023
159,32,JAWA BARAT,3273,KOTA BANDUNG,3273160,BATUNUNGGAL,32.73.12,BATUNUNGGAL,JATI LNDAH,42177,METER PERSEGI,2023
160,32,JAWA BARAT,3273,KOTA BANDUNG,3273160,BATUNUNGGAL,32.73.12,BATUNUNGGAL,JATI MULYA,11647,METER PERSEGI,2023
161,32,JAWA BARAT,3273,KOTA BANDUNG,3273160,BATUNUNGGAL,32.73.12,BATUNUNGGAL,KOMPLEK PAJAK SEKELIMUS,4745,METER PERSEGI,2023
162,32,JAWA BARAT,3273,KOTA BANDUNG,3273160,BATUNUNGGAL,32.73.12,BATUNUNGGAL,KOTA KEMBANG PERMAI,21318,METER PERSEGI,2023
163,32,JAWA BARAT,3273,KOTA BANDUNG,3273160,BATUNUNGGAL,32.73.12,BATUNUNGGAL,MALEER INDAH LESTARI,1633,METER PERSEGI,2023
164,32,JAWA BARAT,3273,KOTA BANDUNG,3273160,BATUNUNGGAL,32.73.12,BATUNUNGGAL,MEKAR INDAH,24012,METER PERSEGI,2023
165,32,JAWA BARAT,3273,KOTA BANDUNG,3273160,BATUNUNGGAL,32.73.12,BATUNUNGGAL,RANCA MANYAR / BUMI DUTA MARTANEGARA,34083,METER PERSEGI,2023
166,32,JAWA BARAT,3273,KOTA BANDUNG,3273160,BATUNUNGGAL,32.73.12,BATUNUNGGAL,SALENDRO TIMUR,43036,METER PERSEGI,2023
167,32,JAWA BARAT,3273,KOTA BANDUNG,3273160,BATUNUNGGAL,32.73.12,BATUNUNGGAL,TULIP PERMAI RESIDENCE,21635,METER PERSEGI,2023
168,32,JAWA BARAT,3273,KOTA BANDUNG,3273030,BOJONGLOA KALER,32.73.04,BOJONGLOA KALER,BUANA INDAH,39492,METER PERSEGI,2023
169,32,JAWA BARAT,3273,KOTA BANDUNG,3273030,BOJONGLOA KALER,32.73.04,BOJONGLOA KALER,CITARIP BARAT,104936,METER PERSEGI,2023
170,32,JAWA BARAT,3273,KOTA BANDUNG,3273030,BOJONGLOA KALER,32.73.04,BOJONGLOA KALER,KOPO KENCANA,160010,METER PERSEGI,2023
171,32,JAWA BARAT,3273,KOTA BANDUNG,3273030,BOJONGLOA KALER,32.73.04,BOJONGLOA KALER,PAGAR KENCANA,8794,METER PERSEGI,2023
172,32,JAWA BARAT,3273,KOTA BANDUNG,3273030,BOJONGLOA KALER,32.73.04,BOJONGLOA KALER,TAMAN ANGGREK,60743,METER PERSEGI,2023
173,32,JAWA BARAT,3273,KOTA BANDUNG,3273030,BOJONGLOA KALER,32.73.04,BOJONGLOA KALER,TAMAN LINGKAR,48749,METER PERSEGI,2023
174,32,JAWA BARAT,3273,KOTA BANDUNG,3273040,BOJONGLOA KIDUL,32.73.17,BOJONGLOA KIDUL,CIBADUYUT PERMAI,38647,METER PERSEGI,2023
175,32,JAWA BARAT,3273,KOTA BANDUNG,3273040,BOJONGLOA KIDUL,32.73.17,BOJONGLOA KIDUL,ISTANA MEKAR WANGI,548533,METER PERSEGI,2023
176,32,JAWA BARAT,3273,KOTA BANDUNG,3273040,BOJONGLOA KIDUL,32.73.17,BOJONGLOA KIDUL,KOMPLEK SAUYUNAN,2896,METER PERSEGI,2023
177,32,JAWA BARAT,3273,KOTA BANDUNG,3273040,BOJONGLOA KIDUL,32.73.17,BOJONGLOA KIDUL,LEUWI ANYAR,51688,METER PERSEGI,2023
178,32,JAWA BARAT,3273,KOTA BANDUNG,3273040,BOJONGLOA KIDUL,32.73.17,BOJONGLOA KIDUL,LEUWI SARI,105479,METER PERSEGI,2023
179,32,JAWA BARAT,3273,KOTA BANDUNG,3273040,BOJONGLOA KIDUL,32.73.17,BOJONGLOA KIDUL,MEKARWANGI SQUARE (APARTMENT),0,METER PERSEGI,2023
180,32,JAWA BARAT,3273,KOTA BANDUNG,3273040,BOJONGLOA KIDUL,32.73.17,BOJONGLOA KIDUL,SAUYUNAN MAS,33878,METER PERSEGI,2023
181,32,JAWA BARAT,3273,KOTA BANDUNG,3273040,BOJONGLOA KIDUL,32.73.17,BOJONGLOA KIDUL,SINGGASANA PRADANA,599480,METER PERSEGI,2023
182,32,JAWA BARAT,3273,KOTA BANDUNG,3273090,BUAHBATU,32.73.22,BUAHBATU,ANDROMEDA ASRI,9080,METER PERSEGI,2023
183,32,JAWA BARAT,3273,KOTA BANDUNG,3273090,BUAHBATU,32.73.22,BUAHBATU,ANTABARU ENDAH,56114,METER PERSEGI,2023
184,32,JAWA BARAT,3273,KOTA BANDUNG,3273090,BUAHBATU,32.73.22,BUAHBATU,BAHAGIA PERMAI,8061,METER PERSEGI,2023
185,32,JAWA BARAT,3273,KOTA BANDUNG,3273090,BUAHBATU,32.73.22,BUAHBATU,BAITUSSALAM,56259,METER PERSEGI,2023
186,32,JAWA BARAT,3273,KOTA BANDUNG,3273090,BUAHBATU,32.73.22,BUAHBATU,BAKUNG ENDAH,8471,METER PERSEGI,2023
187,32,JAWA BARAT,3273,KOTA BANDUNG,3273090,BUAHBATU,32.73.22,BUAHBATU,BANDUNG LNDAH RAYA,76549,METER PERSEGI,2023
188,32,JAWA BARAT,3273,KOTA BANDUNG,3273090,BUAHBATU,32.73.22,BUAHBATU,BATU PERMATA,68866,METER PERSEGI,2023
189,32,JAWA BARAT,3273,KOTA BANDUNG,3273090,BUAHBATU,32.73.22,BUAHBATU,BUAHBATU KENCANA TOWN HOUSE,2580,METER PERSEGI,2023
190,32,JAWA BARAT,3273,KOTA BANDUNG,3273090,BUAHBATU,32.73.22,BUAHBATU,BUANA CIGI REGENCY,10806,METER PERSEGI,2023
191,32,JAWA BARAT,3273,KOTA BANDUNG,3273090,BUAHBATU,32.73.22,BUAHBATU,BUANA CIWASTRA RESIDENCE,43439,METER PERSEGI,2023
192,32,JAWA BARAT,3273,KOTA BANDUNG,3273090,BUAHBATU,32.73.22,BUAHBATU,BUMI KIRANA,10827,METER PERSEGI,2023
193,32,JAWA BARAT,3273,KOTA BANDUNG,3273090,BUAHBATU,32.73.22,BUAHBATU,CASA DE LA TOPA,2195,METER PERSEGI,2023
194,32,JAWA BARAT,3273,KOTA BANDUNG,3273090,BUAHBATU,32.73.22,BUAHBATU,CASA MUKTI RESIDENCE,961,METER PERSEGI,2023
195,32,JAWA BARAT,3273,KOTA BANDUNG,3273090,BUAHBATU,32.73.22,BUAHBATU,CIJAWURA GIRANG,178493,METER PERSEGI,2023
196,32,JAWA BARAT,3273,KOTA BANDUNG,3273090,BUAHBATU,32.73.22,BUAHBATU,CIJAWURA LNDAH,17472,METER PERSEGI,2023
197,32,JAWA BARAT,3273,KOTA BANDUNG,3273090,BUAHBATU,32.73.22,BUAHBATU,CIJAWURA REGENCY,4303,METER PERSEGI,2023
198,32,JAWA BARAT,3273,KOTA BANDUNG,3273090,BUAHBATU,32.73.22,BUAHBATU,CIPAGANTI GRAHA,15969,METER PERSEGI,2023
199,32,JAWA BARAT,3273,KOTA BANDUNG,3273090,BUAHBATU,32.73.22,BUAHBATU,CIWASTRA INDAH,43045,METER PERSEGI,2023
200,32,JAWA BARAT,3273,KOTA BANDUNG,3273090,BUAHBATU,32.73.22,BUAHBATU,CLUSTER MARGA PURI,8573,METER PERSEGI,2023
201,32,JAWA BARAT,3273,KOTA BANDUNG,3273090,BUAHBATU,32.73.22,BUAHBATU,CLUSTER VILLA MARGALUYU,4371,METER PERSEGI,2023
202,32,JAWA BARAT,3273,KOTA BANDUNG,3273090,BUAHBATU,32.73.22,BUAHBATU,D ELGRAN,1896,METER PERSEGI,2023
203,32,JAWA BARAT,3273,KOTA BANDUNG,3273090,BUAHBATU,32.73.22,BUAHBATU,DE GREEN GRANDE,22519,METER PERSEGI,2023
204,32,JAWA BARAT,3273,KOTA BANDUNG,3273090,BUAHBATU,32.73.22,BUAHBATU,GALLERY KAWALUYAAN,5528,METER PERSEGI,2023
205,32,JAWA BARAT,3273,KOTA BANDUNG,3273090,BUAHBATU,32.73.22,BUAHBATU,GRAHA ALAM RAYA,17210,METER PERSEGI,2023
206,32,JAWA BARAT,3273,KOTA BANDUNG,3273090,BUAHBATU,32.73.22,BUAHBATU,GRAHA PELANGI ELOK,9043,METER PERSEGI,2023
207,32,JAWA BARAT,3273,KOTA BANDUNG,3273090,BUAHBATU,32.73.22,BUAHBATU,GRAND NABILA RESIDENCE,1939,METER PERSEGI,2023
208,32,JAWA BARAT,3273,KOTA BANDUNG,3273090,BUAHBATU,32.73.22,BUAHBATU,GRIYA KUNING ASRI,20743,METER PERSEGI,2023
209,32,JAWA BARAT,3273,KOTA BANDUNG,3273090,BUAHBATU,32.73.22,BUAHBATU,GRIYA PERSADA,7089,METER PERSEGI,2023
210,32,JAWA BARAT,3273,KOTA BANDUNG,3273090,BUAHBATU,32.73.22,BUAHBATU,HARMONY PARK,18814,METER PERSEGI,2023
211,32,JAWA BARAT,3273,KOTA BANDUNG,3273090,BUAHBATU,32.73.22,BUAHBATU,IMPERIAL SOHO,3855,METER PERSEGI,2023
212,32,JAWA BARAT,3273,KOTA BANDUNG,3273090,BUAHBATU,32.73.22,BUAHBATU,ISTANA KAWALUYAAN,144388,METER PERSEGI,2023
213,32,JAWA BARAT,3273,KOTA BANDUNG,3273090,BUAHBATU,32.73.22,BUAHBATU,KAWALUYAAN REGENCY,6571,METER PERSEGI,2023
214,32,JAWA BARAT,3273,KOTA BANDUNG,3273090,BUAHBATU,32.73.22,BUAHBATU,KEMBANG PARE RESIDENCE,18986,METER PERSEGI,2023
215,32,JAWA BARAT,3273,KOTA BANDUNG,3273090,BUAHBATU,32.73.22,BUAHBATU,KENCANA WANGI,63381,METER PERSEGI,2023
216,32,JAWA BARAT,3273,KOTA BANDUNG,3273090,BUAHBATU,32.73.22,BUAHBATU,KIARA MAS LNDAH REGENCY,10756,METER PERSEGI,2023
217,32,JAWA BARAT,3273,KOTA BANDUNG,3273090,BUAHBATU,32.73.22,BUAHBATU,KIARA SARI,139803,METER PERSEGI,2023
218,32,JAWA BARAT,3273,KOTA BANDUNG,3273090,BUAHBATU,32.73.22,BUAHBATU,KIWARI RESIDENCE,18941,METER PERSEGI,2023
219,32,JAWA BARAT,3273,KOTA BANDUNG,3273090,BUAHBATU,32.73.22,BUAHBATU,KOMPLEK AL-ISLAM,13372,METER PERSEGI,2023
220,32,JAWA BARAT,3273,KOTA BANDUNG,3273090,BUAHBATU,32.73.22,BUAHBATU,KOMPLEK BRIMOB,6188,METER PERSEGI,2023
221,32,JAWA BARAT,3273,KOTA BANDUNG,3273090,BUAHBATU,32.73.22,BUAHBATU,KOMPLEK BULOG,4338,METER PERSEGI,2023
222,32,JAWA BARAT,3273,KOTA BANDUNG,3273090,BUAHBATU,32.73.22,BUAHBATU,KOMPLEK LOGAM,32875,METER PERSEGI,2023
223,32,JAWA BARAT,3273,KOTA BANDUNG,3273090,BUAHBATU,32.73.22,BUAHBATU,KOMPLEK PEMDA,17011,METER PERSEGI,2023
224,32,JAWA BARAT,3273,KOTA BANDUNG,3273090,BUAHBATU,32.73.22,BUAHBATU,KOMPLEK PERKEBUNAN,17734,METER PERSEGI,2023
225,32,JAWA BARAT,3273,KOTA BANDUNG,3273090,BUAHBATU,32.73.22,BUAHBATU,KOMPLEK PURAGABAYA,16375,METER PERSEGI,2023
226,32,JAWA BARAT,3273,KOTA BANDUNG,3273090,BUAHBATU,32.73.22,BUAHBATU,KOMPLEK TURANGGA,0,METER PERSEGI,2023
227,32,JAWA BARAT,3273,KOTA BANDUNG,3273090,BUAHBATU,32.73.22,BUAHBATU,MARGA ASRI PERSADA,11985,METER PERSEGI,2023
228,32,JAWA BARAT,3273,KOTA BANDUNG,3273090,BUAHBATU,32.73.22,BUAHBATU,MARGA BARU,25667,METER PERSEGI,2023
229,32,JAWA BARAT,3273,KOTA BANDUNG,3273090,BUAHBATU,32.73.22,BUAHBATU,MARGA MAKMUR,15716,METER PERSEGI,2023
230,32,JAWA BARAT,3273,KOTA BANDUNG,3273090,BUAHBATU,32.73.22,BUAHBATU,MARGAHAYU RAYA,903092,METER PERSEGI,2023
231,32,JAWA BARAT,3273,KOTA BANDUNG,3273090,BUAHBATU,32.73.22,BUAHBATU,MARGALUYU LNDAH RESIDENCE,4624,METER PERSEGI,2023
232,32,JAWA BARAT,3273,KOTA BANDUNG,3273090,BUAHBATU,32.73.22,BUAHBATU,MARGAWANGI ESTATE,81118,METER PERSEGI,2023
233,32,JAWA BARAT,3273,KOTA BANDUNG,3273090,BUAHBATU,32.73.22,BUAHBATU,MATAHARI MARGAWANGI,19237,METER PERSEGI,2023
234,32,JAWA BARAT,3273,KOTA BANDUNG,3273090,BUAHBATU,32.73.22,BUAHBATU,MEGA BRATA,48045,METER PERSEGI,2023
235,32,JAWA BARAT,3273,KOTA BANDUNG,3273090,BUAHBATU,32.73.22,BUAHBATU,MUSTIKA HEGAR REGENCY,49973,METER PERSEGI,2023
236,32,JAWA BARAT,3273,KOTA BANDUNG,3273090,BUAHBATU,32.73.22,BUAHBATU,PALEM PERMAI,90740,METER PERSEGI,2023
237,32,JAWA BARAT,3273,KOTA BANDUNG,3273090,BUAHBATU,32.73.22,BUAHBATU,PANDAN WANGI,71825,METER PERSEGI,2023
238,32,JAWA BARAT,3273,KOTA BANDUNG,3273090,BUAHBATU,32.73.22,BUAHBATU,PARIS VAN JAVA RESIDENCE,8823,METER PERSEGI,2023
239,32,JAWA BARAT,3273,KOTA BANDUNG,3273090,BUAHBATU,32.73.22,BUAHBATU,PATRAMAYA RESIDENCE,4628,METER PERSEGI,2023
240,32,JAWA BARAT,3273,KOTA BANDUNG,3273090,BUAHBATU,32.73.22,BUAHBATU,PERMATA KAWALUYAAN,19856,METER PERSEGI,2023
241,32,JAWA BARAT,3273,KOTA BANDUNG,3273090,BUAHBATU,32.73.22,BUAHBATU,PERMATA RANCASAWO,3914,METER PERSEGI,2023
242,32,JAWA BARAT,3273,KOTA BANDUNG,3273090,BUAHBATU,32.73.22,BUAHBATU,PERSADA ASRI II,13492,METER PERSEGI,2023
243,32,JAWA BARAT,3273,KOTA BANDUNG,3273090,BUAHBATU,32.73.22,BUAHBATU,PESONA CIWASTRA PERMAI,32649,METER PERSEGI,2023
244,32,JAWA BARAT,3273,KOTA BANDUNG,3273090,BUAHBATU,32.73.22,BUAHBATU,SANGGAR HURIP APARTEMEN (APARTEMEN),0,METER PERSEGI,2023
245,32,JAWA BARAT,3273,KOTA BANDUNG,3273090,BUAHBATU,32.73.22,BUAHBATU,SANGGAR HURIP ESTATE,141774,METER PERSEGI,2023
246,32,JAWA BARAT,3273,KOTA BANDUNG,3273090,BUAHBATU,32.73.22,BUAHBATU,SAPHIRE TOWN HOUSE,5643,METER PERSEGI,2023
247,32,JAWA BARAT,3273,KOTA BANDUNG,3273090,BUAHBATU,32.73.22,BUAHBATU,SARIE BUNGA BAKUNG,31352,METER PERSEGI,2023
248,32,JAWA BARAT,3273,KOTA BANDUNG,3273090,BUAHBATU,32.73.22,BUAHBATU,SAWO INDAH,22345,METER PERSEGI,2023
249,32,JAWA BARAT,3273,KOTA BANDUNG,3273090,BUAHBATU,32.73.22,BUAHBATU,SINGGASANA RESIDENCE CIJAWURA POINT,14840,METER PERSEGI,2023
250,32,JAWA BARAT,3273,KOTA BANDUNG,3273090,BUAHBATU,32.73.22,BUAHBATU,SSP RANCASAWO / MARGAHAYU,4184,METER PERSEGI,2023
251,32,JAWA BARAT,3273,KOTA BANDUNG,3273090,BUAHBATU,32.73.22,BUAHBATU,TAMAN PERSADA ASRI RESIDENCE,23304,METER PERSEGI,2023
252,32,JAWA BARAT,3273,KOTA BANDUNG,3273090,BUAHBATU,32.73.22,BUAHBATU,TAMAN PUSPA INDAH,24867,METER PERSEGI,2023
253,32,JAWA BARAT,3273,KOTA BANDUNG,3273090,BUAHBATU,32.73.22,BUAHBATU,THE SUITES @ METRO APARTEMENT (APARTEMEN),0,METER PERSEGI,2023
254,32,JAWA BARAT,3273,KOTA BANDUNG,3273090,BUAHBATU,32.73.22,BUAHBATU,TIRTASARI RESIDENCE,18815,METER PERSEGI,2023
255,32,JAWA BARAT,3273,KOTA BANDUNG,3273090,BUAHBATU,32.73.22,BUAHBATU,VILLA ILHAMI PERMATA,11168,METER PERSEGI,2023
256,32,JAWA BARAT,3273,KOTA BANDUNG,3273220,CIBEUNYING KALER,32.73.18,CIBEUNYING KALER,BUKIT PINUS DAGO,5239,METER PERSEGI,2023
257,32,JAWA BARAT,3273,KOTA BANDUNG,3273220,CIBEUNYING KALER,32.73.18,CIBEUNYING KALER,CALISTHA DAGO,12581,METER PERSEGI,2023
258,32,JAWA BARAT,3273,KOTA BANDUNG,3273220,CIBEUNYING KALER,32.73.18,CIBEUNYING KALER,CIBEUNYING PERMAI,32345,METER PERSEGI,2023
259,32,JAWA BARAT,3273,KOTA BANDUNG,3273220,CIBEUNYING KALER,32.73.18,CIBEUNYING KALER,CIGADUNG ASRI,12863,METER PERSEGI,2023
260,32,JAWA BARAT,3273,KOTA BANDUNG,3273220,CIBEUNYING KALER,32.73.18,CIBEUNYING KALER,CIGADUNG GREEN LAND,31000,METER PERSEGI,2023
261,32,JAWA BARAT,3273,KOTA BANDUNG,3273220,CIBEUNYING KALER,32.73.18,CIBEUNYING KALER,CIGADUNG HILLS,5517,METER PERSEGI,2023
262,32,JAWA BARAT,3273,KOTA BANDUNG,3273220,CIBEUNYING KALER,32.73.18,CIBEUNYING KALER,CIGADUNG INDAH,65075,METER PERSEGI,2023
263,32,JAWA BARAT,3273,KOTA BANDUNG,3273220,CIBEUNYING KALER,32.73.18,CIBEUNYING KALER,CIGADUNG MAKMUR,2906,METER PERSEGI,2023
264,32,JAWA BARAT,3273,KOTA BANDUNG,3273220,CIBEUNYING KALER,32.73.18,CIBEUNYING KALER,CIGADUNG PERMAI,3412,METER PERSEGI,2023
265,32,JAWA BARAT,3273,KOTA BANDUNG,3273220,CIBEUNYING KALER,32.73.18,CIBEUNYING KALER,CIGADUNG RAYA TIMUR,2585,METER PERSEGI,2023
266,32,JAWA BARAT,3273,KOTA BANDUNG,3273220,CIBEUNYING KALER,32.73.18,CIBEUNYING KALER,CIGADUNG TEPIS WIRING,1654,METER PERSEGI,2023
267,32,JAWA BARAT,3273,KOTA BANDUNG,3273220,CIBEUNYING KALER,32.73.18,CIBEUNYING KALER,CIGADUNG VALLEY RESIDENCE,1805,METER PERSEGI,2023
268,32,JAWA BARAT,3273,KOTA BANDUNG,3273220,CIBEUNYING KALER,32.73.18,CIBEUNYING KALER,CIGADUNG VILLAGE,0,METER PERSEGI,2023
269,32,JAWA BARAT,3273,KOTA BANDUNG,3273220,CIBEUNYING KALER,32.73.18,CIBEUNYING KALER,CIKUTRA BARU,157264,METER PERSEGI,2023
270,32,JAWA BARAT,3273,KOTA BANDUNG,3273220,CIBEUNYING KALER,32.73.18,CIBEUNYING KALER,CIKUTRA INDAH RESIDENCE,4135,METER PERSEGI,2023
271,32,JAWA BARAT,3273,KOTA BANDUNG,3273220,CIBEUNYING KALER,32.73.18,CIBEUNYING KALER,CITRA GREEN GARDEN,12109,METER PERSEGI,2023
272,32,JAWA BARAT,3273,KOTA BANDUNG,3273220,CIBEUNYING KALER,32.73.18,CIBEUNYING KALER,CUKANG KAWUNG,915,METER PERSEGI,2023
273,32,JAWA BARAT,3273,KOTA BANDUNG,3273220,CIBEUNYING KALER,32.73.18,CIBEUNYING KALER,CUKANG KAWUNG ASRI,2797,METER PERSEGI,2023
274,32,JAWA BARAT,3273,KOTA BANDUNG,3273220,CIBEUNYING KALER,32.73.18,CIBEUNYING KALER,DE DANGAU CLUSTER,2730,METER PERSEGI,2023
275,32,JAWA BARAT,3273,KOTA BANDUNG,3273220,CIBEUNYING KALER,32.73.18,CIBEUNYING KALER,D'PLATINUM,2326,METER PERSEGI,2023
276,32,JAWA BARAT,3273,KOTA BANDUNG,3273220,CIBEUNYING KALER,32.73.18,CIBEUNYING KALER,GRAND PERMATA,2326,METER PERSEGI,2023
277,32,JAWA BARAT,3273,KOTA BANDUNG,3273220,CIBEUNYING KALER,32.73.18,CIBEUNYING KALER,GRIYA CIGADUNG BARU,7548,METER PERSEGI,2023
278,32,JAWA BARAT,3273,KOTA BANDUNG,3273220,CIBEUNYING KALER,32.73.18,CIBEUNYING KALER,KOMPLEK ARDINI,4892,METER PERSEGI,2023
279,32,JAWA BARAT,3273,KOTA BANDUNG,3273220,CIBEUNYING KALER,32.73.18,CIBEUNYING KALER,KOMPLEK BTN,8365,METER PERSEGI,2023
280,32,JAWA BARAT,3273,KOTA BANDUNG,3273220,CIBEUNYING KALER,32.73.18,CIBEUNYING KALER,KOMPLEK CIGADUNG 10E,8895,METER PERSEGI,2023
281,32,JAWA BARAT,3273,KOTA BANDUNG,3273220,CIBEUNYING KALER,32.73.18,CIBEUNYING KALER,KOMPLEK LA CASTURI,5077,METER PERSEGI,2023
282,32,JAWA BARAT,3273,KOTA BANDUNG,3273220,CIBEUNYING KALER,32.73.18,CIBEUNYING KALER,KOMPLEK PERMADANI,4848,METER PERSEGI,2023
283,32,JAWA BARAT,3273,KOTA BANDUNG,3273220,CIBEUNYING KALER,32.73.18,CIBEUNYING KALER,KOMPLEK RANCAKENDAL,116686,METER PERSEGI,2023
284,32,JAWA BARAT,3273,KOTA BANDUNG,3273220,CIBEUNYING KALER,32.73.18,CIBEUNYING KALER,MAHKOTA DEWA,3452,METER PERSEGI,2023
285,32,JAWA BARAT,3273,KOTA BANDUNG,3273220,CIBEUNYING KALER,32.73.18,CIBEUNYING KALER,PARAS CIGADUNG,6744,METER PERSEGI,2023
286,32,JAWA BARAT,3273,KOTA BANDUNG,3273220,CIBEUNYING KALER,32.73.18,CIBEUNYING KALER,PATIO PERDE 1,2311,METER PERSEGI,2023
287,32,JAWA BARAT,3273,KOTA BANDUNG,3273220,CIBEUNYING KALER,32.73.18,CIBEUNYING KALER,PATIO PERDE 2,5731,METER PERSEGI,2023
288,32,JAWA BARAT,3273,KOTA BANDUNG,3273220,CIBEUNYING KALER,32.73.18,CIBEUNYING KALER,PERUMNAS SUKALUYU,28231,METER PERSEGI,2023
289,32,JAWA BARAT,3273,KOTA BANDUNG,3273220,CIBEUNYING KALER,32.73.18,CIBEUNYING KALER,PONDOK CIGADUNG LESTARI,8728,METER PERSEGI,2023
290,32,JAWA BARAT,3273,KOTA BANDUNG,3273220,CIBEUNYING KALER,32.73.18,CIBEUNYING KALER,PROSPERA RESIDENCE,879,METER PERSEGI,2023
291,32,JAWA BARAT,3273,KOTA BANDUNG,3273220,CIBEUNYING KALER,32.73.18,CIBEUNYING KALER,QUARTA RESIDENCE,3986,METER PERSEGI,2023
292,32,JAWA BARAT,3273,KOTA BANDUNG,3273220,CIBEUNYING KALER,32.73.18,CIBEUNYING KALER,RANTING BAMBU 1,1196,METER PERSEGI,2023
293,32,JAWA BARAT,3273,KOTA BANDUNG,3273220,CIBEUNYING KALER,32.73.18,CIBEUNYING KALER,RANTING BAMBU 2,1842,METER PERSEGI,2023
294,32,JAWA BARAT,3273,KOTA BANDUNG,3273220,CIBEUNYING KALER,32.73.18,CIBEUNYING KALER,RERENG WULUNG INDAH,3782,METER PERSEGI,2023
295,32,JAWA BARAT,3273,KOTA BANDUNG,3273210,CIBEUNYING KIDUL,32.73.14,CIBEUNYING KIDUL,APARTEMEN ALLEGRIA (APARTEMEN),0,METER PERSEGI,2023
296,32,JAWA BARAT,3273,KOTA BANDUNG,3273210,CIBEUNYING KIDUL,32.73.14,CIBEUNYING KIDUL,BOJONG KONENG MAKMUR,22464,METER PERSEGI,2023
297,32,JAWA BARAT,3273,KOTA BANDUNG,3273210,CIBEUNYING KIDUL,32.73.14,CIBEUNYING KIDUL,BUMI ASRI PADASUKA,74905,METER PERSEGI,2023
298,32,JAWA BARAT,3273,KOTA BANDUNG,3273210,CIBEUNYING KIDUL,32.73.14,CIBEUNYING KIDUL,BUMI ASRI PASIRLEUTIK (TUGU ASRI),40920,METER PERSEGI,2023
299,32,JAWA BARAT,3273,KOTA BANDUNG,3273210,CIBEUNYING KIDUL,32.73.14,CIBEUNYING KIDUL,D'BAMBOO REGENCY,3177,METER PERSEGI,2023
300,32,JAWA BARAT,3273,KOTA BANDUNG,3273210,CIBEUNYING KIDUL,32.73.14,CIBEUNYING KIDUL,DELIMA CIKUTRA,4401,METER PERSEGI,2023
301,32,JAWA BARAT,3273,KOTA BANDUNG,3273210,CIBEUNYING KIDUL,32.73.14,CIBEUNYING KIDUL,GATEWAY PADASUKA (APARTEMEN),0,METER PERSEGI,2023
302,32,JAWA BARAT,3273,KOTA BANDUNG,3273210,CIBEUNYING KIDUL,32.73.14,CIBEUNYING KIDUL,GRAHA PADASUKA,8409,METER PERSEGI,2023
303,32,JAWA BARAT,3273,KOTA BANDUNG,3273210,CIBEUNYING KIDUL,32.73.14,CIBEUNYING KIDUL,GREEN VALLEY RESIDENCE,41295,METER PERSEGI,2023
304,32,JAWA BARAT,3273,KOTA BANDUNG,3273210,CIBEUNYING KIDUL,32.73.14,CIBEUNYING KIDUL,KAWASAKI,5632,METER PERSEGI,2023
305,32,JAWA BARAT,3273,KOTA BANDUNG,3273210,CIBEUNYING KIDUL,32.73.14,CIBEUNYING KIDUL,KOMPLEK PASIR LAYUNG ASRI,27345,METER PERSEGI,2023
306,32,JAWA BARAT,3273,KOTA BANDUNG,3273210,CIBEUNYING KIDUL,32.73.14,CIBEUNYING KIDUL,PADASUKA ESTATE,4250,METER PERSEGI,2023
307,32,JAWA BARAT,3273,KOTA BANDUNG,3273210,CIBEUNYING KIDUL,32.73.14,CIBEUNYING KIDUL,PADASUKA PARK,0,METER PERSEGI,2023
308,32,JAWA BARAT,3273,KOTA BANDUNG,3273210,CIBEUNYING KIDUL,32.73.14,CIBEUNYING KIDUL,PADASUKA ROYAL VIEW,1290,METER PERSEGI,2023
309,32,JAWA BARAT,3273,KOTA BANDUNG,3273210,CIBEUNYING KIDUL,32.73.14,CIBEUNYING KIDUL,PERUM BUMI ASRI,0,METER PERSEGI,2023
310,32,JAWA BARAT,3273,KOTA BANDUNG,3273210,CIBEUNYING KIDUL,32.73.14,CIBEUNYING KIDUL,SAUNG BOJONG,2703,METER PERSEGI,2023
311,32,JAWA BARAT,3273,KOTA BANDUNG,3273210,CIBEUNYING KIDUL,32.73.14,CIBEUNYING KIDUL,SUCI RESIDENCE,20733,METER PERSEGI,2023
312,32,JAWA BARAT,3273,KOTA BANDUNG,3273210,CIBEUNYING KIDUL,32.73.14,CIBEUNYING KIDUL,SURAPATI CORE,24135,METER PERSEGI,2023
313,32,JAWA BARAT,3273,KOTA BANDUNG,3273210,CIBEUNYING KIDUL,32.73.14,CIBEUNYING KIDUL,TERRACE HOUSE,5320,METER PERSEGI,2023
314,32,JAWA BARAT,3273,KOTA BANDUNG,3273210,CIBEUNYING KIDUL,32.73.14,CIBEUNYING KIDUL,THE GREEN PADASUKA,0,METER PERSEGI,2023
315,32,JAWA BARAT,3273,KOTA BANDUNG,3273210,CIBEUNYING KIDUL,32.73.14,CIBEUNYING KIDUL,VILLA SUKA LNDAH,3251,METER PERSEGI,2023
316,32,JAWA BARAT,3273,KOTA BANDUNG,3273110,CIBIRU,32.73.25,CIBIRU,ASTOM RESIDENCE,22559,METER PERSEGI,2023
317,32,JAWA BARAT,3273,KOTA BANDUNG,3273110,CIBIRU,32.73.25,CIBIRU,BARA MANGLAYANGÂ  / MANGLAYANG SARI,10381,METER PERSEGI,2023
318,32,JAWA BARAT,3273,KOTA BANDUNG,3273110,CIBIRU,32.73.25,CIBIRU,BUKIT CITRA ASRI,3443,METER PERSEGI,2023
319,32,JAWA BARAT,3273,KOTA BANDUNG,3273110,CIBIRU,32.73.25,CIBIRU,BUKIT CITRA BIRU,8115,METER PERSEGI,2023
320,32,JAWA BARAT,3273,KOTA BANDUNG,3273110,CIBIRU,32.73.25,CIBIRU,BUMI CILENGKRANG LNDAH,5219,METER PERSEGI,2023
321,32,JAWA BARAT,3273,KOTA BANDUNG,3273110,CIBIRU,32.73.25,CIBIRU,CILENGKRANG CITY VIEW,9022,METER PERSEGI,2023
322,32,JAWA BARAT,3273,KOTA BANDUNG,3273110,CIBIRU,32.73.25,CIBIRU,CIPADUNG PERMAI,30125,METER PERSEGI,2023
323,32,JAWA BARAT,3273,KOTA BANDUNG,3273110,CIBIRU,32.73.25,CIBIRU,CITRA BIRU,6887,METER PERSEGI,2023
324,32,JAWA BARAT,3273,KOTA BANDUNG,3273110,CIBIRU,32.73.25,CIBIRU,DE GREEN MANSION,15669,METER PERSEGI,2023
325,32,JAWA BARAT,3273,KOTA BANDUNG,3273110,CIBIRU,32.73.25,CIBIRU,DWIPAPURI RESIDENCE,30555,METER PERSEGI,2023
326,32,JAWA BARAT,3273,KOTA BANDUNG,3273110,CIBIRU,32.73.25,CIBIRU,EASTERN HILLS,65684,METER PERSEGI,2023
327,32,JAWA BARAT,3273,KOTA BANDUNG,3273110,CIBIRU,32.73.25,CIBIRU,GRAHA CIPADUNG,5616,METER PERSEGI,2023
328,32,JAWA BARAT,3273,KOTA BANDUNG,3273110,CIBIRU,32.73.25,CIBIRU,GRAHA MUTIARA,8205,METER PERSEGI,2023
329,32,JAWA BARAT,3273,KOTA BANDUNG,3273110,CIBIRU,32.73.25,CIBIRU,GRIYA CIPADUNG ASRI (CIGAGAK ASRI),9941,METER PERSEGI,2023
330,32,JAWA BARAT,3273,KOTA BANDUNG,3273110,CIBIRU,32.73.25,CIBIRU,GRIYA SAKINAH,4894,METER PERSEGI,2023
331,32,JAWA BARAT,3273,KOTA BANDUNG,3273110,CIBIRU,32.73.25,CIBIRU,KHARISMA LAND,1309,METER PERSEGI,2023
332,32,JAWA BARAT,3273,KOTA BANDUNG,3273110,CIBIRU,32.73.25,CIBIRU,KOMPLEK KOPEDI,19247,METER PERSEGI,2023
333,32,JAWA BARAT,3273,KOTA BANDUNG,3273110,CIBIRU,32.73.25,CIBIRU,KOMPLEK KSB,14801,METER PERSEGI,2023
334,32,JAWA BARAT,3273,KOTA BANDUNG,3273110,CIBIRU,32.73.25,CIBIRU,KOMPLEK PALASARI,31396,METER PERSEGI,2023
335,32,JAWA BARAT,3273,KOTA BANDUNG,3273110,CIBIRU,32.73.25,CIBIRU,KOMPLEK PUSKOPAD,66703,METER PERSEGI,2023
336,32,JAWA BARAT,3273,KOTA BANDUNG,3273110,CIBIRU,32.73.25,CIBIRU,KOMPLEK SAFIRA,6887,METER PERSEGI,2023
337,32,JAWA BARAT,3273,KOTA BANDUNG,3273110,CIBIRU,32.73.25,CIBIRU,KOMPLEK TIRTA WENING,33866,METER PERSEGI,2023
338,32,JAWA BARAT,3273,KOTA BANDUNG,3273110,CIBIRU,32.73.25,CIBIRU,KOMPLEK YAYASAN MARGASATWA (YKB),15790,METER PERSEGI,2023
339,32,JAWA BARAT,3273,KOTA BANDUNG,3273110,CIBIRU,32.73.25,CIBIRU,MENTARI REGENCY,5347,METER PERSEGI,2023
340,32,JAWA BARAT,3273,KOTA BANDUNG,3273110,CIBIRU,32.73.25,CIBIRU,MUTIARA RESIDENCE (CIPADUNG RESIDENCE),1527,METER PERSEGI,2023
341,32,JAWA BARAT,3273,KOTA BANDUNG,3273110,CIBIRU,32.73.25,CIBIRU,PALASARI HILLS,0,METER PERSEGI,2023
342,32,JAWA BARAT,3273,KOTA BANDUNG,3273110,CIBIRU,32.73.25,CIBIRU,PURI DENKA,1113,METER PERSEGI,2023
343,32,JAWA BARAT,3273,KOTA BANDUNG,3273110,CIBIRU,32.73.25,CIBIRU,RUMAH CEMARA,2806,METER PERSEGI,2023
344,32,JAWA BARAT,3273,KOTA BANDUNG,3273110,CIBIRU,32.73.25,CIBIRU,VIJAYA KUSUMA - NUANSA PERMAI,196471,METER PERSEGI,2023
345,32,JAWA BARAT,3273,KOTA BANDUNG,3273190,CICENDO,32.73.06,CICENDO,APARTEMEN LANDMARK (APARTEMEN),0,METER PERSEGI,2023
346,32,JAWA BARAT,3273,KOTA BANDUNG,3273190,CICENDO,32.73.06,CICENDO,BABAKAN RADIO,24358,METER PERSEGI,2023
347,32,JAWA BARAT,3273,KOTA BANDUNG,3273190,CICENDO,32.73.06,CICENDO,BALADEWA ASRI,24886,METER PERSEGI,2023
348,32,JAWA BARAT,3273,KOTA BANDUNG,3273190,CICENDO,32.73.06,CICENDO,BUMI SUKARAJA,8100,METER PERSEGI,2023
349,32,JAWA BARAT,3273,KOTA BANDUNG,3273190,CICENDO,32.73.06,CICENDO,CIPTA GRAHA,44947,METER PERSEGI,2023
350,32,JAWA BARAT,3273,KOTA BANDUNG,3273190,CICENDO,32.73.06,CICENDO,DAKOTA RAYA,14383,METER PERSEGI,2023
351,32,JAWA BARAT,3273,KOTA BANDUNG,3273190,CICENDO,32.73.06,CICENDO,D'LAPAN RESIDENCE,1451,METER PERSEGI,2023
352,32,JAWA BARAT,3273,KOTA BANDUNG,3273190,CICENDO,32.73.06,CICENDO,GARDENIA REGENCY,2975,METER PERSEGI,2023
353,32,JAWA BARAT,3273,KOTA BANDUNG,3273190,CICENDO,32.73.06,CICENDO,GATEWAY PASTEUR APARTMENT (APARTEMEN),0,METER PERSEGI,2023
354,32,JAWA BARAT,3273,KOTA BANDUNG,3273190,CICENDO,32.73.06,CICENDO,GATEWAY PASTEUR RESIDENCE,9796,METER PERSEGI,2023
355,32,JAWA BARAT,3273,KOTA BANDUNG,3273190,CICENDO,32.73.06,CICENDO,GRAHA INDAH,11251,METER PERSEGI,2023
356,32,JAWA BARAT,3273,KOTA BANDUNG,3273190,CICENDO,32.73.06,CICENDO,GREEN PASTEUR CULDESAK,4228,METER PERSEGI,2023
357,32,JAWA BARAT,3273,KOTA BANDUNG,3273190,CICENDO,32.73.06,CICENDO,ISTANA PASTEUR,24732,METER PERSEGI,2023
358,32,JAWA BARAT,3273,KOTA BANDUNG,3273190,CICENDO,32.73.06,CICENDO,ISTANA REGENCY 1,33751,METER PERSEGI,2023
359,32,JAWA BARAT,3273,KOTA BANDUNG,3273190,CICENDO,32.73.06,CICENDO,ISTANA REGENCY 2,37012,METER PERSEGI,2023
360,32,JAWA BARAT,3273,KOTA BANDUNG,3273190,CICENDO,32.73.06,CICENDO,KOMPLEK AURI,82285,METER PERSEGI,2023
361,32,JAWA BARAT,3273,KOTA BANDUNG,3273190,CICENDO,32.73.06,CICENDO,KOMPLEK LAPAN,3205,METER PERSEGI,2023
362,32,JAWA BARAT,3273,KOTA BANDUNG,3273190,CICENDO,32.73.06,CICENDO,KOMPLEK PJKA,14243,METER PERSEGI,2023
363,32,JAWA BARAT,3273,KOTA BANDUNG,3273190,CICENDO,32.73.06,CICENDO,KOMPLEK UNPAR,10721,METER PERSEGI,2023
364,32,JAWA BARAT,3273,KOTA BANDUNG,3273190,CICENDO,32.73.06,CICENDO,KOMPLEK UNPAR,1428,METER PERSEGI,2023
365,32,JAWA BARAT,3273,KOTA BANDUNG,3273190,CICENDO,32.73.06,CICENDO,MEGA ASRI 2,6423,METER PERSEGI,2023
366,32,JAWA BARAT,3273,KOTA BANDUNG,3273190,CICENDO,32.73.06,CICENDO,MEGA MEKAR,2300,METER PERSEGI,2023
367,32,JAWA BARAT,3273,KOTA BANDUNG,3273190,CICENDO,32.73.06,CICENDO,MEGA RAYA,15553,METER PERSEGI,2023
368,32,JAWA BARAT,3273,KOTA BANDUNG,3273190,CICENDO,32.73.06,CICENDO,MEGA RAYA RESIDENCE,4856,METER PERSEGI,2023
369,32,JAWA BARAT,3273,KOTA BANDUNG,3273190,CICENDO,32.73.06,CICENDO,MILLENIUM REGENCY,11323,METER PERSEGI,2023
370,32,JAWA BARAT,3273,KOTA BANDUNG,3273190,CICENDO,32.73.06,CICENDO,PESONA PASTEUR RESIDENCE,33763,METER PERSEGI,2023
371,32,JAWA BARAT,3273,KOTA BANDUNG,3273190,CICENDO,32.73.06,CICENDO,RUSUN LNDUSTRI,0,METER PERSEGI,2023
372,32,JAWA BARAT,3273,KOTA BANDUNG,3273190,CICENDO,32.73.06,CICENDO,TAMAN MILLENIUM,26102,METER PERSEGI,2023
373,32,JAWA BARAT,3273,KOTA BANDUNG,3273190,CICENDO,32.73.06,CICENDO,THE RESIDENCE MEGA ASRI,4106,METER PERSEGI,2023
374,32,JAWA BARAT,3273,KOTA BANDUNG,3273190,CICENDO,32.73.06,CICENDO,VILLA KENDARSI,6360,METER PERSEGI,2023
375,32,JAWA BARAT,3273,KOTA BANDUNG,3273260,CIDADAP,32.73.08,CIDADAP,ALLEGRO ALTURA,0,METER PERSEGI,2023
376,32,JAWA BARAT,3273,KOTA BANDUNG,3273260,CIDADAP,32.73.08,CIDADAP,APARTEMEN PARAHYANGAN RESIDENCE (APARTEMEN),0,METER PERSEGI,2023
377,32,JAWA BARAT,3273,KOTA BANDUNG,3273260,CIDADAP,32.73.08,CIDADAP,AVIANTO RESIDENCE,1840,METER PERSEGI,2023
378,32,JAWA BARAT,3273,KOTA BANDUNG,3273260,CIDADAP,32.73.08,CIDADAP,BUDI SARI,120196,METER PERSEGI,2023
379,32,JAWA BARAT,3273,KOTA BANDUNG,3273260,CIDADAP,32.73.08,CIDADAP,CENDANA RESIDENCE / TJENDANA TOWNHOUSE,0,METER PERSEGI,2023
380,32,JAWA BARAT,3273,KOTA BANDUNG,3273260,CIDADAP,32.73.08,CIDADAP,CIDADAP GIRANG,12790,METER PERSEGI,2023
381,32,JAWA BARAT,3273,KOTA BANDUNG,3273260,CIDADAP,32.73.08,CIDADAP,CIDADAP GIRANG BARU,22440,METER PERSEGI,2023
382,32,JAWA BARAT,3273,KOTA BANDUNG,3273260,CIDADAP,32.73.08,CIDADAP,CIPAKU INDAH,89670,METER PERSEGI,2023
383,32,JAWA BARAT,3273,KOTA BANDUNG,3273260,CIDADAP,32.73.08,CIDADAP,CIPAKU LNDAH BLOK KADU,0,METER PERSEGI,2023
384,32,JAWA BARAT,3273,KOTA BANDUNG,3273260,CIDADAP,32.73.08,CIDADAP,CIPAKU PERMAI,5969,METER PERSEGI,2023
385,32,JAWA BARAT,3273,KOTA BANDUNG,3273260,CIDADAP,32.73.08,CIDADAP,CITRA GREEN,254864,METER PERSEGI,2023
386,32,JAWA BARAT,3273,KOTA BANDUNG,3273260,CIDADAP,32.73.08,CIDADAP,CIUMBULEUIT REGENCY,16699,METER PERSEGI,2023
387,32,JAWA BARAT,3273,KOTA BANDUNG,3273260,CIDADAP,32.73.08,CIDADAP,DAGO PANDAWA,0,METER PERSEGI,2023
388,32,JAWA BARAT,3273,KOTA BANDUNG,3273260,CIDADAP,32.73.08,CIDADAP,DAGO SMART VALLEY,0,METER PERSEGI,2023
389,32,JAWA BARAT,3273,KOTA BANDUNG,3273260,CIDADAP,32.73.08,CIDADAP,DE BALE PAKUAN,11871,METER PERSEGI,2023
390,32,JAWA BARAT,3273,KOTA BANDUNG,3273260,CIDADAP,32.73.08,CIDADAP,GALLERY CIUMBULEUIT APARTMENT (APARTEMEN),0,METER PERSEGI,2023
391,32,JAWA BARAT,3273,KOTA BANDUNG,3273260,CIDADAP,32.73.08,CIDADAP,GALLERY CIUMBULEUIT APARTMENT 2 (APARTEMEN),0,METER PERSEGI,2023
392,32,JAWA BARAT,3273,KOTA BANDUNG,3273260,CIDADAP,32.73.08,CIDADAP,GRAND SETIABUDI APARTMENT (APARTEMEN),0,METER PERSEGI,2023
393,32,JAWA BARAT,3273,KOTA BANDUNG,3273260,CIDADAP,32.73.08,CIDADAP,GREEN HILL,44771,METER PERSEGI,2023
394,32,JAWA BARAT,3273,KOTA BANDUNG,3273260,CIDADAP,32.73.08,CIDADAP,KOMPLEK CIDADAP,12790,METER PERSEGI,2023
395,32,JAWA BARAT,3273,KOTA BANDUNG,3273260,CIDADAP,32.73.08,CIDADAP,KOMPLEK LIPI,4273,METER PERSEGI,2023
396,32,JAWA BARAT,3273,KOTA BANDUNG,3273260,CIDADAP,32.73.08,CIDADAP,KOMPLEK PALECIO,5155,METER PERSEGI,2023
397,32,JAWA BARAT,3273,KOTA BANDUNG,3273260,CIDADAP,32.73.08,CIDADAP,RANCABENTANG TOWNHOUSE,1573,METER PERSEGI,2023
398,32,JAWA BARAT,3273,KOTA BANDUNG,3273260,CIDADAP,32.73.08,CIDADAP,SURYA CIUMBULEUIT RESIDENCE,1982,METER PERSEGI,2023
399,32,JAWA BARAT,3273,KOTA BANDUNG,3273260,CIDADAP,32.73.08,CIDADAP,TAMAN CIKENDI,3129,METER PERSEGI,2023
400,32,JAWA BARAT,3273,KOTA BANDUNG,3273260,CIDADAP,32.73.08,CIDADAP,THE GREEN CIUMBULEUIT,6107,METER PERSEGI,2023
401,32,JAWA BARAT,3273,KOTA BANDUNG,3273260,CIDADAP,32.73.08,CIDADAP,THE SETIABUDHI TERRACE,46599,METER PERSEGI,2023
402,32,JAWA BARAT,3273,KOTA BANDUNG,3273121,CINAMBO,32.73.29,CINAMBO,ANDARU RESIDENCE,7487,METER PERSEGI,2023
403,32,JAWA BARAT,3273,KOTA BANDUNG,3273121,CINAMBO,32.73.29,CINAMBO,ANGGREK RESIDENCE,12822,METER PERSEGI,2023
404,32,JAWA BARAT,3273,KOTA BANDUNG,3273121,CINAMBO,32.73.29,CINAMBO,BANDUNG TIMUR REGENCY,36808,METER PERSEGI,2023
405,32,JAWA BARAT,3273,KOTA BANDUNG,3273121,CINAMBO,32.73.29,CINAMBO,BUMI GOLF LESTARI,120000,METER PERSEGI,2023
406,32,JAWA BARAT,3273,KOTA BANDUNG,3273121,CINAMBO,32.73.29,CINAMBO,CINAMBO LNDAH,49617,METER PERSEGI,2023
407,32,JAWA BARAT,3273,KOTA BANDUNG,3273121,CINAMBO,32.73.29,CINAMBO,GRAHA PESONA,24879,METER PERSEGI,2023
408,32,JAWA BARAT,3273,KOTA BANDUNG,3273121,CINAMBO,32.73.29,CINAMBO,KOMPLEK ASIFA/PADMA,6939,METER PERSEGI,2023
409,32,JAWA BARAT,3273,KOTA BANDUNG,3273121,CINAMBO,32.73.29,CINAMBO,KOMPLEK CIPADUNG,96282,METER PERSEGI,2023
410,32,JAWA BARAT,3273,KOTA BANDUNG,3273121,CINAMBO,32.73.29,CINAMBO,KOMPLEK LARISA,4279,METER PERSEGI,2023
411,32,JAWA BARAT,3273,KOTA BANDUNG,3273121,CINAMBO,32.73.29,CINAMBO,KOMPLEK SANDANG,10804,METER PERSEGI,2023
412,32,JAWA BARAT,3273,KOTA BANDUNG,3273121,CINAMBO,32.73.29,CINAMBO,MY HOME CINAMBO,0,METER PERSEGI,2023
413,32,JAWA BARAT,3273,KOTA BANDUNG,3273230,COBLONG,32.73.02,COBLONG,ALAMANDA DAGO PERMAI,53878,METER PERSEGI,2023
414,32,JAWA BARAT,3273,KOTA BANDUNG,3273230,COBLONG,32.73.02,COBLONG,APARTEMEN LIVERA (APARTEMEN),0,METER PERSEGI,2023
415,32,JAWA BARAT,3273,KOTA BANDUNG,3273230,COBLONG,32.73.02,COBLONG,BUKIT DAGO SELATAN TOWN HOUSE,25767,METER PERSEGI,2023
416,32,JAWA BARAT,3273,KOTA BANDUNG,3273230,COBLONG,32.73.02,COBLONG,CAPITOL DAGO VALLEY,0,METER PERSEGI,2023
417,32,JAWA BARAT,3273,KOTA BANDUNG,3273230,COBLONG,32.73.02,COBLONG,CIPAGANTI PERMAI,25878,METER PERSEGI,2023
418,32,JAWA BARAT,3273,KOTA BANDUNG,3273230,COBLONG,32.73.02,COBLONG,CISITU TOWNHOUSE,3025,METER PERSEGI,2023
419,32,JAWA BARAT,3273,KOTA BANDUNG,3273230,COBLONG,32.73.02,COBLONG,DAGO ASRI,56122,METER PERSEGI,2023
420,32,JAWA BARAT,3273,KOTA BANDUNG,3273230,COBLONG,32.73.02,COBLONG,DAGO SUITES APARTMENT (APARTEMEN),0,METER PERSEGI,2023
421,32,JAWA BARAT,3273,KOTA BANDUNG,3273230,COBLONG,32.73.02,COBLONG,GRAND ROYAL PANGHEGAR (KONDOTEL),0,METER PERSEGI,2023
422,32,JAWA BARAT,3273,KOTA BANDUNG,3273230,COBLONG,32.73.02,COBLONG,GRIYA TUBAGUS ISMAIL,5949,METER PERSEGI,2023
423,32,JAWA BARAT,3273,KOTA BANDUNG,3273230,COBLONG,32.73.02,COBLONG,HQUARTERS BUSSINESS RESIDENCE (KANTOR SEWA),0,METER PERSEGI,2023
424,32,JAWA BARAT,3273,KOTA BANDUNG,3273230,COBLONG,32.73.02,COBLONG,KAMPOENG DAGO 1,4317,METER PERSEGI,2023
425,32,JAWA BARAT,3273,KOTA BANDUNG,3273230,COBLONG,32.73.02,COBLONG,KAMPOENG DAGO 2,3146,METER PERSEGI,2023
426,32,JAWA BARAT,3273,KOTA BANDUNG,3273230,COBLONG,32.73.02,COBLONG,KAMPUNG PADI,43819,METER PERSEGI,2023
427,32,JAWA BARAT,3273,KOTA BANDUNG,3273230,COBLONG,32.73.02,COBLONG,KOMPLEK BATAN,12248,METER PERSEGI,2023
428,32,JAWA BARAT,3273,KOTA BANDUNG,3273230,COBLONG,32.73.02,COBLONG,KOMPLEK DDK,7264,METER PERSEGI,2023
429,32,JAWA BARAT,3273,KOTA BANDUNG,3273230,COBLONG,32.73.02,COBLONG,KOMPLEK DOSEN LTB KANAYAKAN,18880,METER PERSEGI,2023
430,32,JAWA BARAT,3273,KOTA BANDUNG,3273230,COBLONG,32.73.02,COBLONG,KOMPLEK DOSEN UNPAD,4775,METER PERSEGI,2023
431,32,JAWA BARAT,3273,KOTA BANDUNG,3273230,COBLONG,32.73.02,COBLONG,KOMPLEK PPTM,2275,METER PERSEGI,2023
432,32,JAWA BARAT,3273,KOTA BANDUNG,3273230,COBLONG,32.73.02,COBLONG,KOMPLEK PUSLITBANG PENGAIRAN,3377,METER PERSEGI,2023
433,32,JAWA BARAT,3273,KOTA BANDUNG,3273230,COBLONG,32.73.02,COBLONG,LEMBAH CISITU,4279,METER PERSEGI,2023
434,32,JAWA BARAT,3273,KOTA BANDUNG,3273230,COBLONG,32.73.02,COBLONG,LEMBAH TUBAGUS ISMAIL,42042,METER PERSEGI,2023
435,32,JAWA BARAT,3273,KOTA BANDUNG,3273230,COBLONG,32.73.02,COBLONG,PERUMNAS SADANG SERANG,150556,METER PERSEGI,2023
436,32,JAWA BARAT,3273,KOTA BANDUNG,3273101,GEDEBAGE,32.73.27,GEDEBAGE,BUANA SOETTA,67983,METER PERSEGI,2023
437,32,JAWA BARAT,3273,KOTA BANDUNG,3273101,GEDEBAGE,32.73.27,GEDEBAGE,BUMI ADIPURA,622013,METER PERSEGI,2023
438,32,JAWA BARAT,3273,KOTA BANDUNG,3273101,GEDEBAGE,32.73.27,GEDEBAGE,BUMI PITALOKA,15399,METER PERSEGI,2023
439,32,JAWA BARAT,3273,KOTA BANDUNG,3273101,GEDEBAGE,32.73.27,GEDEBAGE,GRIYA CEMPAKA ARUM,351352,METER PERSEGI,2023
440,32,JAWA BARAT,3273,KOTA BANDUNG,3273101,GEDEBAGE,32.73.27,GEDEBAGE,RIUNG GEDE,20105,METER PERSEGI,2023
441,32,JAWA BARAT,3273,KOTA BANDUNG,3273101,GEDEBAGE,32.73.27,GEDEBAGE,SUMMARECON,179675,METER PERSEGI,2023
442,32,JAWA BARAT,3273,KOTA BANDUNG,3273150,KIARACONDONG,32.73.16,KIARACONDONG,BUMI ASRI SUKAPURA,78347,METER PERSEGI,2023
443,32,JAWA BARAT,3273,KOTA BANDUNG,3273150,KIARACONDONG,32.73.16,KIARACONDONG,CLUSTER BALI 1,7207,METER PERSEGI,2023
444,32,JAWA BARAT,3273,KOTA BANDUNG,3273150,KIARACONDONG,32.73.16,KIARACONDONG,CLUSTER BALI 2,18562,METER PERSEGI,2023
445,32,JAWA BARAT,3273,KOTA BANDUNG,3273150,KIARACONDONG,32.73.16,KIARACONDONG,DAI-LCHI ANTAPANI,21738,METER PERSEGI,2023
446,32,JAWA BARAT,3273,KOTA BANDUNG,3273150,KIARACONDONG,32.73.16,KIARACONDONG,KOMPLEK WISMA TELADAN,3185,METER PERSEGI,2023
447,32,JAWA BARAT,3273,KOTA BANDUNG,3273150,KIARACONDONG,32.73.16,KIARACONDONG,KPAD PINDAD UTARA,26161,METER PERSEGI,2023
448,32,JAWA BARAT,3273,KOTA BANDUNG,3273150,KIARACONDONG,32.73.16,KIARACONDONG,SARI LNDAH RESIDENCE,2942,METER PERSEGI,2023
449,32,JAWA BARAT,3273,KOTA BANDUNG,3273150,KIARACONDONG,32.73.16,KIARACONDONG,SULAKSANA MAKMUR,12117,METER PERSEGI,2023
450,32,JAWA BARAT,3273,KOTA BANDUNG,3273150,KIARACONDONG,32.73.16,KIARACONDONG,TAMAN RAFFLESIA,42525,METER PERSEGI,2023
451,32,JAWA BARAT,3273,KOTA BANDUNG,3273150,KIARACONDONG,32.73.16,KIARACONDONG,VILLA ANTAPANI INDAH,9571,METER PERSEGI,2023
452,32,JAWA BARAT,3273,KOTA BANDUNG,3273070,LENGKONG,32.73.13,LENGKONG,KOMPLEK B.I,5421,METER PERSEGI,2023
453,32,JAWA BARAT,3273,KOTA BANDUNG,3273070,LENGKONG,32.73.13,LENGKONG,KOMPLEK BINAMARGA,25083,METER PERSEGI,2023
454,32,JAWA BARAT,3273,KOTA BANDUNG,3273070,LENGKONG,32.73.13,LENGKONG,KOMPLEK P & K,45153,METER PERSEGI,2023
455,32,JAWA BARAT,3273,KOTA BANDUNG,3273070,LENGKONG,32.73.13,LENGKONG,KOMPLEK PENGAIRAN & METROLOGI,14613,METER PERSEGI,2023
456,32,JAWA BARAT,3273,KOTA BANDUNG,3273070,LENGKONG,32.73.13,LENGKONG,KOMPLEK PIN,5024,METER PERSEGI,2023
457,32,JAWA BARAT,3273,KOTA BANDUNG,3273070,LENGKONG,32.73.13,LENGKONG,KOMPLEK POSTEL,18313,METER PERSEGI,2023
458,32,JAWA BARAT,3273,KOTA BANDUNG,3273070,LENGKONG,32.73.13,LENGKONG,KOMPLEK WARTAWAN,28257,METER PERSEGI,2023
459,32,JAWA BARAT,3273,KOTA BANDUNG,3273070,LENGKONG,32.73.13,LENGKONG,PUTERAKO INDAH,189364,METER PERSEGI,2023
460,32,JAWA BARAT,3273,KOTA BANDUNG,3273070,LENGKONG,32.73.13,LENGKONG,THE GREEN KOSAMBI (APARTEMENT),0,METER PERSEGI,2023
461,32,JAWA BARAT,3273,KOTA BANDUNG,3273142,MANDALAJATI,32.73.30,MANDALAJATI,BANDUNG CITY VIEW 1,71252,METER PERSEGI,2023
462,32,JAWA BARAT,3273,KOTA BANDUNG,3273142,MANDALAJATI,32.73.30,MANDALAJATI,BANDUNG CITY VIEW 2,42645,METER PERSEGI,2023
463,32,JAWA BARAT,3273,KOTA BANDUNG,3273142,MANDALAJATI,32.73.30,MANDALAJATI,BUKIT PAJAJARAN,90144,METER PERSEGI,2023
464,32,JAWA BARAT,3273,KOTA BANDUNG,3273142,MANDALAJATI,32.73.30,MANDALAJATI,BUMI PASUNDAN,31087,METER PERSEGI,2023
465,32,JAWA BARAT,3273,KOTA BANDUNG,3273142,MANDALAJATI,32.73.30,MANDALAJATI,BUMI SINDANG JAYA,15203,METER PERSEGI,2023
466,32,JAWA BARAT,3273,KOTA BANDUNG,3273142,MANDALAJATI,32.73.30,MANDALAJATI,CITRA WANAGARI RESIDENCE,6213,METER PERSEGI,2023
467,32,JAWA BARAT,3273,KOTA BANDUNG,3273142,MANDALAJATI,32.73.30,MANDALAJATI,CITY GARDEN RESIDENCE,24164,METER PERSEGI,2023
468,32,JAWA BARAT,3273,KOTA BANDUNG,3273142,MANDALAJATI,32.73.30,MANDALAJATI,GIRI MANDE,39619,METER PERSEGI,2023
469,32,JAWA BARAT,3273,KOTA BANDUNG,3273142,MANDALAJATI,32.73.30,MANDALAJATI,GRAND PANORAMIC RESIDENCE,23105,METER PERSEGI,2023
470,32,JAWA BARAT,3273,KOTA BANDUNG,3273142,MANDALAJATI,32.73.30,MANDALAJATI,GRAND PARAHYANGAN,7374,METER PERSEGI,2023
471,32,JAWA BARAT,3273,KOTA BANDUNG,3273142,MANDALAJATI,32.73.30,MANDALAJATI,GREEN CITYÂ  VIEW,49548,METER PERSEGI,2023
472,32,JAWA BARAT,3273,KOTA BANDUNG,3273142,MANDALAJATI,32.73.30,MANDALAJATI,GREEN GARDEN VIEW,9064,METER PERSEGI,2023
473,32,JAWA BARAT,3273,KOTA BANDUNG,3273142,MANDALAJATI,32.73.30,MANDALAJATI,GREEN HILLS,10111,METER PERSEGI,2023
474,32,JAWA BARAT,3273,KOTA BANDUNG,3273142,MANDALAJATI,32.73.30,MANDALAJATI,GREEN VALLEY RESIDENCE,6602,METER PERSEGI,2023
475,32,JAWA BARAT,3273,KOTA BANDUNG,3273142,MANDALAJATI,32.73.30,MANDALAJATI,HARMONI SINDANGLAYA,6641,METER PERSEGI,2023
476,32,JAWA BARAT,3273,KOTA BANDUNG,3273142,MANDALAJATI,32.73.30,MANDALAJATI,KOMPLEK ATPUT,9115,METER PERSEGI,2023
477,32,JAWA BARAT,3273,KOTA BANDUNG,3273142,MANDALAJATI,32.73.30,MANDALAJATI,KOMPLEK HARMONI,13412,METER PERSEGI,2023
478,32,JAWA BARAT,3273,KOTA BANDUNG,3273142,MANDALAJATI,32.73.30,MANDALAJATI,KOMPLEK KEJAKSAAN TINGGI NEGERI,15809,METER PERSEGI,2023
479,32,JAWA BARAT,3273,KOTA BANDUNG,3273142,MANDALAJATI,32.73.30,MANDALAJATI,KOMPLEK MANDALA,49796,METER PERSEGI,2023
480,32,JAWA BARAT,3273,KOTA BANDUNG,3273142,MANDALAJATI,32.73.30,MANDALAJATI,KOMPLEK SUKAASIH,204177,METER PERSEGI,2023
481,32,JAWA BARAT,3273,KOTA BANDUNG,3273142,MANDALAJATI,32.73.30,MANDALAJATI,KOMPLEK VALLEY,7472,METER PERSEGI,2023
482,32,JAWA BARAT,3273,KOTA BANDUNG,3273142,MANDALAJATI,32.73.30,MANDALAJATI,LEMAH ENDAH,19639,METER PERSEGI,2023
483,32,JAWA BARAT,3273,KOTA BANDUNG,3273142,MANDALAJATI,32.73.30,MANDALAJATI,MANDE ASRI,1620,METER PERSEGI,2023
484,32,JAWA BARAT,3273,KOTA BANDUNG,3273142,MANDALAJATI,32.73.30,MANDALAJATI,MEGA REGENCY,21777,METER PERSEGI,2023
485,32,JAWA BARAT,3273,KOTA BANDUNG,3273142,MANDALAJATI,32.73.30,MANDALAJATI,PARK HILLS,1182,METER PERSEGI,2023
486,32,JAWA BARAT,3273,KOTA BANDUNG,3273142,MANDALAJATI,32.73.30,MANDALAJATI,PASIR LMPUN VALLEY,8903,METER PERSEGI,2023
487,32,JAWA BARAT,3273,KOTA BANDUNG,3273142,MANDALAJATI,32.73.30,MANDALAJATI,PONDOK ALAM HARMONI,3585,METER PERSEGI,2023
488,32,JAWA BARAT,3273,KOTA BANDUNG,3273142,MANDALAJATI,32.73.30,MANDALAJATI,PONDOK ALAM RESIK,5797,METER PERSEGI,2023
489,32,JAWA BARAT,3273,KOTA BANDUNG,3273142,MANDALAJATI,32.73.30,MANDALAJATI,PONDOK GIRI MANDE,26551,METER PERSEGI,2023
490,32,JAWA BARAT,3273,KOTA BANDUNG,3273142,MANDALAJATI,32.73.30,MANDALAJATI,PURI JATIHANDAP RESIDENCE,6671,METER PERSEGI,2023
491,32,JAWA BARAT,3273,KOTA BANDUNG,3273142,MANDALAJATI,32.73.30,MANDALAJATI,SAKURA ESTATE,7294,METER PERSEGI,2023
492,32,JAWA BARAT,3273,KOTA BANDUNG,3273142,MANDALAJATI,32.73.30,MANDALAJATI,SAYANA D'VILLAGE,11809,METER PERSEGI,2023
493,32,JAWA BARAT,3273,KOTA BANDUNG,3273142,MANDALAJATI,32.73.30,MANDALAJATI,SEKEBIRU TOWNHOUSE,0,METER PERSEGI,2023
494,32,JAWA BARAT,3273,KOTA BANDUNG,3273142,MANDALAJATI,32.73.30,MANDALAJATI,SUNRISE HILL RESIDENCE,11864,METER PERSEGI,2023
495,32,JAWA BARAT,3273,KOTA BANDUNG,3273142,MANDALAJATI,32.73.30,MANDALAJATI,TAMAN SARI BUKIT BANDUNG,138001,METER PERSEGI,2023
496,32,JAWA BARAT,3273,KOTA BANDUNG,3273111,PANYILEUKAN,32.73.28,PANYILEUKAN,BUMI ASRI UJUNG BERUNG,19818,METER PERSEGI,2023
497,32,JAWA BARAT,3273,KOTA BANDUNG,3273111,PANYILEUKAN,32.73.28,PANYILEUKAN,BUMI PANYILEUKAN,478098,METER PERSEGI,2023
498,32,JAWA BARAT,3273,KOTA BANDUNG,3273111,PANYILEUKAN,32.73.28,PANYILEUKAN,CLUSTER MUTIARA,7342,METER PERSEGI,2023
499,32,JAWA BARAT,3273,KOTA BANDUNG,3273111,PANYILEUKAN,32.73.28,PANYILEUKAN,CLUSTER PANGHEGAR,3310,METER PERSEGI,2023
500,32,JAWA BARAT,3273,KOTA BANDUNG,3273111,PANYILEUKAN,32.73.28,PANYILEUKAN,GONDANGDIA RESIDENCE 1&2,14487,METER PERSEGI,2023
501,32,JAWA BARAT,3273,KOTA BANDUNG,3273111,PANYILEUKAN,32.73.28,PANYILEUKAN,GRAHA PANYILEUKAN ASRI,13990,METER PERSEGI,2023
502,32,JAWA BARAT,3273,KOTA BANDUNG,3273111,PANYILEUKAN,32.73.28,PANYILEUKAN,GRAND UJUNG BERUNG,0,METER PERSEGI,2023
503,32,JAWA BARAT,3273,KOTA BANDUNG,3273111,PANYILEUKAN,32.73.28,PANYILEUKAN,MY HOME UJUNG BERUNG,12234,METER PERSEGI,2023
504,32,JAWA BARAT,3273,KOTA BANDUNG,3273111,PANYILEUKAN,32.73.28,PANYILEUKAN,PANGHEGAR PERMAI,199444,METER PERSEGI,2023
505,32,JAWA BARAT,3273,KOTA BANDUNG,3273111,PANYILEUKAN,32.73.28,PANYILEUKAN,PANYILEUKAN ASRI RESIDENCE,7602,METER PERSEGI,2023
506,32,JAWA BARAT,3273,KOTA BANDUNG,3273111,PANYILEUKAN,32.73.28,PANYILEUKAN,PANYILEUKAN REGENCY,7289,METER PERSEGI,2023
507,32,JAWA BARAT,3273,KOTA BANDUNG,3273111,PANYILEUKAN,32.73.28,PANYILEUKAN,PATRA ASIH (PERTAMINA),129919,METER PERSEGI,2023
508,32,JAWA BARAT,3273,KOTA BANDUNG,3273111,PANYILEUKAN,32.73.28,PANYILEUKAN,PERMATA MEKAR MULYA,8950,METER PERSEGI,2023
509,32,JAWA BARAT,3273,KOTA BANDUNG,3273111,PANYILEUKAN,32.73.28,PANYILEUKAN,SUKAMAJU RESIDENCE,8841,METER PERSEGI,2023
510,32,JAWA BARAT,3273,KOTA BANDUNG,3273111,PANYILEUKAN,32.73.28,PANYILEUKAN,TAMAN CIPADUNG LNDAH,81388,METER PERSEGI,2023
511,32,JAWA BARAT,3273,KOTA BANDUNG,3273100,RANCASARI,32.73.23,RANCASARI,ARYA GRAHA,179982,METER PERSEGI,2023
512,32,JAWA BARAT,3273,KOTA BANDUNG,3273100,RANCASARI,32.73.23,RANCASARI,BANDUNG INTEN LNDAH,117283,METER PERSEGI,2023
513,32,JAWA BARAT,3273,KOTA BANDUNG,3273100,RANCASARI,32.73.23,RANCASARI,BANYU BIRU,13365,METER PERSEGI,2023
514,32,JAWA BARAT,3273,KOTA BANDUNG,3273100,RANCASARI,32.73.23,RANCASARI,BANYU BIRU INDAH,4416,METER PERSEGI,2023
515,32,JAWA BARAT,3273,KOTA BANDUNG,3273100,RANCASARI,32.73.23,RANCASARI,BANYU BIRU REGENCY,70546,METER PERSEGI,2023
516,32,JAWA BARAT,3273,KOTA BANDUNG,3273100,RANCASARI,32.73.23,RANCASARI,BATU KARANG RESIDENCE,10281,METER PERSEGI,2023
517,32,JAWA BARAT,3273,KOTA BANDUNG,3273100,RANCASARI,32.73.23,RANCASARI,BATU RADEN ASRI,13534,METER PERSEGI,2023
518,32,JAWA BARAT,3273,KOTA BANDUNG,3273100,RANCASARI,32.73.23,RANCASARI,BATU RADEN INDAH RESIDENCE,4060,METER PERSEGI,2023
519,32,JAWA BARAT,3273,KOTA BANDUNG,3273100,RANCASARI,32.73.23,RANCASARI,CIPAGANTI RAHAYU,51838,METER PERSEGI,2023
520,32,JAWA BARAT,3273,KOTA BANDUNG,3273100,RANCASARI,32.73.23,RANCASARI,CIPTA KARYA,11859,METER PERSEGI,2023
521,32,JAWA BARAT,3273,KOTA BANDUNG,3273100,RANCASARI,32.73.23,RANCASARI,CIPTA PESONA,9382,METER PERSEGI,2023
522,32,JAWA BARAT,3273,KOTA BANDUNG,3273100,RANCASARI,32.73.23,RANCASARI,CLUSTER BATU KARANG,7625,METER PERSEGI,2023
523,32,JAWA BARAT,3273,KOTA BANDUNG,3273100,RANCASARI,32.73.23,RANCASARI,CLUSTER GRAHA MARS,12780,METER PERSEGI,2023
524,32,JAWA BARAT,3273,KOTA BANDUNG,3273100,RANCASARI,32.73.23,RANCASARI,DE MARAKESH,125182,METER PERSEGI,2023
525,32,JAWA BARAT,3273,KOTA BANDUNG,3273100,RANCASARI,32.73.23,RANCASARI,DERWATI MAS,54631,METER PERSEGI,2023
526,32,JAWA BARAT,3273,KOTA BANDUNG,3273100,RANCASARI,32.73.23,RANCASARI,D'JARDENA TOWNHOUSE,4492,METER PERSEGI,2023
527,32,JAWA BARAT,3273,KOTA BANDUNG,3273100,RANCASARI,32.73.23,RANCASARI,GRAHA ASIH,8061,METER PERSEGI,2023
528,32,JAWA BARAT,3273,KOTA BANDUNG,3273100,RANCASARI,32.73.23,RANCASARI,GRAHA BATU KARANG,45834,METER PERSEGI,2023
529,32,JAWA BARAT,3273,KOTA BANDUNG,3273100,RANCASARI,32.73.23,RANCASARI,GRAHA MARS RAYA,2805,METER PERSEGI,2023
530,32,JAWA BARAT,3273,KOTA BANDUNG,3273100,RANCASARI,32.73.23,RANCASARI,GRAND SHARON RESIDENCE,249278,METER PERSEGI,2023
531,32,JAWA BARAT,3273,KOTA BANDUNG,3273100,RANCASARI,32.73.23,RANCASARI,GRIYA SALUYU,18806,METER PERSEGI,2023
532,32,JAWA BARAT,3273,KOTA BANDUNG,3273100,RANCASARI,32.73.23,RANCASARI,JINGGA RESIDENCE,22564,METER PERSEGI,2023
533,32,JAWA BARAT,3273,KOTA BANDUNG,3273100,RANCASARI,32.73.23,RANCASARI,KAWISTARA RESIDENCE,8988,METER PERSEGI,2023
534,32,JAWA BARAT,3273,KOTA BANDUNG,3273100,RANCASARI,32.73.23,RANCASARI,MARGA CIPTA 2,2665,METER PERSEGI,2023
535,32,JAWA BARAT,3273,KOTA BANDUNG,3273100,RANCASARI,32.73.23,RANCASARI,MERKURI RESIDENCE,3455,METER PERSEGI,2023
536,32,JAWA BARAT,3273,KOTA BANDUNG,3273100,RANCASARI,32.73.23,RANCASARI,MUSTIKA TOWNHOUSE,8158,METER PERSEGI,2023
537,32,JAWA BARAT,3273,KOTA BANDUNG,3273100,RANCASARI,32.73.23,RANCASARI,NUANSA MAS,55752,METER PERSEGI,2023
538,32,JAWA BARAT,3273,KOTA BANDUNG,3273100,RANCASARI,32.73.23,RANCASARI,OASIS DE WASTERA,3641,METER PERSEGI,2023
539,32,JAWA BARAT,3273,KOTA BANDUNG,3273100,RANCASARI,32.73.23,RANCASARI,PANGHEGAR TOWN HOUSE,5178,METER PERSEGI,2023
540,32,JAWA BARAT,3273,KOTA BANDUNG,3273100,RANCASARI,32.73.23,RANCASARI,PASIR POGOR,194182,METER PERSEGI,2023
541,32,JAWA BARAT,3273,KOTA BANDUNG,3273100,RANCASARI,32.73.23,RANCASARI,PESONA CIWASTRA VILLAGE,96108,METER PERSEGI,2023
542,32,JAWA BARAT,3273,KOTA BANDUNG,3273100,RANCASARI,32.73.23,RANCASARI,PESONA CLUSTER GRAHA BATU KARANG,9375,METER PERSEGI,2023
543,32,JAWA BARAT,3273,KOTA BANDUNG,3273100,RANCASARI,32.73.23,RANCASARI,PRATAMA ASRI,15609,METER PERSEGI,2023
544,32,JAWA BARAT,3273,KOTA BANDUNG,3273100,RANCASARI,32.73.23,RANCASARI,RANCALOA REGENCY,3021,METER PERSEGI,2023
545,32,JAWA BARAT,3273,KOTA BANDUNG,3273100,RANCASARI,32.73.23,RANCASARI,RIUNG BANDUNG,616668,METER PERSEGI,2023
546,32,JAWA BARAT,3273,KOTA BANDUNG,3273100,RANCASARI,32.73.23,RANCASARI,RIUNG DUTA PERMAI,17655,METER PERSEGI,2023
547,32,JAWA BARAT,3273,KOTA BANDUNG,3273100,RANCASARI,32.73.23,RANCASARI,ROYAL CASABLANCA,2180,METER PERSEGI,2023
548,32,JAWA BARAT,3273,KOTA BANDUNG,3273100,RANCASARI,32.73.23,RANCASARI,SATURNUS REGENCY,16592,METER PERSEGI,2023
549,32,JAWA BARAT,3273,KOTA BANDUNG,3273100,RANCASARI,32.73.23,RANCASARI,SATURNUS TENGAH IV,4669,METER PERSEGI,2023
550,32,JAWA BARAT,3273,KOTA BANDUNG,3273100,RANCASARI,32.73.23,RANCASARI,SATURNUS UTARA 15,4309,METER PERSEGI,2023
551,32,JAWA BARAT,3273,KOTA BANDUNG,3273100,RANCASARI,32.73.23,RANCASARI,TATAR BIDAKARA,13527,METER PERSEGI,2023
552,32,JAWA BARAT,3273,KOTA BANDUNG,3273060,REGOL,32.73.11,REGOL,BATU MAS NUSA LNDAH,51338,METER PERSEGI,2023
553,32,JAWA BARAT,3273,KOTA BANDUNG,3273060,REGOL,32.73.11,REGOL,GRIYA SUKAATI PERMAI,62487,METER PERSEGI,2023
554,32,JAWA BARAT,3273,KOTA BANDUNG,3273060,REGOL,32.73.11,REGOL,KEMBAR EMAS,43696,METER PERSEGI,2023
555,32,JAWA BARAT,3273,KOTA BANDUNG,3273060,REGOL,32.73.11,REGOL,KEMBAR INDAH,3908,METER PERSEGI,2023
556,32,JAWA BARAT,3273,KOTA BANDUNG,3273060,REGOL,32.73.11,REGOL,KEMBAR TENGAH,37312,METER PERSEGI,2023
557,32,JAWA BARAT,3273,KOTA BANDUNG,3273060,REGOL,32.73.11,REGOL,KEMBAR TIMUR RAYA,76966,METER PERSEGI,2023
558,32,JAWA BARAT,3273,KOTA BANDUNG,3273060,REGOL,32.73.11,REGOL,KOMPLEK PADMAE,12467,METER PERSEGI,2023
559,32,JAWA BARAT,3273,KOTA BANDUNG,3273060,REGOL,32.73.11,REGOL,KOMPLEK PASIR JAYA,72520,METER PERSEGI,2023
560,32,JAWA BARAT,3273,KOTA BANDUNG,3273060,REGOL,32.73.11,REGOL,KOMPLEK PASIRWANGI,46609,METER PERSEGI,2023
561,32,JAWA BARAT,3273,KOTA BANDUNG,3273060,REGOL,32.73.11,REGOL,KOMPLEK PIN CIATEUL,28257,METER PERSEGI,2023
562,32,JAWA BARAT,3273,KOTA BANDUNG,3273060,REGOL,32.73.11,REGOL,KOMPLEK PIN KARAWITAN,54756,METER PERSEGI,2023
563,32,JAWA BARAT,3273,KOTA BANDUNG,3273060,REGOL,32.73.11,REGOL,PASIR SALAM ASRI,7687,METER PERSEGI,2023
564,32,JAWA BARAT,3273,KOTA BANDUNG,3273060,REGOL,32.73.11,REGOL,PURI BKR,58506,METER PERSEGI,2023
565,32,JAWA BARAT,3273,KOTA BANDUNG,3273060,REGOL,32.73.11,REGOL,SRIMAHI BARU,64084,METER PERSEGI,2023
566,32,JAWA BARAT,3273,KOTA BANDUNG,3273240,SUKAJADI,32.73.07,SUKAJADI,CIPEDES RESIDENCE I DAN II,4049,METER PERSEGI,2023
567,32,JAWA BARAT,3273,KOTA BANDUNG,3273240,SUKAJADI,32.73.07,SUKAJADI,CIPEDES TENGAH,4441,METER PERSEGI,2023
568,32,JAWA BARAT,3273,KOTA BANDUNG,3273240,SUKAJADI,32.73.07,SUKAJADI,GRIYA MAS,50961,METER PERSEGI,2023
569,32,JAWA BARAT,3273,KOTA BANDUNG,3273240,SUKAJADI,32.73.07,SUKAJADI,ISTANA SUKAJADI,42500,METER PERSEGI,2023
570,32,JAWA BARAT,3273,KOTA BANDUNG,3273240,SUKAJADI,32.73.07,SUKAJADI,KOMPLEK SUKADAMAI,12392,METER PERSEGI,2023
571,32,JAWA BARAT,3273,KOTA BANDUNG,3273240,SUKAJADI,32.73.07,SUKAJADI,KOMPLEK SUTAMI,109579,METER PERSEGI,2023
572,32,JAWA BARAT,3273,KOTA BANDUNG,3273240,SUKAJADI,32.73.07,SUKAJADI,KOMPLEK UNPAR,16056,METER PERSEGI,2023
573,32,JAWA BARAT,3273,KOTA BANDUNG,3273240,SUKAJADI,32.73.07,SUKAJADI,KUMALA GARDEN,42334,METER PERSEGI,2023
574,32,JAWA BARAT,3273,KOTA BANDUNG,3273240,SUKAJADI,32.73.07,SUKAJADI,MULYA SARI LNDAH CULDESAC,3293,METER PERSEGI,2023
575,32,JAWA BARAT,3273,KOTA BANDUNG,3273240,SUKAJADI,32.73.07,SUKAJADI,PURI SYAILENDRA,11059,METER PERSEGI,2023
576,32,JAWA BARAT,3273,KOTA BANDUNG,3273240,SUKAJADI,32.73.07,SUKAJADI,SETRA INDAH / SUKAGALIH,124189,METER PERSEGI,2023
577,32,JAWA BARAT,3273,KOTA BANDUNG,3273240,SUKAJADI,32.73.07,SUKAJADI,SETRA RIA,15090,METER PERSEGI,2023
578,32,JAWA BARAT,3273,KOTA BANDUNG,3273240,SUKAJADI,32.73.07,SUKAJADI,SETRA WANGI,30843,METER PERSEGI,2023
579,32,JAWA BARAT,3273,KOTA BANDUNG,3273240,SUKAJADI,32.73.07,SUKAJADI,SUKAMULYA INDAH,45192,METER PERSEGI,2023
580,32,JAWA BARAT,3273,KOTA BANDUNG,3273240,SUKAJADI,32.73.07,SUKAJADI,SUKAMULYA REGENCY,7528,METER PERSEGI,2023
581,32,JAWA BARAT,3273,KOTA BANDUNG,3273240,SUKAJADI,32.73.07,SUKAJADI,THE MAJESTY APARTEMEN (APARTEMEN/HOTEL),0,METER PERSEGI,2023
582,32,JAWA BARAT,3273,KOTA BANDUNG,3273250,SUKASARI,32.73.01,SUKASARI,ABADI REGENCY,18500,METER PERSEGI,2023
583,32,JAWA BARAT,3273,KOTA BANDUNG,3273250,SUKASARI,32.73.01,SUKASARI,BABAKAN SUKAJADI RESIDENCE,3196,METER PERSEGI,2023
584,32,JAWA BARAT,3273,KOTA BANDUNG,3273250,SUKASARI,32.73.01,SUKASARI,BUDI ASIH RESIDENCE,78884,METER PERSEGI,2023
585,32,JAWA BARAT,3273,KOTA BANDUNG,3273250,SUKASARI,32.73.01,SUKASARI,BUMI RANCAHERANG INDAH,3094,METER PERSEGI,2023
586,32,JAWA BARAT,3273,KOTA BANDUNG,3273250,SUKASARI,32.73.01,SUKASARI,GERLONG GIRANG BARU,25000,METER PERSEGI,2023
587,32,JAWA BARAT,3273,KOTA BANDUNG,3273250,SUKASARI,32.73.01,SUKASARI,GERLONG LEBAK HOME,1210,METER PERSEGI,2023
588,32,JAWA BARAT,3273,KOTA BANDUNG,3273250,SUKASARI,32.73.01,SUKASARI,GERLONG RESIDENCE,7481,METER PERSEGI,2023
589,32,JAWA BARAT,3273,KOTA BANDUNG,3273250,SUKASARI,32.73.01,SUKASARI,GREEN RESIDENCE,4411,METER PERSEGI,2023
590,32,JAWA BARAT,3273,KOTA BANDUNG,3273250,SUKASARI,32.73.01,SUKASARI,KOMPLEK ANGKATAN DARAT KPAD,158714,METER PERSEGI,2023
591,32,JAWA BARAT,3273,KOTA BANDUNG,3273250,SUKASARI,32.73.01,SUKASARI,KOMPLEK SARIJADI,4107,METER PERSEGI,2023
592,32,JAWA BARAT,3273,KOTA BANDUNG,3273250,SUKASARI,32.73.01,SUKASARI,KOMPLEK SARIKASO,80791,METER PERSEGI,2023
593,32,JAWA BARAT,3273,KOTA BANDUNG,3273250,SUKASARI,32.73.01,SUKASARI,LEMBAH BAJURI,10046,METER PERSEGI,2023
594,32,JAWA BARAT,3273,KOTA BANDUNG,3273250,SUKASARI,32.73.01,SUKASARI,PADA SALUYU ISOLA,131024,METER PERSEGI,2023
595,32,JAWA BARAT,3273,KOTA BANDUNG,3273250,SUKASARI,32.73.01,SUKASARI,PAPYRUS GARDEN,5300,METER PERSEGI,2023
596,32,JAWA BARAT,3273,KOTA BANDUNG,3273250,SUKASARI,32.73.01,SUKASARI,PARAHYANGAN RUMAH VILLA,77032,METER PERSEGI,2023
597,32,JAWA BARAT,3273,KOTA BANDUNG,3273250,SUKASARI,32.73.01,SUKASARI,PERUMNAS SARIJADI I DAN II,754601,METER PERSEGI,2023
598,32,JAWA BARAT,3273,KOTA BANDUNG,3273250,SUKASARI,32.73.01,SUKASARI,PINEWOOD TERRECA,4113,METER PERSEGI,2023
599,32,JAWA BARAT,3273,KOTA BANDUNG,3273250,SUKASARI,32.73.01,SUKASARI,PONDOK HIJAU,75478,METER PERSEGI,2023
600,32,JAWA BARAT,3273,KOTA BANDUNG,3273250,SUKASARI,32.73.01,SUKASARI,REVIERA RESORT RESIDENCE,12625,METER PERSEGI,2023
601,32,JAWA BARAT,3273,KOTA BANDUNG,3273250,SUKASARI,32.73.01,SUKASARI,ROYAL PALM,11922,METER PERSEGI,2023
602,32,JAWA BARAT,3273,KOTA BANDUNG,3273250,SUKASARI,32.73.01,SUKASARI,RUSUN SARIJADI,0,METER PERSEGI,2023
603,32,JAWA BARAT,3273,KOTA BANDUNG,3273250,SUKASARI,32.73.01,SUKASARI,SENTRA RESIDENCE,1148,METER PERSEGI,2023
604,32,JAWA BARAT,3273,KOTA BANDUNG,3273250,SUKASARI,32.73.01,SUKASARI,SETRA DUTA PERMAI,4806,METER PERSEGI,2023
605,32,JAWA BARAT,3273,KOTA BANDUNG,3273250,SUKASARI,32.73.01,SUKASARI,SETRA GLORY RESIDENCE,2440,METER PERSEGI,2023
606,32,JAWA BARAT,3273,KOTA BANDUNG,3273250,SUKASARI,32.73.01,SUKASARI,SETRA MURNI,2510,METER PERSEGI,2023
607,32,JAWA BARAT,3273,KOTA BANDUNG,3273250,SUKASARI,32.73.01,SUKASARI,SETRA SARI,272746,METER PERSEGI,2023
608,32,JAWA BARAT,3273,KOTA BANDUNG,3273250,SUKASARI,32.73.01,SUKASARI,SETRAMURNI PLATINUM,1863,METER PERSEGI,2023
609,32,JAWA BARAT,3273,KOTA BANDUNG,3273250,SUKASARI,32.73.01,SUKASARI,SUKAHAJI BARU,25542,METER PERSEGI,2023
610,32,JAWA BARAT,3273,KOTA BANDUNG,3273250,SUKASARI,32.73.01,SUKASARI,SUKAHAJI PERMAI,58600,METER PERSEGI,2023
611,32,JAWA BARAT,3273,KOTA BANDUNG,3273250,SUKASARI,32.73.01,SUKASARI,SUKAHAJI REGENCY,2342,METER PERSEGI,2023
612,32,JAWA BARAT,3273,KOTA BANDUNG,3273250,SUKASARI,32.73.01,SUKASARI,SURYA SETRA,13489,METER PERSEGI,2023
613,32,JAWA BARAT,3273,KOTA BANDUNG,3273250,SUKASARI,32.73.01,SUKASARI,TIRTA SARI,36986,METER PERSEGI,2023
614,32,JAWA BARAT,3273,KOTA BANDUNG,3273250,SUKASARI,32.73.01,SUKASARI,TOWN HOUSE SETRA MURNI ASRI,2378,METER PERSEGI,2023
615,32,JAWA BARAT,3273,KOTA BANDUNG,3273250,SUKASARI,32.73.01,SUKASARI,VILLA KULDESAK,4251,METER PERSEGI,2023
616,32,JAWA BARAT,3273,KOTA BANDUNG,3273120,UJUNG BERUNG,32.73.26,UJUNGBERUNG,BUKIT INDAH PASANGRAHAN,33442,METER PERSEGI,2023
617,32,JAWA BARAT,3273,KOTA BANDUNG,3273120,UJUNG BERUNG,32.73.26,UJUNGBERUNG,CIJAMBE LNDAH,79657,METER PERSEGI,2023
618,32,JAWA BARAT,3273,KOTA BANDUNG,3273120,UJUNG BERUNG,32.73.26,UJUNGBERUNG,CINANGKA HARJA,14292,METER PERSEGI,2023
619,32,JAWA BARAT,3273,KOTA BANDUNG,3273120,UJUNG BERUNG,32.73.26,UJUNGBERUNG,CIPAGANTI DREAM LAND,16207,METER PERSEGI,2023
620,32,JAWA BARAT,3273,KOTA BANDUNG,3273120,UJUNG BERUNG,32.73.26,UJUNGBERUNG,CLUSTER BILLABONG,4099,METER PERSEGI,2023
621,32,JAWA BARAT,3273,KOTA BANDUNG,3273120,UJUNG BERUNG,32.73.26,UJUNGBERUNG,CLUSTER PESONA REGENCY,1410,METER PERSEGI,2023
622,32,JAWA BARAT,3273,KOTA BANDUNG,3273120,UJUNG BERUNG,32.73.26,UJUNGBERUNG,CLUSTER SAUNG WISATA,8764,METER PERSEGI,2023
623,32,JAWA BARAT,3273,KOTA BANDUNG,3273120,UJUNG BERUNG,32.73.26,UJUNGBERUNG,DE VIEW PASIRWANGI,10621,METER PERSEGI,2023
624,32,JAWA BARAT,3273,KOTA BANDUNG,3273120,UJUNG BERUNG,32.73.26,UJUNGBERUNG,GENDING MAS,34709,METER PERSEGI,2023
625,32,JAWA BARAT,3273,KOTA BANDUNG,3273120,UJUNG BERUNG,32.73.26,UJUNGBERUNG,GREEN VALLEY RESIDENCE,29600,METER PERSEGI,2023
626,32,JAWA BARAT,3273,KOTA BANDUNG,3273120,UJUNG BERUNG,32.73.26,UJUNGBERUNG,GRIYA ASRI,23042,METER PERSEGI,2023
627,32,JAWA BARAT,3273,KOTA BANDUNG,3273120,UJUNG BERUNG,32.73.26,UJUNGBERUNG,GRIYA JATI PUTRA,28024,METER PERSEGI,2023
628,32,JAWA BARAT,3273,KOTA BANDUNG,3273120,UJUNG BERUNG,32.73.26,UJUNGBERUNG,GRIYA PASANGGARAHAN,0,METER PERSEGI,2023
629,32,JAWA BARAT,3273,KOTA BANDUNG,3273120,UJUNG BERUNG,32.73.26,UJUNGBERUNG,GRIYA WINAYA,124596,METER PERSEGI,2023
630,32,JAWA BARAT,3273,KOTA BANDUNG,3273120,UJUNG BERUNG,32.73.26,UJUNGBERUNG,KOMPLEK NEGLASARI I,7343,METER PERSEGI,2023
631,32,JAWA BARAT,3273,KOTA BANDUNG,3273120,UJUNG BERUNG,32.73.26,UJUNGBERUNG,KOMPLEK NEGLASARI II,50472,METER PERSEGI,2023
632,32,JAWA BARAT,3273,KOTA BANDUNG,3273120,UJUNG BERUNG,32.73.26,UJUNGBERUNG,LEMBAH CITRA,10028,METER PERSEGI,2023
633,32,JAWA BARAT,3273,KOTA BANDUNG,3273120,UJUNG BERUNG,32.73.26,UJUNGBERUNG,MADANI REGENCY,17646,METER PERSEGI,2023
634,32,JAWA BARAT,3273,KOTA BANDUNG,3273120,UJUNG BERUNG,32.73.26,UJUNGBERUNG,MUTIARA MAS,0,METER PERSEGI,2023
635,32,JAWA BARAT,3273,KOTA BANDUNG,3273120,UJUNG BERUNG,32.73.26,UJUNGBERUNG,NEGLA KENCANA TOWNHOUSE,5355,METER PERSEGI,2023
636,32,JAWA BARAT,3273,KOTA BANDUNG,3273120,UJUNG BERUNG,32.73.26,UJUNGBERUNG,PANORAMA CILENGKRANG ESTATE,5089,METER PERSEGI,2023
637,32,JAWA BARAT,3273,KOTA BANDUNG,3273120,UJUNG BERUNG,32.73.26,UJUNGBERUNG,PASANGGRAHAN HILLS,4489,METER PERSEGI,2023
638,32,JAWA BARAT,3273,KOTA BANDUNG,3273120,UJUNG BERUNG,32.73.26,UJUNGBERUNG,PASANGGRAHAN LNDAH,64627,METER PERSEGI,2023
639,32,JAWA BARAT,3273,KOTA BANDUNG,3273120,UJUNG BERUNG,32.73.26,UJUNGBERUNG,PESONA HIJAU RESIDENCE,20697,METER PERSEGI,2023
640,32,JAWA BARAT,3273,KOTA BANDUNG,3273120,UJUNG BERUNG,32.73.26,UJUNGBERUNG,PESONA PASIR ENDAH,4216,METER PERSEGI,2023
641,32,JAWA BARAT,3273,KOTA BANDUNG,3273120,UJUNG BERUNG,32.73.26,UJUNGBERUNG,PREANGER REGENCY,29813,METER PERSEGI,2023
642,32,JAWA BARAT,3273,KOTA BANDUNG,3273120,UJUNG BERUNG,32.73.26,UJUNGBERUNG,PURI AGRA,16574,METER PERSEGI,2023
643,32,JAWA BARAT,3273,KOTA BANDUNG,3273120,UJUNG BERUNG,32.73.26,UJUNGBERUNG,PURI KUMALA,4509,METER PERSEGI,2023
644,32,JAWA BARAT,3273,KOTA BANDUNG,3273120,UJUNG BERUNG,32.73.26,UJUNGBERUNG,SIMPAY ASIH,82651,METER PERSEGI,2023
645,32,JAWA BARAT,3273,KOTA BANDUNG,3273120,UJUNG BERUNG,32.73.26,UJUNGBERUNG,SUKUP BARU,32378,METER PERSEGI,2023
646,32,JAWA BARAT,3273,KOTA BANDUNG,3273120,UJUNG BERUNG,32.73.26,UJUNGBERUNG,TAMAN UBER ESTATE,4027,METER PERSEGI,2023
647,32,JAWA BARAT,3273,KOTA BANDUNG,3273120,UJUNG BERUNG,32.73.26,UJUNGBERUNG,TARUNA PARAHYANGAN,80359,METER PERSEGI,2023
648,32,JAWA BARAT,3273,KOTA BANDUNG,3273120,UJUNG BERUNG,32.73.26,UJUNGBERUNG,UJUNG BERUNG INDAH,104024,METER PERSEGI,2023
649,32,JAWA BARAT,3273,KOTA BANDUNG,3273120,UJUNG BERUNG,32.73.26,UJUNGBERUNG,UJUNG BERUNG REGENCY,7970,METER PERSEGI,2023
650,32,JAWA BARAT,3273,KOTA BANDUNG,3273120,UJUNG BERUNG,32.73.26,UJUNGBERUNG,VILLA PASIRWANGI,72046,METER PERSEGI,2023
