id,kode_provinsi,nama_provinsi,bps_kode_kabupaten_kota,bps_nama_kabupaten_kota,bps_kode_kecamatan,bps_nama_kecamatan,bps_kode_desa_kelurahan,bps_desa_kelurahan,kemendagri_kode_kecamatan,kemendagri_nama_kecamatan,kemendagri_kode_desa_kelurahan,kemendagri_nama_desa_kelurahan,luas_kumuh,satuan,tahun
1,32,JAWA BARAT,3273,KOTA BANDUNG,3273180,ANDIR,3273180006,KEBON JERUK,32.73.05,ANDIR,32.73.05.1004,KEBON JERUK,2.81,HEKTAR,2020
2,32,JAWA BARAT,3273,KOTA BANDUNG,3273141,ANTAPANI,3273141001,ANTAPANI KIDUL,32.73.20,ANTAPANI,32.73.20.1005,ANTAPANI KIDUL,6.491,HEKTAR,2020
3,32,JAWA BARAT,3273,KOTA BANDUNG,3273141,ANTAPANI,3273141002,ANTAPANI TENGAH,32.73.20,ANTAPANI,32.73.20.1004,ANTAPANI TENGAH,1.84,HEKTAR,2020
4,32,JAWA BARAT,3273,KOTA BANDUNG,3273050,ASTANAANYAR,3273050005,CIBADAK,32.73.10,ASTANA ANYAR,32.73.10.1005,CIBADAK,5.37,HEKTAR,2020
5,32,JAWA BARAT,3273,KOTA BANDUNG,3273050,ASTANAANYAR,3273050003,NYENGSERET,32.73.10,ASTANA ANYAR,32.73.10.1002,NYENGSERET,9.53,HEKTAR,2020
6,32,JAWA BARAT,3273,KOTA BANDUNG,3273050,ASTANAANYAR,3273050002,PELINDUNG HEWAN,32.73.10,ASTANA ANYAR,32.73.10.1006,PELINDUNG HEWAN,2.71,HEKTAR,2020
7,32,JAWA BARAT,3273,KOTA BANDUNG,3273020,BABAKAN CIPARAY,3273020005,BABAKAN,32.73.03,BABAKAN CIPARAY,32.73.03.1002,BABAKAN,17.41,HEKTAR,2020
8,32,JAWA BARAT,3273,KOTA BANDUNG,3273020,BABAKAN CIPARAY,3273020004,BABAKAN CIPARAY,32.73.03,BABAKAN CIPARAY,32.73.03.1001,BABAKAN CIPARAY,16.62,HEKTAR,2020
9,32,JAWA BARAT,3273,KOTA BANDUNG,3273020,BABAKAN CIPARAY,3273020002,CIRANGRANG,32.73.03,BABAKAN CIPARAY,32.73.03.1006,CIRANGRANG,7.081,HEKTAR,2020
10,32,JAWA BARAT,3273,KOTA BANDUNG,3273020,BABAKAN CIPARAY,3273020006,SUKAHAJI,32.73.03,BABAKAN CIPARAY,32.73.03.1003,SUKAHAJI,30.85,HEKTAR,2020
11,32,JAWA BARAT,3273,KOTA BANDUNG,3273080,BANDUNG KIDUL,3273080004,KUJANGSARI,32.73.21,BANDUNG KIDUL,32.73.21.1004,KUJANGSARI,5.4,HEKTAR,2020
12,32,JAWA BARAT,3273,KOTA BANDUNG,3273080,BANDUNG KIDUL,3273080001,WATES,32.73.21,BANDUNG KIDUL,32.73.21.1002,WATES,4.767,HEKTAR,2020
13,32,JAWA BARAT,3273,KOTA BANDUNG,3273010,BANDUNG KULON,3273010005,CARINGIN,32.73.15,BANDUNG KULON,32.73.15.1004,CARINGIN,4.393,HEKTAR,2020
14,32,JAWA BARAT,3273,KOTA BANDUNG,3273010,BANDUNG KULON,3273010002,CIGONDEWAH KALER,32.73.15,BANDUNG KULON,32.73.15.1005,CIGONDEWAH KALER,4.67,HEKTAR,2020
15,32,JAWA BARAT,3273,KOTA BANDUNG,3273010,BANDUNG KULON,3273010004,CIGONDEWAH RAHAYU,32.73.15,BANDUNG KULON,32.73.15.1007,CIGONDEWAH RAHAYU,9.12,HEKTAR,2020
16,32,JAWA BARAT,3273,KOTA BANDUNG,3273010,BANDUNG KULON,3273010008,CIJERAH,32.73.15,BANDUNG KULON,32.73.15.1001,CIJERAH,18.028,HEKTAR,2020
17,32,JAWA BARAT,3273,KOTA BANDUNG,3273010,BANDUNG KULON,3273010006,WARUNG MUNCANG,32.73.15,BANDUNG KULON,32.73.15.1003,WARUNG MUNCANG,4.86,HEKTAR,2020
18,32,JAWA BARAT,3273,KOTA BANDUNG,3273200,BANDUNG WETAN,3273200002,CITARUM,32.73.09,BANDUNG WETAN,32.73.09.1003,CITARUM,0.35,HEKTAR,2020
19,32,JAWA BARAT,3273,KOTA BANDUNG,3273160,BATUNUNGGAL,3273160005,CIBANGKONG,32.73.12,BATUNUNGGAL,32.73.12.1003,CIBANGKONG,10.2,HEKTAR,2020
20,32,JAWA BARAT,3273,KOTA BANDUNG,3273160,BATUNUNGGAL,3273160001,GUMURUH,32.73.12,BATUNUNGGAL,32.73.12.1001,GUMURUH,6.67,HEKTAR,2020
21,32,JAWA BARAT,3273,KOTA BANDUNG,3273160,BATUNUNGGAL,3273160007,KACAPIRING,32.73.12,BATUNUNGGAL,32.73.12.1004,KACAPIRING,1.24,HEKTAR,2020
22,32,JAWA BARAT,3273,KOTA BANDUNG,3273160,BATUNUNGGAL,3273160004,MALEER,32.73.12,BATUNUNGGAL,32.73.12.1002,MALEER,1.34,HEKTAR,2020
23,32,JAWA BARAT,3273,KOTA BANDUNG,3273160,BATUNUNGGAL,3273160006,SAMOJA,32.73.12,BATUNUNGGAL,32.73.12.1007,SAMOJA,0.75,HEKTAR,2020
24,32,JAWA BARAT,3273,KOTA BANDUNG,3273030,BOJONGLOA KALER,3273030003,BABAKAN ASIH,32.73.04,BOJONGLOA KALER,32.73.04.1004,BABAKAN ASIH,10.193,HEKTAR,2020
25,32,JAWA BARAT,3273,KOTA BANDUNG,3273030,BOJONGLOA KALER,3273030004,BABAKAN TAROGONG,32.73.04,BOJONGLOA KALER,32.73.04.1002,BABAKAN TAROGONG,4.98,HEKTAR,2020
26,32,JAWA BARAT,3273,KOTA BANDUNG,3273030,BOJONGLOA KALER,3273030005,JAMIKA,32.73.04,BOJONGLOA KALER,32.73.04.1003,JAMIKA,10.41,HEKTAR,2020
27,32,JAWA BARAT,3273,KOTA BANDUNG,3273030,BOJONGLOA KALER,3273030001,KOPO,32.73.04,BOJONGLOA KALER,32.73.04.1001,KOPO,13.782,HEKTAR,2020
28,32,JAWA BARAT,3273,KOTA BANDUNG,3273030,BOJONGLOA KALER,3273030002,SUKA ASIH,32.73.04,BOJONGLOA KALER,32.73.04.1005,SUKA ASIH,6.448,HEKTAR,2020
29,32,JAWA BARAT,3273,KOTA BANDUNG,3273040,BOJONGLOA KIDUL,3273040004,CIBADUYUT,32.73.17,BOJONGLOA KIDUL,32.73.17.1003,CIBADUYUT,6.17,HEKTAR,2020
30,32,JAWA BARAT,3273,KOTA BANDUNG,3273040,BOJONGLOA KIDUL,3273040001,CIBADUYUT KIDUL,32.73.17,BOJONGLOA KIDUL,32.73.17.1005,CIBADUYUT KIDUL,3.78,HEKTAR,2020
31,32,JAWA BARAT,3273,KOTA BANDUNG,3273040,BOJONGLOA KIDUL,3273040003,MEKAR WANGI,32.73.17,BOJONGLOA KIDUL,32.73.17.1004,MEKARWANGI,2.15,HEKTAR,2020
32,32,JAWA BARAT,3273,KOTA BANDUNG,3273220,CIBEUNYING KALER,3273220004,CIGADUNG,32.73.18,CIBEUNYING KALER,32.73.18.1004,CIGADUNG,2.28,HEKTAR,2020
33,32,JAWA BARAT,3273,KOTA BANDUNG,3273210,CIBEUNYING KIDUL,3273210003,CIKUTRA,32.73.14,CIBEUNYING KIDUL,32.73.14.1002,CIKUTRA,7.28,HEKTAR,2020
34,32,JAWA BARAT,3273,KOTA BANDUNG,3273210,CIBEUNYING KIDUL,3273210005,PASIRLAYUNG,32.73.14,CIBEUNYING KIDUL,32.73.14.1006,PASIRLAYUNG,4.28,HEKTAR,2020
35,32,JAWA BARAT,3273,KOTA BANDUNG,3273190,CICENDO,3273190001,ARJUNA,32.73.06,CICENDO,32.73.06.1002,ARJUNA,4.04,HEKTAR,2020
36,32,JAWA BARAT,3273,KOTA BANDUNG,3273190,CICENDO,3273190005,HUSEN SASTRANEGARA,32.73.06,CICENDO,32.73.06.1001,HUSEN SASTRANEGARA,3.355,HEKTAR,2020
37,32,JAWA BARAT,3273,KOTA BANDUNG,3273190,CICENDO,3273190004,PAJAJARAN,32.73.06,CICENDO,32.73.06.1003,PAJAJARAN,19.91,HEKTAR,2020
38,32,JAWA BARAT,3273,KOTA BANDUNG,3273190,CICENDO,3273190002,PASIRKALIKI,32.73.06,CICENDO,32.73.06.1004,PASIR KALIKI,0.76,HEKTAR,2020
39,32,JAWA BARAT,3273,KOTA BANDUNG,3273190,CICENDO,3273190006,SUKARAJA,32.73.06,CICENDO,32.73.06.1006,SUKARAJA,37.43,HEKTAR,2020
40,32,JAWA BARAT,3273,KOTA BANDUNG,3273260,CIDADAP,3273260002,CIUMBULEUIT,32.73.08,CIDADAP,32.73.08.1002,CIUMBULEUIT,34.11,HEKTAR,2020
41,32,JAWA BARAT,3273,KOTA BANDUNG,3273121,CINAMBO,3273121002,BABAKAN PENGHULU,32.73.29,CINAMBO,32.73.29.1004,BABAKAN PENGHULU,9.8,HEKTAR,2020
42,32,JAWA BARAT,3273,KOTA BANDUNG,3273230,COBLONG,3273230004,SADANG SERANG,32.73.02,COBLONG,32.73.02.1003,SADANGSERANG,10.22,HEKTAR,2020
43,32,JAWA BARAT,3273,KOTA BANDUNG,3273101,GEDEBAGE,3273101003,CISARANTEN KIDUL,32.73.27,GEDEBAGE,32.73.27.1002,CISANTREN KIDUL,6.23,HEKTAR,2020
44,32,JAWA BARAT,3273,KOTA BANDUNG,3273101,GEDEBAGE,3273101001,RANCABOLANG,32.73.27,GEDEBAGE,32.73.27.1003,RANCABOLANG,2.25,HEKTAR,2020
45,32,JAWA BARAT,3273,KOTA BANDUNG,3273150,KIARACONDONG,3273150003,KEBON JAYANTI,32.73.16,KIARACONDONG,32.73.16.1002,KEBON JAYANTI,10.264,HEKTAR,2020
46,32,JAWA BARAT,3273,KOTA BANDUNG,3273150,KIARACONDONG,3273150001,KEBON KANGKUNG,32.73.16,KIARACONDONG,32.73.16.1006,KEBON KANGKUNG,7.331,HEKTAR,2020
47,32,JAWA BARAT,3273,KOTA BANDUNG,3273070,LENGKONG,3273070005,BURANGRANG,32.73.13,LENGKONG,32.73.13.1003,BURANGRANG,5.86,HEKTAR,2020
48,32,JAWA BARAT,3273,KOTA BANDUNG,3273070,LENGKONG,3273070001,CIJAGRA,32.73.13,LENGKONG,32.73.13.1001,CIJAGRA,2.73,HEKTAR,2020
49,32,JAWA BARAT,3273,KOTA BANDUNG,3273070,LENGKONG,3273070006,CIKAWAO,32.73.13,LENGKONG,32.73.13.1007,CIKAWAO,1.51,HEKTAR,2020
50,32,JAWA BARAT,3273,KOTA BANDUNG,3273070,LENGKONG,3273070004,MALABAR,32.73.13,LENGKONG,32.73.13.1006,MALABAR,1.945,HEKTAR,2020
51,32,JAWA BARAT,3273,KOTA BANDUNG,3273070,LENGKONG,3273070002,TURANGGA,32.73.13,LENGKONG,32.73.13.1005,TURANGGA,8.0,HEKTAR,2020
52,32,JAWA BARAT,3273,KOTA BANDUNG,3273142,MANDALAJATI,3273142003,SINDANG JAYA,32.73.30,MANDALAJATI,32.73.30.1004,SINDANG JAYA,1.93,HEKTAR,2020
53,32,JAWA BARAT,3273,KOTA BANDUNG,3273111,PANYILEUKAN,3273111004,CIPADUNG KULON,32.73.28,PANYILEUKAN,32.73.28.1001,CIPADUNG KULON,8.81,HEKTAR,2020
54,32,JAWA BARAT,3273,KOTA BANDUNG,3273111,PANYILEUKAN,3273111003,CIPADUNG WETAN,32.73.28,PANYILEUKAN,32.73.28.1003,CIPADUNG WETAN,8.04,HEKTAR,2020
55,32,JAWA BARAT,3273,KOTA BANDUNG,3273060,REGOL,3273060005,CIATEUL,32.73.11,REGOL,32.73.11.1006,CIATEUL,3.695,HEKTAR,2020
56,32,JAWA BARAT,3273,KOTA BANDUNG,3273060,REGOL,3273060001,CISEUREUH,32.73.11,REGOL,32.73.11.1005,CISEUREUH,8.154,HEKTAR,2020
57,32,JAWA BARAT,3273,KOTA BANDUNG,3273060,REGOL,3273060002,PASIRLUYU,32.73.11,REGOL,32.73.11.1007,PASIRLUYU,6.823,HEKTAR,2020
58,32,JAWA BARAT,3273,KOTA BANDUNG,3273240,SUKAJADI,3273240003,SUKABUNGAH,32.73.07,SUKAJADI,32.73.07.1005,SUKABUNGAH,10.36,HEKTAR,2020
59,32,JAWA BARAT,3273,KOTA BANDUNG,3273170,SUMUR BANDUNG,3273170002,KEBON PISANG,32.73.19,SUMUR BANDUNG,32.73.19.1003,KEBON PISANG,0.31,HEKTAR,2020
60,32,JAWA BARAT,3273,KOTA BANDUNG,3273170,SUMUR BANDUNG,3273170003,MERDEKA,32.73.19,SUMUR BANDUNG,32.73.19.1002,MERDEKA,3.43,HEKTAR,2020
61,32,JAWA BARAT,3273,KOTA BANDUNG,3273120,UJUNG BERUNG,3273120003,PASANGGRAHAN,32.73.26,UJUNGBERUNG,32.73.26.1007,PASANGGRAHAN,9.43,HEKTAR,2020
62,32,JAWA BARAT,3273,KOTA BANDUNG,3273120,UJUNG BERUNG,3273120007,PASIR ENDAH,32.73.26,UJUNGBERUNG,32.73.26.1003,PASIR ENDAH,9.21,HEKTAR,2020
63,32,JAWA BARAT,3273,KOTA BANDUNG,3273120,UJUNG BERUNG,3273120005,PASIR WANGI,32.73.26,UJUNGBERUNG,32.73.26.1005,PASIRWANGI,11.757,HEKTAR,2020
64,32,JAWA BARAT,3273,KOTA BANDUNG,3273180,ANDIR,3273180006,KEBON JERUK,32.73.05,ANDIR,32.73.05.1004,KEBON JERUK,2.81,HEKTAR,2021
65,32,JAWA BARAT,3273,KOTA BANDUNG,3273141,ANTAPANI,3273141001,ANTAPANI KIDUL,32.73.20,ANTAPANI,32.73.20.1005,ANTAPANI KIDUL,6.491,HEKTAR,2021
66,32,JAWA BARAT,3273,KOTA BANDUNG,3273141,ANTAPANI,3273141002,ANTAPANI TENGAH,32.73.20,ANTAPANI,32.73.20.1004,ANTAPANI TENGAH,1.84,HEKTAR,2021
67,32,JAWA BARAT,3273,KOTA BANDUNG,3273050,ASTANAANYAR,3273050005,CIBADAK,32.73.10,ASTANA ANYAR,32.73.10.1005,CIBADAK,5.37,HEKTAR,2021
68,32,JAWA BARAT,3273,KOTA BANDUNG,3273050,ASTANAANYAR,3273050003,NYENGSERET,32.73.10,ASTANA ANYAR,32.73.10.1002,NYENGSERET,9.22,HEKTAR,2021
69,32,JAWA BARAT,3273,KOTA BANDUNG,3273050,ASTANAANYAR,3273050002,PELINDUNG HEWAN,32.73.10,ASTANA ANYAR,32.73.10.1006,PELINDUNG HEWAN,2.71,HEKTAR,2021
70,32,JAWA BARAT,3273,KOTA BANDUNG,3273020,BABAKAN CIPARAY,3273020005,BABAKAN,32.73.03,BABAKAN CIPARAY,32.73.03.1002,BABAKAN,17.41,HEKTAR,2021
71,32,JAWA BARAT,3273,KOTA BANDUNG,3273020,BABAKAN CIPARAY,3273020004,BABAKAN CIPARAY,32.73.03,BABAKAN CIPARAY,32.73.03.1001,BABAKAN CIPARAY,15.82,HEKTAR,2021
72,32,JAWA BARAT,3273,KOTA BANDUNG,3273020,BABAKAN CIPARAY,3273020002,CIRANGRANG,32.73.03,BABAKAN CIPARAY,32.73.03.1006,CIRANGRANG,6.531,HEKTAR,2021
73,32,JAWA BARAT,3273,KOTA BANDUNG,3273020,BABAKAN CIPARAY,3273020006,SUKAHAJI,32.73.03,BABAKAN CIPARAY,32.73.03.1003,SUKAHAJI,30.85,HEKTAR,2021
74,32,JAWA BARAT,3273,KOTA BANDUNG,3273080,BANDUNG KIDUL,3273080004,KUJANGSARI,32.73.21,BANDUNG KIDUL,32.73.21.1004,KUJANGSARI,5.1,HEKTAR,2021
75,32,JAWA BARAT,3273,KOTA BANDUNG,3273080,BANDUNG KIDUL,3273080001,WATES,32.73.21,BANDUNG KIDUL,32.73.21.1002,WATES,3.617,HEKTAR,2021
76,32,JAWA BARAT,3273,KOTA BANDUNG,3273010,BANDUNG KULON,3273010005,CARINGIN,32.73.15,BANDUNG KULON,32.73.15.1004,CARINGIN,4.393,HEKTAR,2021
77,32,JAWA BARAT,3273,KOTA BANDUNG,3273010,BANDUNG KULON,3273010002,CIGONDEWAH KALER,32.73.15,BANDUNG KULON,32.73.15.1005,CIGONDEWAH KALER,4.67,HEKTAR,2021
78,32,JAWA BARAT,3273,KOTA BANDUNG,3273010,BANDUNG KULON,3273010004,CIGONDEWAH RAHAYU,32.73.15,BANDUNG KULON,32.73.15.1007,CIGONDEWAH RAHAYU,8.12,HEKTAR,2021
79,32,JAWA BARAT,3273,KOTA BANDUNG,3273010,BANDUNG KULON,3273010008,CIJERAH,32.73.15,BANDUNG KULON,32.73.15.1001,CIJERAH,17.528,HEKTAR,2021
80,32,JAWA BARAT,3273,KOTA BANDUNG,3273010,BANDUNG KULON,3273010006,WARUNG MUNCANG,32.73.15,BANDUNG KULON,32.73.15.1003,WARUNG MUNCANG,4.86,HEKTAR,2021
81,32,JAWA BARAT,3273,KOTA BANDUNG,3273200,BANDUNG WETAN,3273200002,CITARUM,32.73.09,BANDUNG WETAN,32.73.09.1003,CITARUM,0.0,HEKTAR,2021
82,32,JAWA BARAT,3273,KOTA BANDUNG,3273160,BATUNUNGGAL,3273160005,CIBANGKONG,32.73.12,BATUNUNGGAL,32.73.12.1003,CIBANGKONG,9.55,HEKTAR,2021
83,32,JAWA BARAT,3273,KOTA BANDUNG,3273160,BATUNUNGGAL,3273160001,GUMURUH,32.73.12,BATUNUNGGAL,32.73.12.1001,GUMURUH,6.67,HEKTAR,2021
84,32,JAWA BARAT,3273,KOTA BANDUNG,3273160,BATUNUNGGAL,3273160007,KACAPIRING,32.73.12,BATUNUNGGAL,32.73.12.1004,KACAPIRING,0.0,HEKTAR,2021
85,32,JAWA BARAT,3273,KOTA BANDUNG,3273160,BATUNUNGGAL,3273160004,MALEER,32.73.12,BATUNUNGGAL,32.73.12.1002,MALEER,0.0,HEKTAR,2021
86,32,JAWA BARAT,3273,KOTA BANDUNG,3273160,BATUNUNGGAL,3273160006,SAMOJA,32.73.12,BATUNUNGGAL,32.73.12.1007,SAMOJA,0.75,HEKTAR,2021
87,32,JAWA BARAT,3273,KOTA BANDUNG,3273030,BOJONGLOA KALER,3273030003,BABAKAN ASIH,32.73.04,BOJONGLOA KALER,32.73.04.1004,BABAKAN ASIH,10.193,HEKTAR,2021
88,32,JAWA BARAT,3273,KOTA BANDUNG,3273030,BOJONGLOA KALER,3273030004,BABAKAN TAROGONG,32.73.04,BOJONGLOA KALER,32.73.04.1002,BABAKAN TAROGONG,4.98,HEKTAR,2021
89,32,JAWA BARAT,3273,KOTA BANDUNG,3273030,BOJONGLOA KALER,3273030005,JAMIKA,32.73.04,BOJONGLOA KALER,32.73.04.1003,JAMIKA,10.41,HEKTAR,2021
90,32,JAWA BARAT,3273,KOTA BANDUNG,3273030,BOJONGLOA KALER,3273030001,KOPO,32.73.04,BOJONGLOA KALER,32.73.04.1001,KOPO,13.302,HEKTAR,2021
91,32,JAWA BARAT,3273,KOTA BANDUNG,3273030,BOJONGLOA KALER,3273030002,SUKA ASIH,32.73.04,BOJONGLOA KALER,32.73.04.1005,SUKA ASIH,5.372,HEKTAR,2021
92,32,JAWA BARAT,3273,KOTA BANDUNG,3273040,BOJONGLOA KIDUL,3273040004,CIBADUYUT,32.73.17,BOJONGLOA KIDUL,32.73.17.1003,CIBADUYUT,6.17,HEKTAR,2021
93,32,JAWA BARAT,3273,KOTA BANDUNG,3273040,BOJONGLOA KIDUL,3273040001,CIBADUYUT KIDUL,32.73.17,BOJONGLOA KIDUL,32.73.17.1005,CIBADUYUT KIDUL,3.78,HEKTAR,2021
94,32,JAWA BARAT,3273,KOTA BANDUNG,3273040,BOJONGLOA KIDUL,3273040003,MEKAR WANGI,32.73.17,BOJONGLOA KIDUL,32.73.17.1004,MEKARWANGI,2.15,HEKTAR,2021
95,32,JAWA BARAT,3273,KOTA BANDUNG,3273220,CIBEUNYING KALER,3273220004,CIGADUNG,32.73.18,CIBEUNYING KALER,32.73.18.1004,CIGADUNG,1.45,HEKTAR,2021
96,32,JAWA BARAT,3273,KOTA BANDUNG,3273210,CIBEUNYING KIDUL,3273210003,CIKUTRA,32.73.14,CIBEUNYING KIDUL,32.73.14.1002,CIKUTRA,6.8,HEKTAR,2021
97,32,JAWA BARAT,3273,KOTA BANDUNG,3273210,CIBEUNYING KIDUL,3273210005,PASIRLAYUNG,32.73.14,CIBEUNYING KIDUL,32.73.14.1006,PASIRLAYUNG,4.28,HEKTAR,2021
98,32,JAWA BARAT,3273,KOTA BANDUNG,3273190,CICENDO,3273190001,ARJUNA,32.73.06,CICENDO,32.73.06.1002,ARJUNA,3.7,HEKTAR,2021
99,32,JAWA BARAT,3273,KOTA BANDUNG,3273190,CICENDO,3273190005,HUSEN SASTRANEGARA,32.73.06,CICENDO,32.73.06.1001,HUSEN SASTRANEGARA,2.795,HEKTAR,2021
100,32,JAWA BARAT,3273,KOTA BANDUNG,3273190,CICENDO,3273190004,PAJAJARAN,32.73.06,CICENDO,32.73.06.1003,PAJAJARAN,15.64,HEKTAR,2021
101,32,JAWA BARAT,3273,KOTA BANDUNG,3273190,CICENDO,3273190002,PASIRKALIKI,32.73.06,CICENDO,32.73.06.1004,PASIR KALIKI,0.76,HEKTAR,2021
102,32,JAWA BARAT,3273,KOTA BANDUNG,3273190,CICENDO,3273190006,SUKARAJA,32.73.06,CICENDO,32.73.06.1006,SUKARAJA,37.43,HEKTAR,2021
103,32,JAWA BARAT,3273,KOTA BANDUNG,3273260,CIDADAP,3273260002,CIUMBULEUIT,32.73.08,CIDADAP,32.73.08.1002,CIUMBULEUIT,33.54,HEKTAR,2021
104,32,JAWA BARAT,3273,KOTA BANDUNG,3273121,CINAMBO,3273121002,BABAKAN PENGHULU,32.73.29,CINAMBO,32.73.29.1004,BABAKAN PENGHULU,9.8,HEKTAR,2021
105,32,JAWA BARAT,3273,KOTA BANDUNG,3273230,COBLONG,3273230004,SADANG SERANG,32.73.02,COBLONG,32.73.02.1003,SADANGSERANG,10.22,HEKTAR,2021
106,32,JAWA BARAT,3273,KOTA BANDUNG,3273101,GEDEBAGE,3273101003,CISARANTEN KIDUL,32.73.27,GEDEBAGE,32.73.27.1002,CISANTREN KIDUL,5.92,HEKTAR,2021
107,32,JAWA BARAT,3273,KOTA BANDUNG,3273101,GEDEBAGE,3273101001,RANCABOLANG,32.73.27,GEDEBAGE,32.73.27.1003,RANCABOLANG,2.25,HEKTAR,2021
108,32,JAWA BARAT,3273,KOTA BANDUNG,3273150,KIARACONDONG,3273150003,KEBON JAYANTI,32.73.16,KIARACONDONG,32.73.16.1002,KEBON JAYANTI,10.264,HEKTAR,2021
109,32,JAWA BARAT,3273,KOTA BANDUNG,3273150,KIARACONDONG,3273150001,KEBON KANGKUNG,32.73.16,KIARACONDONG,32.73.16.1006,KEBON KANGKUNG,7.331,HEKTAR,2021
110,32,JAWA BARAT,3273,KOTA BANDUNG,3273070,LENGKONG,3273070005,BURANGRANG,32.73.13,LENGKONG,32.73.13.1003,BURANGRANG,5.86,HEKTAR,2021
111,32,JAWA BARAT,3273,KOTA BANDUNG,3273070,LENGKONG,3273070001,CIJAGRA,32.73.13,LENGKONG,32.73.13.1001,CIJAGRA,2.73,HEKTAR,2021
112,32,JAWA BARAT,3273,KOTA BANDUNG,3273070,LENGKONG,3273070006,CIKAWAO,32.73.13,LENGKONG,32.73.13.1007,CIKAWAO,1.51,HEKTAR,2021
113,32,JAWA BARAT,3273,KOTA BANDUNG,3273070,LENGKONG,3273070004,MALABAR,32.73.13,LENGKONG,32.73.13.1006,MALABAR,1.945,HEKTAR,2021
114,32,JAWA BARAT,3273,KOTA BANDUNG,3273070,LENGKONG,3273070002,TURANGGA,32.73.13,LENGKONG,32.73.13.1005,TURANGGA,8.0,HEKTAR,2021
115,32,JAWA BARAT,3273,KOTA BANDUNG,3273142,MANDALAJATI,3273142003,SINDANG JAYA,32.73.30,MANDALAJATI,32.73.30.1004,SINDANG JAYA,0.0,HEKTAR,2021
116,32,JAWA BARAT,3273,KOTA BANDUNG,3273111,PANYILEUKAN,3273111004,CIPADUNG KULON,32.73.28,PANYILEUKAN,32.73.28.1001,CIPADUNG KULON,8.81,HEKTAR,2021
117,32,JAWA BARAT,3273,KOTA BANDUNG,3273111,PANYILEUKAN,3273111003,CIPADUNG WETAN,32.73.28,PANYILEUKAN,32.73.28.1003,CIPADUNG WETAN,7.64,HEKTAR,2021
118,32,JAWA BARAT,3273,KOTA BANDUNG,3273060,REGOL,3273060005,CIATEUL,32.73.11,REGOL,32.73.11.1006,CIATEUL,3.695,HEKTAR,2021
119,32,JAWA BARAT,3273,KOTA BANDUNG,3273060,REGOL,3273060001,CISEUREUH,32.73.11,REGOL,32.73.11.1005,CISEUREUH,8.154,HEKTAR,2021
120,32,JAWA BARAT,3273,KOTA BANDUNG,3273060,REGOL,3273060002,PASIRLUYU,32.73.11,REGOL,32.73.11.1007,PASIRLUYU,6.823,HEKTAR,2021
121,32,JAWA BARAT,3273,KOTA BANDUNG,3273240,SUKAJADI,3273240003,SUKABUNGAH,32.73.07,SUKAJADI,32.73.07.1005,SUKABUNGAH,10.36,HEKTAR,2021
122,32,JAWA BARAT,3273,KOTA BANDUNG,3273170,SUMUR BANDUNG,3273170002,KEBON PISANG,32.73.19,SUMUR BANDUNG,32.73.19.1003,KEBON PISANG,0.31,HEKTAR,2021
123,32,JAWA BARAT,3273,KOTA BANDUNG,3273170,SUMUR BANDUNG,3273170003,MERDEKA,32.73.19,SUMUR BANDUNG,32.73.19.1002,MERDEKA,0.85,HEKTAR,2021
124,32,JAWA BARAT,3273,KOTA BANDUNG,3273120,UJUNG BERUNG,3273120003,PASANGGRAHAN,32.73.26,UJUNGBERUNG,32.73.26.1007,PASANGGRAHAN,8.3,HEKTAR,2021
125,32,JAWA BARAT,3273,KOTA BANDUNG,3273120,UJUNG BERUNG,3273120007,PASIR ENDAH,32.73.26,UJUNGBERUNG,32.73.26.1003,PASIR ENDAH,9.21,HEKTAR,2021
126,32,JAWA BARAT,3273,KOTA BANDUNG,3273120,UJUNG BERUNG,3273120005,PASIR WANGI,32.73.26,UJUNGBERUNG,32.73.26.1005,PASIRWANGI,10.987,HEKTAR,2021
127,32,JAWA BARAT,3273,KOTA BANDUNG,3273180,ANDIR,3273180006,KEBON JERUK,32.73.05,ANDIR,32.73.05.1004,KEBON JERUK,1.16,HEKTAR,2022
128,32,JAWA BARAT,3273,KOTA BANDUNG,3273141,ANTAPANI,3273141001,ANTAPANI KIDUL,32.73.20,ANTAPANI,32.73.20.1005,ANTAPANI KIDUL,4.079,HEKTAR,2022
129,32,JAWA BARAT,3273,KOTA BANDUNG,3273141,ANTAPANI,3273141002,ANTAPANI TENGAH,32.73.20,ANTAPANI,32.73.20.1004,ANTAPANI TENGAH,0.45,HEKTAR,2022
130,32,JAWA BARAT,3273,KOTA BANDUNG,3273050,ASTANAANYAR,3273050005,CIBADAK,32.73.10,ASTANA ANYAR,32.73.10.1005,CIBADAK,3.301,HEKTAR,2022
131,32,JAWA BARAT,3273,KOTA BANDUNG,3273050,ASTANAANYAR,3273050003,NYENGSERET,32.73.10,ASTANA ANYAR,32.73.10.1002,NYENGSERET,7.08,HEKTAR,2022
132,32,JAWA BARAT,3273,KOTA BANDUNG,3273050,ASTANAANYAR,3273050002,PELINDUNG HEWAN,32.73.10,ASTANA ANYAR,32.73.10.1006,PELINDUNG HEWAN,2.08,HEKTAR,2022
133,32,JAWA BARAT,3273,KOTA BANDUNG,3273020,BABAKAN CIPARAY,3273020005,BABAKAN,32.73.03,BABAKAN CIPARAY,32.73.03.1002,BABAKAN,17.41,HEKTAR,2022
134,32,JAWA BARAT,3273,KOTA BANDUNG,3273020,BABAKAN CIPARAY,3273020004,BABAKAN CIPARAY,32.73.03,BABAKAN CIPARAY,32.73.03.1001,BABAKAN CIPARAY,15.82,HEKTAR,2022
135,32,JAWA BARAT,3273,KOTA BANDUNG,3273020,BABAKAN CIPARAY,3273020002,CIRANGRANG,32.73.03,BABAKAN CIPARAY,32.73.03.1006,CIRANGRANG,6.131,HEKTAR,2022
136,32,JAWA BARAT,3273,KOTA BANDUNG,3273020,BABAKAN CIPARAY,3273020006,SUKAHAJI,32.73.03,BABAKAN CIPARAY,32.73.03.1003,SUKAHAJI,28.95,HEKTAR,2022
137,32,JAWA BARAT,3273,KOTA BANDUNG,3273080,BANDUNG KIDUL,3273080004,KUJANGSARI,32.73.21,BANDUNG KIDUL,32.73.21.1004,KUJANGSARI,3.2,HEKTAR,2022
138,32,JAWA BARAT,3273,KOTA BANDUNG,3273080,BANDUNG KIDUL,3273080001,WATES,32.73.21,BANDUNG KIDUL,32.73.21.1002,WATES,0.97,HEKTAR,2022
139,32,JAWA BARAT,3273,KOTA BANDUNG,3273010,BANDUNG KULON,3273010005,CARINGIN,32.73.15,BANDUNG KULON,32.73.15.1004,CARINGIN,4.393,HEKTAR,2022
140,32,JAWA BARAT,3273,KOTA BANDUNG,3273010,BANDUNG KULON,3273010002,CIGONDEWAH KALER,32.73.15,BANDUNG KULON,32.73.15.1005,CIGONDEWAH KALER,4.67,HEKTAR,2022
141,32,JAWA BARAT,3273,KOTA BANDUNG,3273010,BANDUNG KULON,3273010004,CIGONDEWAH RAHAYU,32.73.15,BANDUNG KULON,32.73.15.1007,CIGONDEWAH RAHAYU,5.69,HEKTAR,2022
142,32,JAWA BARAT,3273,KOTA BANDUNG,3273010,BANDUNG KULON,3273010008,CIJERAH,32.73.15,BANDUNG KULON,32.73.15.1001,CIJERAH,17.528,HEKTAR,2022
143,32,JAWA BARAT,3273,KOTA BANDUNG,3273010,BANDUNG KULON,3273010006,WARUNG MUNCANG,32.73.15,BANDUNG KULON,32.73.15.1003,WARUNG MUNCANG,4.86,HEKTAR,2022
144,32,JAWA BARAT,3273,KOTA BANDUNG,3273160,BATUNUNGGAL,3273160005,CIBANGKONG,32.73.12,BATUNUNGGAL,32.73.12.1003,CIBANGKONG,9.15,HEKTAR,2022
145,32,JAWA BARAT,3273,KOTA BANDUNG,3273160,BATUNUNGGAL,3273160001,GUMURUH,32.73.12,BATUNUNGGAL,32.73.12.1001,GUMURUH,5.17,HEKTAR,2022
146,32,JAWA BARAT,3273,KOTA BANDUNG,3273160,BATUNUNGGAL,3273160006,SAMOJA,32.73.12,BATUNUNGGAL,32.73.12.1007,SAMOJA,0.75,HEKTAR,2022
147,32,JAWA BARAT,3273,KOTA BANDUNG,3273030,BOJONGLOA KALER,3273030003,BABAKAN ASIH,32.73.04,BOJONGLOA KALER,32.73.04.1004,BABAKAN ASIH,10.193,HEKTAR,2022
148,32,JAWA BARAT,3273,KOTA BANDUNG,3273030,BOJONGLOA KALER,3273030004,BABAKAN TAROGONG,32.73.04,BOJONGLOA KALER,32.73.04.1002,BABAKAN TAROGONG,4.98,HEKTAR,2022
149,32,JAWA BARAT,3273,KOTA BANDUNG,3273030,BOJONGLOA KALER,3273030005,JAMIKA,32.73.04,BOJONGLOA KALER,32.73.04.1003,JAMIKA,10.29,HEKTAR,2022
150,32,JAWA BARAT,3273,KOTA BANDUNG,3273030,BOJONGLOA KALER,3273030001,KOPO,32.73.04,BOJONGLOA KALER,32.73.04.1001,KOPO,9.313,HEKTAR,2022
151,32,JAWA BARAT,3273,KOTA BANDUNG,3273030,BOJONGLOA KALER,3273030002,SUKA ASIH,32.73.04,BOJONGLOA KALER,32.73.04.1005,SUKA ASIH,2.901,HEKTAR,2022
152,32,JAWA BARAT,3273,KOTA BANDUNG,3273040,BOJONGLOA KIDUL,3273040004,CIBADUYUT,32.73.17,BOJONGLOA KIDUL,32.73.17.1003,CIBADUYUT,6.17,HEKTAR,2022
153,32,JAWA BARAT,3273,KOTA BANDUNG,3273040,BOJONGLOA KIDUL,3273040001,CIBADUYUT KIDUL,32.73.17,BOJONGLOA KIDUL,32.73.17.1005,CIBADUYUT KIDUL,3.78,HEKTAR,2022
154,32,JAWA BARAT,3273,KOTA BANDUNG,3273040,BOJONGLOA KIDUL,3273040003,MEKAR WANGI,32.73.17,BOJONGLOA KIDUL,32.73.17.1004,MEKARWANGI,2.15,HEKTAR,2022
155,32,JAWA BARAT,3273,KOTA BANDUNG,3273220,CIBEUNYING KALER,3273220004,CIGADUNG,32.73.18,CIBEUNYING KALER,32.73.18.1004,CIGADUNG,0.0,HEKTAR,2022
156,32,JAWA BARAT,3273,KOTA BANDUNG,3273210,CIBEUNYING KIDUL,3273210003,CIKUTRA,32.73.14,CIBEUNYING KIDUL,32.73.14.1002,CIKUTRA,4.46,HEKTAR,2022
157,32,JAWA BARAT,3273,KOTA BANDUNG,3273210,CIBEUNYING KIDUL,3273210005,PASIRLAYUNG,32.73.14,CIBEUNYING KIDUL,32.73.14.1006,PASIRLAYUNG,2.86,HEKTAR,2022
158,32,JAWA BARAT,3273,KOTA BANDUNG,3273190,CICENDO,3273190001,ARJUNA,32.73.06,CICENDO,32.73.06.1002,ARJUNA,3.7,HEKTAR,2022
159,32,JAWA BARAT,3273,KOTA BANDUNG,3273190,CICENDO,3273190005,HUSEN SASTRANEGARA,32.73.06,CICENDO,32.73.06.1001,HUSEN SASTRANEGARA,2.587,HEKTAR,2022
160,32,JAWA BARAT,3273,KOTA BANDUNG,3273190,CICENDO,3273190004,PAJAJARAN,32.73.06,CICENDO,32.73.06.1003,PAJAJARAN,13.35,HEKTAR,2022
161,32,JAWA BARAT,3273,KOTA BANDUNG,3273190,CICENDO,3273190002,PASIRKALIKI,32.73.06,CICENDO,32.73.06.1004,PASIR KALIKI,0.38,HEKTAR,2022
162,32,JAWA BARAT,3273,KOTA BANDUNG,3273190,CICENDO,3273190006,SUKARAJA,32.73.06,CICENDO,32.73.06.1006,SUKARAJA,26.97,HEKTAR,2022
163,32,JAWA BARAT,3273,KOTA BANDUNG,3273260,CIDADAP,3273260002,CIUMBULEUIT,32.73.08,CIDADAP,32.73.08.1002,CIUMBULEUIT,26.53,HEKTAR,2022
164,32,JAWA BARAT,3273,KOTA BANDUNG,3273121,CINAMBO,3273121002,BABAKAN PENGHULU,32.73.29,CINAMBO,32.73.29.1004,BABAKAN PENGHULU,9.8,HEKTAR,2022
165,32,JAWA BARAT,3273,KOTA BANDUNG,3273230,COBLONG,3273230004,SADANG SERANG,32.73.02,COBLONG,32.73.02.1003,SADANGSERANG,6.69,HEKTAR,2022
166,32,JAWA BARAT,3273,KOTA BANDUNG,3273101,GEDEBAGE,3273101003,CISARANTEN KIDUL,32.73.27,GEDEBAGE,32.73.27.1002,CISANTREN KIDUL,5.92,HEKTAR,2022
167,32,JAWA BARAT,3273,KOTA BANDUNG,3273101,GEDEBAGE,3273101001,RANCABOLANG,32.73.27,GEDEBAGE,32.73.27.1003,RANCABOLANG,2.25,HEKTAR,2022
168,32,JAWA BARAT,3273,KOTA BANDUNG,3273150,KIARACONDONG,3273150003,KEBON JAYANTI,32.73.16,KIARACONDONG,32.73.16.1002,KEBON JAYANTI,7.404,HEKTAR,2022
169,32,JAWA BARAT,3273,KOTA BANDUNG,3273150,KIARACONDONG,3273150001,KEBON KANGKUNG,32.73.16,KIARACONDONG,32.73.16.1006,KEBON KANGKUNG,1.65,HEKTAR,2022
170,32,JAWA BARAT,3273,KOTA BANDUNG,3273070,LENGKONG,3273070005,BURANGRANG,32.73.13,LENGKONG,32.73.13.1003,BURANGRANG,4.39,HEKTAR,2022
171,32,JAWA BARAT,3273,KOTA BANDUNG,3273070,LENGKONG,3273070001,CIJAGRA,32.73.13,LENGKONG,32.73.13.1001,CIJAGRA,2.03,HEKTAR,2022
172,32,JAWA BARAT,3273,KOTA BANDUNG,3273070,LENGKONG,3273070006,CIKAWAO,32.73.13,LENGKONG,32.73.13.1007,CIKAWAO,1.51,HEKTAR,2022
173,32,JAWA BARAT,3273,KOTA BANDUNG,3273070,LENGKONG,3273070004,MALABAR,32.73.13,LENGKONG,32.73.13.1006,MALABAR,1.945,HEKTAR,2022
174,32,JAWA BARAT,3273,KOTA BANDUNG,3273070,LENGKONG,3273070002,TURANGGA,32.73.13,LENGKONG,32.73.13.1005,TURANGGA,7.4,HEKTAR,2022
175,32,JAWA BARAT,3273,KOTA BANDUNG,3273111,PANYILEUKAN,3273111004,CIPADUNG KULON,32.73.28,PANYILEUKAN,32.73.28.1001,CIPADUNG KULON,8.81,HEKTAR,2022
176,32,JAWA BARAT,3273,KOTA BANDUNG,3273111,PANYILEUKAN,3273111003,CIPADUNG WETAN,32.73.28,PANYILEUKAN,32.73.28.1003,CIPADUNG WETAN,8.04,HEKTAR,2022
177,32,JAWA BARAT,3273,KOTA BANDUNG,3273060,REGOL,3273060005,CIATEUL,32.73.11,REGOL,32.73.11.1006,CIATEUL,2.895,HEKTAR,2022
178,32,JAWA BARAT,3273,KOTA BANDUNG,3273060,REGOL,3273060001,CISEUREUH,32.73.11,REGOL,32.73.11.1005,CISEUREUH,3.222,HEKTAR,2022
179,32,JAWA BARAT,3273,KOTA BANDUNG,3273060,REGOL,3273060002,PASIRLUYU,32.73.11,REGOL,32.73.11.1007,PASIRLUYU,5.602,HEKTAR,2022
180,32,JAWA BARAT,3273,KOTA BANDUNG,3273240,SUKAJADI,3273240003,SUKABUNGAH,32.73.07,SUKAJADI,32.73.07.1005,SUKABUNGAH,7.31,HEKTAR,2022
181,32,JAWA BARAT,3273,KOTA BANDUNG,3273170,SUMUR BANDUNG,3273170002,KEBON PISANG,32.73.19,SUMUR BANDUNG,32.73.19.1003,KEBON PISANG,0.31,HEKTAR,2022
182,32,JAWA BARAT,3273,KOTA BANDUNG,3273170,SUMUR BANDUNG,3273170003,MERDEKA,32.73.19,SUMUR BANDUNG,32.73.19.1002,MERDEKA,0.2,HEKTAR,2022
183,32,JAWA BARAT,3273,KOTA BANDUNG,3273120,UJUNG BERUNG,3273120003,PASANGGRAHAN,32.73.26,UJUNGBERUNG,32.73.26.1007,PASANGGRAHAN,8.3,HEKTAR,2022
184,32,JAWA BARAT,3273,KOTA BANDUNG,3273120,UJUNG BERUNG,3273120007,PASIR ENDAH,32.73.26,UJUNGBERUNG,32.73.26.1003,PASIR ENDAH,9.21,HEKTAR,2022
185,32,JAWA BARAT,3273,KOTA BANDUNG,3273120,UJUNG BERUNG,3273120005,PASIR WANGI,32.73.26,UJUNGBERUNG,32.73.26.1005,PASIRWANGI,10.987,HEKTAR,2022
186,32,JAWA BARAT,3273,KOTA BANDUNG,3273180,ANDIR,3273180006,KEBON JERUK,32.73.05,ANDIR,32.73.05.1004,KEBON JERUK,0.92,HEKTAR,2023
187,32,JAWA BARAT,3273,KOTA BANDUNG,3273141,ANTAPANI,3273141001,ANTAPANI KIDUL,32.73.20,ANTAPANI,32.73.20.1005,ANTAPANI KIDUL,3.341,HEKTAR,2023
188,32,JAWA BARAT,3273,KOTA BANDUNG,3273141,ANTAPANI,3273141002,ANTAPANI TENGAH,32.73.20,ANTAPANI,32.73.20.1004,ANTAPANI TENGAH,0.45,HEKTAR,2023
189,32,JAWA BARAT,3273,KOTA BANDUNG,3273050,ASTANAANYAR,3273050005,CIBADAK,32.73.10,ASTANA ANYAR,32.73.10.1005,CIBADAK,2.701,HEKTAR,2023
190,32,JAWA BARAT,3273,KOTA BANDUNG,3273050,ASTANAANYAR,3273050003,NYENGSERET,32.73.10,ASTANA ANYAR,32.73.10.1002,NYENGSERET,3.38,HEKTAR,2023
191,32,JAWA BARAT,3273,KOTA BANDUNG,3273050,ASTANAANYAR,3273050002,PELINDUNG HEWAN,32.73.10,ASTANA ANYAR,32.73.10.1006,PELINDUNG HEWAN,1.47,HEKTAR,2023
192,32,JAWA BARAT,3273,KOTA BANDUNG,3273020,BABAKAN CIPARAY,3273020005,BABAKAN,32.73.03,BABAKAN CIPARAY,32.73.03.1002,BABAKAN,14.68,HEKTAR,2023
193,32,JAWA BARAT,3273,KOTA BANDUNG,3273020,BABAKAN CIPARAY,3273020004,BABAKAN CIPARAY,32.73.03,BABAKAN CIPARAY,32.73.03.1001,BABAKAN CIPARAY,15.82,HEKTAR,2023
194,32,JAWA BARAT,3273,KOTA BANDUNG,3273020,BABAKAN CIPARAY,3273020002,CIRANGRANG,32.73.03,BABAKAN CIPARAY,32.73.03.1006,CIRANGRANG,4.271,HEKTAR,2023
195,32,JAWA BARAT,3273,KOTA BANDUNG,3273020,BABAKAN CIPARAY,3273020006,SUKAHAJI,32.73.03,BABAKAN CIPARAY,32.73.03.1003,SUKAHAJI,26.05,HEKTAR,2023
196,32,JAWA BARAT,3273,KOTA BANDUNG,3273080,BANDUNG KIDUL,3273080004,KUJANGSARI,32.73.21,BANDUNG KIDUL,32.73.21.1004,KUJANGSARI,2.8,HEKTAR,2023
197,32,JAWA BARAT,3273,KOTA BANDUNG,3273080,BANDUNG KIDUL,3273080001,WATES,32.73.21,BANDUNG KIDUL,32.73.21.1002,WATES,0.97,HEKTAR,2023
198,32,JAWA BARAT,3273,KOTA BANDUNG,3273010,BANDUNG KULON,3273010005,CARINGIN,32.73.15,BANDUNG KULON,32.73.15.1004,CARINGIN,4.393,HEKTAR,2023
199,32,JAWA BARAT,3273,KOTA BANDUNG,3273010,BANDUNG KULON,3273010002,CIGONDEWAH KALER,32.73.15,BANDUNG KULON,32.73.15.1005,CIGONDEWAH KALER,4.67,HEKTAR,2023
200,32,JAWA BARAT,3273,KOTA BANDUNG,3273010,BANDUNG KULON,3273010004,CIGONDEWAH RAHAYU,32.73.15,BANDUNG KULON,32.73.15.1007,CIGONDEWAH RAHAYU,5.69,HEKTAR,2023
201,32,JAWA BARAT,3273,KOTA BANDUNG,3273010,BANDUNG KULON,3273010008,CIJERAH,32.73.15,BANDUNG KULON,32.73.15.1001,CIJERAH,17.528,HEKTAR,2023
202,32,JAWA BARAT,3273,KOTA BANDUNG,3273010,BANDUNG KULON,3273010006,WARUNG MUNCANG,32.73.15,BANDUNG KULON,32.73.15.1003,WARUNG MUNCANG,4.86,HEKTAR,2023
203,32,JAWA BARAT,3273,KOTA BANDUNG,3273160,BATUNUNGGAL,3273160005,CIBANGKONG,32.73.12,BATUNUNGGAL,32.73.12.1003,CIBANGKONG,5.93,HEKTAR,2023
204,32,JAWA BARAT,3273,KOTA BANDUNG,3273160,BATUNUNGGAL,3273160001,GUMURUH,32.73.12,BATUNUNGGAL,32.73.12.1001,GUMURUH,4.67,HEKTAR,2023
205,32,JAWA BARAT,3273,KOTA BANDUNG,3273160,BATUNUNGGAL,3273160006,SAMOJA,32.73.12,BATUNUNGGAL,32.73.12.1007,SAMOJA,0.75,HEKTAR,2023
206,32,JAWA BARAT,3273,KOTA BANDUNG,3273030,BOJONGLOA KALER,3273030003,BABAKAN ASIH,32.73.04,BOJONGLOA KALER,32.73.04.1004,BABAKAN ASIH,9.933,HEKTAR,2023
207,32,JAWA BARAT,3273,KOTA BANDUNG,3273030,BOJONGLOA KALER,3273030004,BABAKAN TAROGONG,32.73.04,BOJONGLOA KALER,32.73.04.1002,BABAKAN TAROGONG,4.98,HEKTAR,2023
208,32,JAWA BARAT,3273,KOTA BANDUNG,3273030,BOJONGLOA KALER,3273030005,JAMIKA,32.73.04,BOJONGLOA KALER,32.73.04.1003,JAMIKA,10.29,HEKTAR,2023
209,32,JAWA BARAT,3273,KOTA BANDUNG,3273030,BOJONGLOA KALER,3273030001,KOPO,32.73.04,BOJONGLOA KALER,32.73.04.1001,KOPO,9.313,HEKTAR,2023
210,32,JAWA BARAT,3273,KOTA BANDUNG,3273030,BOJONGLOA KALER,3273030002,SUKA ASIH,32.73.04,BOJONGLOA KALER,32.73.04.1005,SUKA ASIH,2.901,HEKTAR,2023
211,32,JAWA BARAT,3273,KOTA BANDUNG,3273040,BOJONGLOA KIDUL,3273040004,CIBADUYUT,32.73.17,BOJONGLOA KIDUL,32.73.17.1003,CIBADUYUT,6.17,HEKTAR,2023
212,32,JAWA BARAT,3273,KOTA BANDUNG,3273040,BOJONGLOA KIDUL,3273040001,CIBADUYUT KIDUL,32.73.17,BOJONGLOA KIDUL,32.73.17.1005,CIBADUYUT KIDUL,3.61,HEKTAR,2023
213,32,JAWA BARAT,3273,KOTA BANDUNG,3273040,BOJONGLOA KIDUL,3273040003,MEKAR WANGI,32.73.17,BOJONGLOA KIDUL,32.73.17.1004,MEKARWANGI,2.15,HEKTAR,2023
214,32,JAWA BARAT,3273,KOTA BANDUNG,3273210,CIBEUNYING KIDUL,3273210003,CIKUTRA,32.73.14,CIBEUNYING KIDUL,32.73.14.1002,CIKUTRA,3.04,HEKTAR,2023
215,32,JAWA BARAT,3273,KOTA BANDUNG,3273210,CIBEUNYING KIDUL,3273210005,PASIRLAYUNG,32.73.14,CIBEUNYING KIDUL,32.73.14.1006,PASIRLAYUNG,1.2,HEKTAR,2023
216,32,JAWA BARAT,3273,KOTA BANDUNG,3273190,CICENDO,3273190001,ARJUNA,32.73.06,CICENDO,32.73.06.1002,ARJUNA,0.0,HEKTAR,2023
217,32,JAWA BARAT,3273,KOTA BANDUNG,3273190,CICENDO,3273190005,HUSEN SASTRANEGARA,32.73.06,CICENDO,32.73.06.1001,HUSEN SASTRANEGARA,0.868,HEKTAR,2023
218,32,JAWA BARAT,3273,KOTA BANDUNG,3273190,CICENDO,3273190004,PAJAJARAN,32.73.06,CICENDO,32.73.06.1003,PAJAJARAN,9.39,HEKTAR,2023
219,32,JAWA BARAT,3273,KOTA BANDUNG,3273190,CICENDO,3273190002,PASIRKALIKI,32.73.06,CICENDO,32.73.06.1004,PASIR KALIKI,0.23,HEKTAR,2023
220,32,JAWA BARAT,3273,KOTA BANDUNG,3273190,CICENDO,3273190006,SUKARAJA,32.73.06,CICENDO,32.73.06.1006,SUKARAJA,20.41,HEKTAR,2023
221,32,JAWA BARAT,3273,KOTA BANDUNG,3273260,CIDADAP,3273260002,CIUMBULEUIT,32.73.08,CIDADAP,32.73.08.1002,CIUMBULEUIT,21.11,HEKTAR,2023
222,32,JAWA BARAT,3273,KOTA BANDUNG,3273121,CINAMBO,3273121002,BABAKAN PENGHULU,32.73.29,CINAMBO,32.73.29.1004,BABAKAN PENGHULU,5.9,HEKTAR,2023
223,32,JAWA BARAT,3273,KOTA BANDUNG,3273230,COBLONG,3273230004,SADANG SERANG,32.73.02,COBLONG,32.73.02.1003,SADANGSERANG,5.06,HEKTAR,2023
224,32,JAWA BARAT,3273,KOTA BANDUNG,3273101,GEDEBAGE,3273101003,CISARANTEN KIDUL,32.73.27,GEDEBAGE,32.73.27.1002,CISANTREN KIDUL,4.61,HEKTAR,2023
225,32,JAWA BARAT,3273,KOTA BANDUNG,3273101,GEDEBAGE,3273101001,RANCABOLANG,32.73.27,GEDEBAGE,32.73.27.1003,RANCABOLANG,2.25,HEKTAR,2023
226,32,JAWA BARAT,3273,KOTA BANDUNG,3273150,KIARACONDONG,3273150003,KEBON JAYANTI,32.73.16,KIARACONDONG,32.73.16.1002,KEBON JAYANTI,6.984,HEKTAR,2023
227,32,JAWA BARAT,3273,KOTA BANDUNG,3273150,KIARACONDONG,3273150001,KEBON KANGKUNG,32.73.16,KIARACONDONG,32.73.16.1006,KEBON KANGKUNG,1.65,HEKTAR,2023
228,32,JAWA BARAT,3273,KOTA BANDUNG,3273070,LENGKONG,3273070005,BURANGRANG,32.73.13,LENGKONG,32.73.13.1003,BURANGRANG,4.39,HEKTAR,2023
229,32,JAWA BARAT,3273,KOTA BANDUNG,3273070,LENGKONG,3273070001,CIJAGRA,32.73.13,LENGKONG,32.73.13.1001,CIJAGRA,2.03,HEKTAR,2023
230,32,JAWA BARAT,3273,KOTA BANDUNG,3273070,LENGKONG,3273070006,CIKAWAO,32.73.13,LENGKONG,32.73.13.1007,CIKAWAO,0.8,HEKTAR,2023
231,32,JAWA BARAT,3273,KOTA BANDUNG,3273070,LENGKONG,3273070004,MALABAR,32.73.13,LENGKONG,32.73.13.1006,MALABAR,1.03,HEKTAR,2023
232,32,JAWA BARAT,3273,KOTA BANDUNG,3273070,LENGKONG,3273070002,TURANGGA,32.73.13,LENGKONG,32.73.13.1005,TURANGGA,4.0,HEKTAR,2023
233,32,JAWA BARAT,3273,KOTA BANDUNG,3273111,PANYILEUKAN,3273111004,CIPADUNG KULON,32.73.28,PANYILEUKAN,32.73.28.1001,CIPADUNG KULON,7.75,HEKTAR,2023
234,32,JAWA BARAT,3273,KOTA BANDUNG,3273111,PANYILEUKAN,3273111003,CIPADUNG WETAN,32.73.28,PANYILEUKAN,32.73.28.1003,CIPADUNG WETAN,7.64,HEKTAR,2023
235,32,JAWA BARAT,3273,KOTA BANDUNG,3273060,REGOL,3273060005,CIATEUL,32.73.11,REGOL,32.73.11.1006,CIATEUL,1.895,HEKTAR,2023
236,32,JAWA BARAT,3273,KOTA BANDUNG,3273060,REGOL,3273060001,CISEUREUH,32.73.11,REGOL,32.73.11.1005,CISEUREUH,3.222,HEKTAR,2023
237,32,JAWA BARAT,3273,KOTA BANDUNG,3273060,REGOL,3273060002,PASIRLUYU,32.73.11,REGOL,32.73.11.1007,PASIRLUYU,5.257,HEKTAR,2023
238,32,JAWA BARAT,3273,KOTA BANDUNG,3273240,SUKAJADI,3273240003,SUKABUNGAH,32.73.07,SUKAJADI,32.73.07.1005,SUKABUNGAH,3.34,HEKTAR,2023
239,32,JAWA BARAT,3273,KOTA BANDUNG,3273170,SUMUR BANDUNG,3273170002,KEBON PISANG,32.73.19,SUMUR BANDUNG,32.73.19.1003,KEBON PISANG,0.31,HEKTAR,2023
240,32,JAWA BARAT,3273,KOTA BANDUNG,3273170,SUMUR BANDUNG,3273170003,MERDEKA,32.73.19,SUMUR BANDUNG,32.73.19.1002,MERDEKA,0.0,HEKTAR,2023
241,32,JAWA BARAT,3273,KOTA BANDUNG,3273120,UJUNG BERUNG,3273120003,PASANGGRAHAN,32.73.26,UJUNGBERUNG,32.73.26.1007,PASANGGRAHAN,5.85,HEKTAR,2023
242,32,JAWA BARAT,3273,KOTA BANDUNG,3273120,UJUNG BERUNG,3273120007,PASIR ENDAH,32.73.26,UJUNGBERUNG,32.73.26.1003,PASIR ENDAH,5.48,HEKTAR,2023
243,32,JAWA BARAT,3273,KOTA BANDUNG,3273120,UJUNG BERUNG,3273120005,PASIR WANGI,32.73.26,UJUNGBERUNG,32.73.26.1005,PASIRWANGI,4.95,HEKTAR,2023
244,32,JAWA BARAT,3273,KOTA BANDUNG,3273180,ANDIR,3273180006,KEBON JERUK,32.73.05,ANDIR,32.73.05.1004,KEBON JERUK,0.92,HEKTAR,2024
245,32,JAWA BARAT,3273,KOTA BANDUNG,3273141,ANTAPANI,3273141001,ANTAPANI KIDUL,32.73.20,ANTAPANI,32.73.20.1005,ANTAPANI KIDUL,2.263,HEKTAR,2024
246,32,JAWA BARAT,3273,KOTA BANDUNG,3273141,ANTAPANI,3273141002,ANTAPANI TENGAH,32.73.20,ANTAPANI,32.73.20.1004,ANTAPANI TENGAH,0.0,HEKTAR,2024
247,32,JAWA BARAT,3273,KOTA BANDUNG,3273050,ASTANAANYAR,3273050005,CIBADAK,32.73.10,ASTANA ANYAR,32.73.10.1005,CIBADAK,2.141,HEKTAR,2024
248,32,JAWA BARAT,3273,KOTA BANDUNG,3273050,ASTANAANYAR,3273050003,NYENGSERET,32.73.10,ASTANA ANYAR,32.73.10.1002,NYENGSERET,0.0,HEKTAR,2024
249,32,JAWA BARAT,3273,KOTA BANDUNG,3273050,ASTANAANYAR,3273050002,PELINDUNG HEWAN,32.73.10,ASTANA ANYAR,32.73.10.1006,PELINDUNG HEWAN,1.47,HEKTAR,2024
250,32,JAWA BARAT,3273,KOTA BANDUNG,3273020,BABAKAN CIPARAY,3273020005,BABAKAN,32.73.03,BABAKAN CIPARAY,32.73.03.1002,BABAKAN,14.68,HEKTAR,2024
251,32,JAWA BARAT,3273,KOTA BANDUNG,3273020,BABAKAN CIPARAY,3273020004,BABAKAN CIPARAY,32.73.03,BABAKAN CIPARAY,32.73.03.1001,BABAKAN CIPARAY,15.08,HEKTAR,2024
252,32,JAWA BARAT,3273,KOTA BANDUNG,3273020,BABAKAN CIPARAY,3273020002,CIRANGRANG,32.73.03,BABAKAN CIPARAY,32.73.03.1006,CIRANGRANG,4.271,HEKTAR,2024
253,32,JAWA BARAT,3273,KOTA BANDUNG,3273020,BABAKAN CIPARAY,3273020006,SUKAHAJI,32.73.03,BABAKAN CIPARAY,32.73.03.1003,SUKAHAJI,26.05,HEKTAR,2024
254,32,JAWA BARAT,3273,KOTA BANDUNG,3273080,BANDUNG KIDUL,3273080004,KUJANGSARI,32.73.21,BANDUNG KIDUL,32.73.21.1004,KUJANGSARI,2.3,HEKTAR,2024
255,32,JAWA BARAT,3273,KOTA BANDUNG,3273080,BANDUNG KIDUL,3273080001,WATES,32.73.21,BANDUNG KIDUL,32.73.21.1002,WATES,0.97,HEKTAR,2024
256,32,JAWA BARAT,3273,KOTA BANDUNG,3273010,BANDUNG KULON,3273010005,CARINGIN,32.73.15,BANDUNG KULON,32.73.15.1004,CARINGIN,4.393,HEKTAR,2024
257,32,JAWA BARAT,3273,KOTA BANDUNG,3273010,BANDUNG KULON,3273010002,CIGONDEWAH KALER,32.73.15,BANDUNG KULON,32.73.15.1005,CIGONDEWAH KALER,2.7,HEKTAR,2024
258,32,JAWA BARAT,3273,KOTA BANDUNG,3273010,BANDUNG KULON,3273010004,CIGONDEWAH RAHAYU,32.73.15,BANDUNG KULON,32.73.15.1007,CIGONDEWAH RAHAYU,5.69,HEKTAR,2024
259,32,JAWA BARAT,3273,KOTA BANDUNG,3273010,BANDUNG KULON,3273010008,CIJERAH,32.73.15,BANDUNG KULON,32.73.15.1001,CIJERAH,15.248,HEKTAR,2024
260,32,JAWA BARAT,3273,KOTA BANDUNG,3273010,BANDUNG KULON,3273010006,WARUNG MUNCANG,32.73.15,BANDUNG KULON,32.73.15.1003,WARUNG MUNCANG,4.86,HEKTAR,2024
261,32,JAWA BARAT,3273,KOTA BANDUNG,3273160,BATUNUNGGAL,3273160005,CIBANGKONG,32.73.12,BATUNUNGGAL,32.73.12.1003,CIBANGKONG,4.18,HEKTAR,2024
262,32,JAWA BARAT,3273,KOTA BANDUNG,3273160,BATUNUNGGAL,3273160001,GUMURUH,32.73.12,BATUNUNGGAL,32.73.12.1001,GUMURUH,4.67,HEKTAR,2024
263,32,JAWA BARAT,3273,KOTA BANDUNG,3273160,BATUNUNGGAL,3273160006,SAMOJA,32.73.12,BATUNUNGGAL,32.73.12.1007,SAMOJA,0.75,HEKTAR,2024
264,32,JAWA BARAT,3273,KOTA BANDUNG,3273030,BOJONGLOA KALER,3273030003,BABAKAN ASIH,32.73.04,BOJONGLOA KALER,32.73.04.1004,BABAKAN ASIH,9.933,HEKTAR,2024
265,32,JAWA BARAT,3273,KOTA BANDUNG,3273030,BOJONGLOA KALER,3273030004,BABAKAN TAROGONG,32.73.04,BOJONGLOA KALER,32.73.04.1002,BABAKAN TAROGONG,4.09,HEKTAR,2024
266,32,JAWA BARAT,3273,KOTA BANDUNG,3273030,BOJONGLOA KALER,3273030005,JAMIKA,32.73.04,BOJONGLOA KALER,32.73.04.1003,JAMIKA,8.93,HEKTAR,2024
267,32,JAWA BARAT,3273,KOTA BANDUNG,3273030,BOJONGLOA KALER,3273030001,KOPO,32.73.04,BOJONGLOA KALER,32.73.04.1001,KOPO,8.963,HEKTAR,2024
268,32,JAWA BARAT,3273,KOTA BANDUNG,3273030,BOJONGLOA KALER,3273030002,SUKA ASIH,32.73.04,BOJONGLOA KALER,32.73.04.1005,SUKA ASIH,2.563,HEKTAR,2024
269,32,JAWA BARAT,3273,KOTA BANDUNG,3273040,BOJONGLOA KIDUL,3273040004,CIBADUYUT,32.73.17,BOJONGLOA KIDUL,32.73.17.1003,CIBADUYUT,4.66,HEKTAR,2024
270,32,JAWA BARAT,3273,KOTA BANDUNG,3273040,BOJONGLOA KIDUL,3273040001,CIBADUYUT KIDUL,32.73.17,BOJONGLOA KIDUL,32.73.17.1005,CIBADUYUT KIDUL,2.9,HEKTAR,2024
271,32,JAWA BARAT,3273,KOTA BANDUNG,3273040,BOJONGLOA KIDUL,3273040003,MEKAR WANGI,32.73.17,BOJONGLOA KIDUL,32.73.17.1004,MEKARWANGI,2.15,HEKTAR,2024
272,32,JAWA BARAT,3273,KOTA BANDUNG,3273210,CIBEUNYING KIDUL,3273210003,CIKUTRA,32.73.14,CIBEUNYING KIDUL,32.73.14.1002,CIKUTRA,1.44,HEKTAR,2024
273,32,JAWA BARAT,3273,KOTA BANDUNG,3273210,CIBEUNYING KIDUL,3273210005,PASIRLAYUNG,32.73.14,CIBEUNYING KIDUL,32.73.14.1006,PASIRLAYUNG,0.5,HEKTAR,2024
274,32,JAWA BARAT,3273,KOTA BANDUNG,3273190,CICENDO,3273190001,ARJUNA,32.73.06,CICENDO,32.73.06.1002,ARJUNA,0.0,HEKTAR,2024
275,32,JAWA BARAT,3273,KOTA BANDUNG,3273190,CICENDO,3273190005,HUSEN SASTRANEGARA,32.73.06,CICENDO,32.73.06.1001,HUSEN SASTRANEGARA,0.469,HEKTAR,2024
276,32,JAWA BARAT,3273,KOTA BANDUNG,3273190,CICENDO,3273190004,PAJAJARAN,32.73.06,CICENDO,32.73.06.1003,PAJAJARAN,8.05,HEKTAR,2024
277,32,JAWA BARAT,3273,KOTA BANDUNG,3273190,CICENDO,3273190002,PASIRKALIKI,32.73.06,CICENDO,32.73.06.1004,PASIR KALIKI,0.23,HEKTAR,2024
278,32,JAWA BARAT,3273,KOTA BANDUNG,3273190,CICENDO,3273190006,SUKARAJA,32.73.06,CICENDO,32.73.06.1006,SUKARAJA,20.41,HEKTAR,2024
279,32,JAWA BARAT,3273,KOTA BANDUNG,3273260,CIDADAP,3273260002,CIUMBULEUIT,32.73.08,CIDADAP,32.73.08.1002,CIUMBULEUIT,18.12,HEKTAR,2024
280,32,JAWA BARAT,3273,KOTA BANDUNG,3273121,CINAMBO,3273121002,BABAKAN PENGHULU,32.73.29,CINAMBO,32.73.29.1004,BABAKAN PENGHULU,3.9,HEKTAR,2024
281,32,JAWA BARAT,3273,KOTA BANDUNG,3273230,COBLONG,3273230004,SADANG SERANG,32.73.02,COBLONG,32.73.02.1003,SADANGSERANG,5.06,HEKTAR,2024
282,32,JAWA BARAT,3273,KOTA BANDUNG,3273101,GEDEBAGE,3273101003,CISARANTEN KIDUL,32.73.27,GEDEBAGE,32.73.27.1002,CISANTREN KIDUL,4.13,HEKTAR,2024
283,32,JAWA BARAT,3273,KOTA BANDUNG,3273101,GEDEBAGE,3273101001,RANCABOLANG,32.73.27,GEDEBAGE,32.73.27.1003,RANCABOLANG,1.43,HEKTAR,2024
284,32,JAWA BARAT,3273,KOTA BANDUNG,3273150,KIARACONDONG,3273150003,KEBON JAYANTI,32.73.16,KIARACONDONG,32.73.16.1002,KEBON JAYANTI,6.884,HEKTAR,2024
285,32,JAWA BARAT,3273,KOTA BANDUNG,3273150,KIARACONDONG,3273150001,KEBON KANGKUNG,32.73.16,KIARACONDONG,32.73.16.1006,KEBON KANGKUNG,1.25,HEKTAR,2024
286,32,JAWA BARAT,3273,KOTA BANDUNG,3273070,LENGKONG,3273070005,BURANGRANG,32.73.13,LENGKONG,32.73.13.1003,BURANGRANG,2.79,HEKTAR,2024
287,32,JAWA BARAT,3273,KOTA BANDUNG,3273070,LENGKONG,3273070001,CIJAGRA,32.73.13,LENGKONG,32.73.13.1001,CIJAGRA,2.03,HEKTAR,2024
288,32,JAWA BARAT,3273,KOTA BANDUNG,3273070,LENGKONG,3273070006,CIKAWAO,32.73.13,LENGKONG,32.73.13.1007,CIKAWAO,0.19,HEKTAR,2024
289,32,JAWA BARAT,3273,KOTA BANDUNG,3273070,LENGKONG,3273070004,MALABAR,32.73.13,LENGKONG,32.73.13.1006,MALABAR,1.03,HEKTAR,2024
290,32,JAWA BARAT,3273,KOTA BANDUNG,3273070,LENGKONG,3273070002,TURANGGA,32.73.13,LENGKONG,32.73.13.1005,TURANGGA,4.0,HEKTAR,2024
291,32,JAWA BARAT,3273,KOTA BANDUNG,3273111,PANYILEUKAN,3273111004,CIPADUNG KULON,32.73.28,PANYILEUKAN,32.73.28.1001,CIPADUNG KULON,7.35,HEKTAR,2024
292,32,JAWA BARAT,3273,KOTA BANDUNG,3273111,PANYILEUKAN,3273111003,CIPADUNG WETAN,32.73.28,PANYILEUKAN,32.73.28.1003,CIPADUNG WETAN,1.85,HEKTAR,2024
293,32,JAWA BARAT,3273,KOTA BANDUNG,3273060,REGOL,3273060005,CIATEUL,32.73.11,REGOL,32.73.11.1006,CIATEUL,1.895,HEKTAR,2024
294,32,JAWA BARAT,3273,KOTA BANDUNG,3273060,REGOL,3273060001,CISEUREUH,32.73.11,REGOL,32.73.11.1005,CISEUREUH,3.222,HEKTAR,2024
295,32,JAWA BARAT,3273,KOTA BANDUNG,3273060,REGOL,3273060002,PASIRLUYU,32.73.11,REGOL,32.73.11.1007,PASIRLUYU,4.55,HEKTAR,2024
296,32,JAWA BARAT,3273,KOTA BANDUNG,3273240,SUKAJADI,3273240003,SUKABUNGAH,32.73.07,SUKAJADI,32.73.07.1005,SUKABUNGAH,3.34,HEKTAR,2024
297,32,JAWA BARAT,3273,KOTA BANDUNG,3273170,SUMUR BANDUNG,3273170002,KEBON PISANG,32.73.19,SUMUR BANDUNG,32.73.19.1003,KEBON PISANG,0.31,HEKTAR,2024
298,32,JAWA BARAT,3273,KOTA BANDUNG,3273170,SUMUR BANDUNG,3273170003,MERDEKA,32.73.19,SUMUR BANDUNG,32.73.19.1002,MERDEKA,0.0,HEKTAR,2024
299,32,JAWA BARAT,3273,KOTA BANDUNG,3273120,UJUNG BERUNG,3273120003,PASANGGRAHAN,32.73.26,UJUNGBERUNG,32.73.26.1007,PASANGGRAHAN,1.954,HEKTAR,2024
300,32,JAWA BARAT,3273,KOTA BANDUNG,3273120,UJUNG BERUNG,3273120007,PASIR ENDAH,32.73.26,UJUNGBERUNG,32.73.26.1003,PASIR ENDAH,5.48,HEKTAR,2024
301,32,JAWA BARAT,3273,KOTA BANDUNG,3273120,UJUNG BERUNG,3273120005,PASIR WANGI,32.73.26,UJUNGBERUNG,32.73.26.1005,PASIRWANGI,0.8,HEKTAR,2024
